algorithm,unit,scenario,complete,full_calendar_days,completed_minutes,required_minutes,terminal_cash,net_PnL_USDT,net_return_percent,minute_MDD,all_observation_MDD,daily_volatility,realized_mean_gross,realized_mean_net,BTC_beta,fees_USDT,execution_cost_USDT,funding_USDT,turnover_USDT,liquidation_count,risk_reduction_signals,audit_NAV_error,audit_wallet_error,seconds
CASH,RAW_AS_FRACTION,BASE27,True,365,525600,525600,True,0.0,0.0,0.0,0.0,0.0,0.0,0.0,0.0,0.0,0.0,0.0,0.0,0,0,0.0,0.0,107.9329822063446
CASH,RAW_AS_PERCENT,BASE27,True,365,525600,525600,True,0.0,0.0,0.0,0.0,0.0,0.0,0.0,0.0,0.0,0.0,0.0,0.0,0,0,0.0,0.0,78.98199701309204
FAMILY_EW,RAW_AS_FRACTION,BASE27,True,365,525600,525600,True,749.1986796571749,7.49198679657175,0.04247908122551036,0.04247908122551036,0.05274007388755154,0.11421428325438866,0.11421428325438866,0.11363414396001557,10.590792552958167,15.405354799064,-108.60380556680292,19255.98645992394,0,0,1.8189894035458565e-12,1.8189894035458565e-12,103.87667942047119
FAMILY_EW,RAW_AS_FRACTION,EXECUTION_X2,True,365,525600,525600,True,722.3766892674435,7.223766892674434,0.04365275234811217,0.04365275234811217,0.052753711592433285,0.114215293142269,0.114215293142269,0.1136814922730277,21.1552846747056,30.7735830243184,-108.45268922653251,19232.07697700509,0,0,1.8189894035458565e-12,1.8189894035458565e-12,134.88242936134338
FAMILY_EW,RAW_AS_FRACTION,FUNDING_ADVERSE,True,365,525600,525600,True,635.9536636319049,6.359536636319048,0.046103801063250294,0.046103801063250294,0.05275067244067261,0.1142178398824326,0.1142178398824326,0.11367105073224673,10.542967848503027,15.3357895711456,-218.80771434244656,19169.032451823685,0,0,1.8189894035458565e-12,1.8189894035458565e-12,101.17622685432434
FAMILY_EW,RAW_AS_PERCENT,BASE27,True,365,525600,525600,True,859.6187001459318,8.596187001459318,0.03901300274115216,0.03901300274115216,0.05274007888473487,0.11421081818585957,0.11421081818585957,0.11360593492655922,10.637054882568027,15.47264739398,-1.0915821765201064,19340.09978648732,0,0,1.8189894035458565e-12,1.8189894035458565e-12,95.44574069976807
FAMILY_EW,RAW_AS_PERCENT,EXECUTION_X2,True,365,525600,525600,True,832.5275400458819,8.32527540045882,0.04019093876734148,0.04019093876734148,0.05275362917199603,0.11421182972648364,0.11421182972648364,0.11365329627824985,21.247664416525737,30.9079612762256,-1.0900611723667908,19316.05856047794,0,0,1.8189894035458565e-12,1.8189894035458565e-12,132.59770584106445
FAMILY_EW,RAW_AS_PERCENT,FUNDING_ADVERSE,True,365,525600,525600,True,858.4687492746511,8.584687492746513,0.03904944777764818,0.03904944777764818,0.052740108277579544,0.11421085476730246,0.11421085476730246,0.11360630209942564,10.636574859939186,15.471949158792,-2.210750146617724,19339.227018071248,0,0,1.8189894035458565e-12,1.8189894035458565e-12,94.10759234428406
FIXED_SHARE,RAW_AS_FRACTION,BASE27,True,365,525600,525600,True,762.9757377352294,7.629757377352293,0.04672102344464535,0.04672102344464535,0.05907972300503048,0.12790643484477646,0.12790643484477646,0.12715293203588512,13.231562581828518,19.2464963057544,-121.88342526618771,24057.386512415487,0,0,1.8189894035458565e-12,1.8189894035458565e-12,136.86014652252197
FIXED_SHARE,RAW_AS_FRACTION,EXECUTION_X2,True,365,525600,525600,True,729.3272250478883,7.293272250478884,0.048199186289309304,0.048199186289309304,0.059084659280738916,0.12790749845929594,0.12790749845929594,0.12717285393825664,26.421817143661425,38.4340786142352,-121.67121173721509,24019.83376696493,0,0,1.8189894035458565e-12,1.8189894035458565e-12,140.76145362854004
FIXED_SHARE,RAW_AS_FRACTION,FUNDING_ADVERSE,True,365,525600,525600,True,635.5417093077816,6.355417093077817,0.050717126364925424,0.050717126364925424,0.05909467178771214,0.12790942266268207,0.12790942266268207,0.12720596765949532,13.164161314440808,19.1484555246136,-245.46097167616404,23934.83875352874,0,0,1.8189894035458565e-12,1.8189894035458565e-12,129.57062697410583
FIXED_SHARE,RAW_AS_PERCENT,BASE27,True,365,525600,525600,True,904.0896267717684,9.040896267717685,0.04319822535221318,0.04319822535221318,0.05969369069720873,0.12944473084924632,0.12944473084924632,0.12855736356090539,13.376813743703181,19.45778405228,-1.2399557042483746,24321.479534005783,0,0,1.8189894035458565e-12,1.8189894035458565e-12,140.61101746559143
FIXED_SHARE,RAW_AS_PERCENT,EXECUTION_X2,True,365,525600,525600,True,869.8377535199319,8.698377535199318,0.04468865435432334,0.04468865435432334,0.059699149081893256,0.1294457966759582,0.1294457966759582,0.12857845346885735,26.711520268801905,38.8555181959776,-1.2377834092886377,24283.20024436537,0,0,1.8189894035458565e-12,1.8189894035458565e-12,140.8848888874054
FIXED_SHARE,RAW_AS_PERCENT,FUNDING_ADVERSE,True,365,525600,525600,True,902.7773408496139,9.027773408496138,0.043238778350775164,0.043238778350775164,0.05969375363143192,0.12944475916967574,0.12944475916967574,0.12855789331543263,13.376120747780195,19.4567760315224,-2.5122429480834993,24320.219541418537,0,0,1.8189894035458565e-12,1.8189894035458565e-12,118.34203934669495
HEDGE,RAW_AS_FRACTION,BASE27,True,365,525600,525600,True,239.53595052407192,2.395359505240719,0.054406463801504046,0.054406463801504046,0.0592979368339575,0.13374131518476487,0.10873495136879906,0.11295488192051095,17.291291975439567,25.1512227806352,-112.76300547985332,31438.71268261739,0,0,1.8189894035458565e-12,1.8189894035458565e-12,94.77265214920044
HEDGE,RAW_AS_FRACTION,EXECUTION_X2,True,365,525600,525600,True,195.8305536397191,1.958305536397191,0.056607695002722336,0.056607695002722336,0.05930642906069354,0.13374280977271896,0.10873579989976737,0.11304028403176307,34.51051763817979,50.198122687736,-112.4776462093651,31373.19785289072,0,0,1.8189894035458565e-12,1.8189894035458565e-12,140.8955717086792
HEDGE,RAW_AS_FRACTION,FUNDING_ADVERSE,True,365,525600,525600,True,116.91900485802769,1.1691900485802769,0.058706716039860996,0.058706716039860996,0.05931014707149478,0.13374442139711953,0.10873797223819653,0.11302441166524733,17.206250093287963,25.0275236048584,-232.63143096282593,31284.091078705384,0,0,1.8189894035458565e-12,1.8189894035458565e-12,100.94832921028137
HEDGE,RAW_AS_PERCENT,BASE27,True,365,525600,525600,True,399.4475151448643,3.994475151448643,0.05033607153280717,0.05033607153280717,0.05999272641728143,0.13369834345562803,0.11202752152336257,0.11541057455467672,17.360753466069447,25.2522887030216,-1.160483377044655,31565.006301944446,0,0,1.8189894035458565e-12,1.8189894035458565e-12,140.73509526252747
HEDGE,RAW_AS_PERCENT,EXECUTION_X2,True,365,525600,525600,True,355.1749461698824,3.5517494616988237,0.052561243565584004,0.052561243565584004,0.060004099164802156,0.1336997960902974,0.11202841254462044,0.11549697019446166,34.649012022897686,50.3996928782704,-1.1575496199495015,31499.101838997893,0,0,1.8189894035458565e-12,1.8189894035458565e-12,102.08548736572266
HEDGE,RAW_AS_PERCENT,FUNDING_ADVERSE,True,365,525600,525600,True,398.1786306275424,3.9817863062754246,0.050379477956919994,0.050379477956919994,0.059992746746810446,0.13369837229948073,0.11202754968394187,0.11541127711154275,17.359878036207057,25.2510153297896,-2.3991653094609444,31563.414611285556,0,0,1.8189894035458565e-12,1.8189894035458565e-12,140.1826844215393
SMA200_SIGNED,RAW_AS_FRACTION,BASE27,True,365,525600,525600,True,440.77243803171007,4.4077243803171005,0.09686232856973809,0.09686232856973809,0.10421353142522953,0.23758272379653905,0.12671578170572068,0.1619268522128955,29.00946654904372,42.196015693772,-156.75031729647424,52744.48463462494,0,73,1.8189894035458565e-12,1.8189894035458565e-12,123.7092878818512
SMA200_SIGNED,RAW_AS_PERCENT,BASE27,True,365,525600,525600,True,601.2523082652558,6.0125230826525575,0.09537123129096003,0.09537123129096003,0.10428235571529171,0.2375755801450236,0.12670754258970376,0.16186801869937273,29.200064384403998,42.4732526060552,-1.5795087272849913,53091.02615346181,0,73,1.8189894035458565e-12,1.8189894035458565e-12,141.36450719833374
STATIC_TRAIN_FROZEN,RAW_AS_FRACTION,BASE27,True,365,525600,525600,True,440.77243803171007,4.4077243803171005,0.09686232856973809,0.09686232856973809,0.10421353142522953,0.23758272379653905,0.12671578170572068,0.1619268522128955,29.00946654904372,42.196015693772,-156.75031729647424,52744.48463462494,0,73,1.8189894035458565e-12,1.8189894035458565e-12,135.599951505661
STATIC_TRAIN_FROZEN,RAW_AS_FRACTION,EXECUTION_X2,True,365,525600,525600,True,366.0289983515495,3.6602899835154954,0.09941387942661295,0.09941387942661295,0.10407543666007534,0.23758048049600342,0.12671117160549802,0.16203036010956617,57.91613400438957,84.2433500931728,-156.12098728588813,52651.03091308143,0,75,1.8189894035458565e-12,1.8189894035458565e-12,110.46268796920776
STATIC_TRAIN_FROZEN,RAW_AS_FRACTION,FUNDING_ADVERSE,True,365,525600,525600,True,250.56795766862476,2.505679576686248,0.09981365399085074,0.09981365399085074,0.10420627603406633,0.2375896782141601,0.1267218657338982,0.16195419058803384,28.79173428586808,41.8793091361344,-339.5455996333728,52348.60779248742,0,74,1.8189894035458565e-12,1.8189894035458565e-12,140.68055939674377
STATIC_TRAIN_FROZEN,RAW_AS_PERCENT,BASE27,True,365,525600,525600,True,601.2523082652558,6.0125230826525575,0.09537123129096003,0.09537123129096003,0.10428235571529171,0.2375755801450236,0.12670754258970376,0.16186801869937273,29.200064384403998,42.4732526060552,-1.5795087272849913,53091.02615346181,0,73,1.8189894035458565e-12,1.8189894035458565e-12,141.80329394340515
STATIC_TRAIN_FROZEN,RAW_AS_PERCENT,EXECUTION_X2,True,365,525600,525600,True,525.3853379411207,5.253853379411208,0.0979267283650892,0.0979267283650892,0.10414504752629365,0.2375733204033316,0.1267029157087886,0.16197163465412198,58.296399301690194,84.7964779521488,-1.5731553200402946,52996.726637900174,0,75,1.8189894035458565e-12,1.8189894035458565e-12,118.14668130874634
STATIC_TRAIN_FROZEN,RAW_AS_PERCENT,FUNDING_ADVERSE,True,365,525600,525600,True,599.3017252412565,5.993017252412565,0.09540081773839282,0.09540081773839282,0.10428218725506004,0.23757567155971374,0.12670762517184533,0.1618682876196666,29.197674266799233,42.4697760181608,-3.4528388307835387,53086.68048508951,0,73,1.8189894035458565e-12,1.8189894035458565e-12,106.25868630409241
