panel,condition,episode_id,first_date,last_date,days
fresh_paid_daily,short_positive,0,2022-01-03,2022-01-08,6
fresh_paid_daily,short_positive,0,2022-01-10,2022-01-10,1
fresh_paid_daily,short_positive,0,2022-01-13,2022-01-13,1
fresh_paid_daily,short_positive,0,2022-01-17,2022-01-22,6
fresh_paid_daily,short_positive,0,2022-01-24,2022-01-24,1
fresh_paid_daily,short_positive,0,2022-01-26,2022-01-27,2
fresh_paid_daily,short_positive,0,2022-01-30,2022-01-30,1
fresh_paid_daily,short_positive,0,2022-02-02,2022-02-02,1
fresh_paid_daily,short_positive,0,2022-02-08,2022-02-08,1
fresh_paid_daily,short_positive,0,2022-02-10,2022-02-11,2
fresh_paid_daily,short_positive,0,2022-02-13,2022-02-13,1
fresh_paid_daily,short_positive,0,2022-02-16,2022-02-18,3
fresh_paid_daily,short_positive,0,2022-02-20,2022-02-21,2
fresh_paid_daily,short_positive,0,2022-02-23,2022-02-23,1
fresh_paid_daily,short_positive,1,2022-05-05,2022-05-09,5
fresh_paid_daily,short_positive,1,2022-05-11,2022-05-12,2
fresh_paid_daily,short_positive,1,2022-05-16,2022-05-16,1
fresh_paid_daily,short_positive,1,2022-05-18,2022-05-18,1
fresh_paid_daily,short_positive,1,2022-05-20,2022-05-20,1
fresh_paid_daily,short_positive,1,2022-05-23,2022-05-23,1
fresh_paid_daily,short_positive,1,2022-05-25,2022-05-27,3
fresh_paid_daily,short_positive,1,2022-05-31,2022-06-01,2
fresh_paid_daily,short_positive,1,2022-06-03,2022-06-03,1
fresh_paid_daily,short_positive,1,2022-06-07,2022-06-08,2
fresh_paid_daily,short_positive,1,2022-06-10,2022-06-13,4
fresh_paid_daily,short_positive,1,2022-06-16,2022-06-16,1
fresh_paid_daily,short_positive,1,2022-06-18,2022-06-18,1
fresh_paid_daily,short_positive,1,2022-06-22,2022-06-22,1
fresh_paid_daily,short_positive,1,2022-06-27,2022-06-28,2
fresh_paid_daily,short_positive,1,2022-06-30,2022-07-01,2
fresh_paid_daily,short_positive,1,2022-07-05,2022-07-05,1
fresh_paid_daily,short_positive,1,2022-07-08,2022-07-08,1
fresh_paid_daily,short_positive,1,2022-07-10,2022-07-12,3
fresh_paid_daily,short_positive,2,2022-08-03,2022-08-03,1
fresh_paid_daily,short_positive,2,2022-08-19,2022-08-19,1
fresh_paid_daily,short_positive,2,2022-08-22,2022-08-22,1
fresh_paid_daily,short_positive,2,2022-08-24,2022-08-24,1
fresh_paid_daily,short_positive,2,2022-08-27,2022-08-28,2
fresh_paid_daily,short_positive,2,2022-08-30,2022-08-30,1
fresh_paid_daily,short_positive,2,2022-09-02,2022-09-02,1
fresh_paid_daily,short_positive,2,2022-09-06,2022-09-06,1
fresh_paid_daily,short_positive,2,2022-09-11,2022-09-11,1
fresh_paid_daily,short_positive,2,2022-09-13,2022-09-13,1
fresh_paid_daily,short_positive,2,2022-09-15,2022-09-15,1
fresh_paid_daily,short_positive,2,2022-09-18,2022-09-18,1
fresh_paid_daily,short_positive,2,2022-09-20,2022-09-21,2
fresh_paid_daily,short_positive,2,2022-09-24,2022-09-25,2
fresh_paid_daily,short_positive,2,2022-09-27,2022-09-27,1
fresh_paid_daily,short_positive,2,2022-10-01,2022-10-01,1
fresh_paid_daily,short_positive,3,2022-10-05,2022-10-05,1
fresh_paid_daily,short_positive,3,2022-10-07,2022-10-08,2
fresh_paid_daily,short_positive,3,2022-10-10,2022-10-10,1
fresh_paid_daily,short_positive,3,2022-10-14,2022-10-15,2
fresh_paid_daily,short_positive,3,2022-10-18,2022-10-20,3
fresh_paid_daily,short_positive,3,2022-10-22,2022-10-22,1
fresh_paid_daily,short_positive,3,2022-10-24,2022-10-24,1
fresh_paid_daily,short_positive,3,2022-10-27,2022-10-27,1
fresh_paid_daily,short_positive,3,2022-10-30,2022-10-30,1
fresh_paid_daily,short_positive,3,2022-11-06,2022-11-09,4
fresh_paid_daily,short_positive,3,2022-11-11,2022-11-13,3
fresh_paid_daily,short_positive,3,2022-11-16,2022-11-17,2
fresh_paid_daily,short_positive,3,2022-11-19,2022-11-21,3
fresh_paid_daily,short_positive,3,2022-11-25,2022-11-28,4
fresh_paid_daily,short_positive,3,2022-12-01,2022-12-01,1
fresh_paid_daily,short_positive,3,2022-12-03,2022-12-03,1
fresh_paid_daily,short_positive,3,2022-12-05,2022-12-05,1
fresh_paid_daily,short_positive,3,2022-12-07,2022-12-07,1
fresh_paid_daily,short_positive,3,2022-12-09,2022-12-09,1
fresh_paid_daily,short_positive,3,2022-12-11,2022-12-11,1
fresh_paid_daily,short_positive,3,2022-12-16,2022-12-16,1
fresh_paid_daily,short_positive,3,2022-12-18,2022-12-19,2
fresh_paid_daily,short_positive,3,2022-12-21,2022-12-21,1
fresh_paid_daily,short_positive,3,2022-12-24,2022-12-25,2
fresh_paid_daily,short_positive,3,2022-12-27,2022-12-29,3
fresh_paid_daily,short_positive,3,2023-01-05,2023-01-05,1
fresh_paid_daily,short_positive,3,2023-01-07,2023-01-07,1
fresh_paid_daily,short_positive,3,2023-02-13,2023-02-13,1
fresh_paid_daily,short_positive,3,2023-02-21,2023-02-21,1
fresh_paid_daily,short_positive,3,2023-02-23,2023-02-23,1
fresh_paid_daily,short_positive,4,2023-02-25,2023-02-25,1
fresh_paid_daily,short_positive,4,2023-02-27,2023-02-28,2
fresh_paid_daily,short_positive,4,2023-03-02,2023-03-05,4
fresh_paid_daily,short_positive,4,2023-03-08,2023-03-09,2
fresh_paid_daily,short_positive,4,2023-03-15,2023-03-15,1
fresh_paid_daily,short_positive,4,2023-03-18,2023-03-18,1
fresh_paid_daily,short_positive,4,2023-03-20,2023-03-20,1
fresh_paid_daily,short_positive,4,2023-03-22,2023-03-22,1
fresh_paid_daily,short_positive,4,2023-03-24,2023-03-25,2
fresh_paid_daily,short_positive,4,2023-03-27,2023-03-27,1
fresh_paid_daily,short_positive,4,2023-03-30,2023-03-30,1
fresh_paid_daily,short_positive,4,2023-04-02,2023-04-02,1
fresh_paid_daily,short_positive,4,2023-04-21,2023-04-21,1
fresh_paid_daily,short_positive,4,2023-04-23,2023-04-23,1
fresh_paid_daily,short_positive,4,2023-04-30,2023-05-01,2
fresh_paid_daily,short_positive,4,2023-05-04,2023-05-04,1
fresh_paid_daily,short_positive,4,2023-05-06,2023-05-08,3
fresh_paid_daily,short_positive,4,2023-05-11,2023-05-11,1
fresh_paid_daily,short_positive,4,2023-05-13,2023-05-13,1
fresh_paid_daily,short_positive,4,2023-05-18,2023-05-18,1
fresh_paid_daily,short_positive,4,2023-05-21,2023-05-21,1
fresh_paid_daily,short_positive,4,2023-05-24,2023-05-24,1
fresh_paid_daily,short_positive,4,2023-05-29,2023-05-29,1
fresh_paid_daily,short_positive,4,2023-05-31,2023-06-01,2
fresh_paid_daily,short_positive,4,2023-06-03,2023-06-03,1
fresh_paid_daily,short_positive,4,2023-06-05,2023-06-05,1
fresh_paid_daily,short_positive,4,2023-06-07,2023-06-07,1
fresh_paid_daily,short_positive,4,2023-06-09,2023-06-10,2
fresh_paid_daily,short_positive,4,2023-06-12,2023-06-12,1
fresh_paid_daily,short_positive,4,2023-06-14,2023-06-14,1
fresh_paid_daily,short_positive,4,2023-06-18,2023-06-18,1
fresh_paid_daily,short_positive,4,2023-06-22,2023-06-22,1
fresh_paid_daily,short_positive,4,2023-06-24,2023-06-24,1
fresh_paid_daily,short_positive,4,2023-06-26,2023-06-26,1
fresh_paid_daily,short_positive,4,2023-06-28,2023-06-28,1
fresh_paid_daily,short_positive,4,2023-07-05,2023-07-05,1
fresh_paid_daily,short_positive,4,2023-07-09,2023-07-09,1
fresh_paid_daily,short_positive,4,2023-07-11,2023-07-12,2
fresh_paid_daily,short_positive,4,2023-07-22,2023-07-22,1
fresh_paid_daily,short_positive,4,2023-07-24,2023-07-24,1
fresh_paid_daily,short_positive,4,2023-07-27,2023-07-27,1
fresh_paid_daily,short_positive,4,2023-08-02,2023-08-02,1
fresh_paid_daily,short_positive,4,2023-08-04,2023-08-04,1
fresh_paid_daily,short_positive,4,2023-08-09,2023-08-10,2
fresh_paid_daily,short_positive,4,2023-08-13,2023-08-13,1
fresh_paid_daily,short_positive,4,2023-08-15,2023-08-17,3
fresh_paid_daily,short_positive,4,2023-08-21,2023-08-22,2
fresh_paid_daily,short_positive,4,2023-08-24,2023-08-26,3
fresh_paid_daily,short_positive,4,2023-08-30,2023-09-01,3
fresh_paid_daily,short_positive,4,2023-09-06,2023-09-06,1
fresh_paid_daily,short_positive,4,2023-09-08,2023-09-11,4
fresh_paid_daily,short_positive,4,2023-09-16,2023-09-17,2
fresh_paid_daily,short_positive,4,2023-09-21,2023-09-21,1
fresh_paid_daily,short_positive,4,2023-09-24,2023-09-24,1
fresh_paid_daily,short_positive,4,2023-09-26,2023-09-26,1
fresh_paid_daily,short_positive,4,2023-10-02,2023-10-03,2
fresh_paid_daily,short_positive,4,2023-10-05,2023-10-05,1
fresh_paid_daily,short_positive,4,2023-10-08,2023-10-12,5
fresh_paid_daily,short_positive,4,2023-10-15,2023-10-15,1
fresh_paid_daily,short_positive,4,2023-10-17,2023-10-18,2
fresh_paid_daily,short_positive,4,2023-12-09,2023-12-09,1
fresh_paid_daily,short_positive,4,2023-12-24,2023-12-24,1
fresh_paid_daily,short_positive,4,2024-01-05,2024-01-07,3
fresh_paid_daily,short_positive,4,2024-01-09,2024-01-09,1
fresh_paid_daily,short_positive,4,2024-01-12,2024-01-12,1
fresh_paid_daily,short_positive,4,2024-01-14,2024-01-14,1
fresh_paid_daily,short_positive,4,2024-01-17,2024-01-18,2
fresh_paid_daily,short_positive,4,2024-01-21,2024-01-23,3
fresh_paid_daily,short_positive,4,2024-01-25,2024-01-25,1
fresh_paid_daily,short_positive,4,2024-01-28,2024-01-28,1
fresh_paid_daily,short_positive,4,2024-01-30,2024-01-31,2
fresh_paid_daily,short_positive,4,2024-02-04,2024-02-04,1
fresh_paid_daily,short_positive,4,2024-02-13,2024-02-13,1
fresh_paid_daily,short_positive,4,2024-02-17,2024-02-17,1
fresh_paid_daily,short_positive,4,2024-04-02,2024-04-03,2
fresh_paid_daily,short_positive,4,2024-04-09,2024-04-09,1
fresh_paid_daily,short_positive,4,2024-04-11,2024-04-13,3
fresh_paid_daily,short_positive,4,2024-04-15,2024-04-17,3
fresh_paid_daily,short_positive,4,2024-04-21,2024-04-21,1
fresh_paid_daily,short_positive,4,2024-04-23,2024-04-24,2
fresh_paid_daily,short_positive,4,2024-04-26,2024-04-26,1
fresh_paid_daily,short_positive,4,2024-04-28,2024-04-28,1
fresh_paid_daily,short_positive_beats_both,0,2022-01-03,2022-01-05,3
fresh_paid_daily,short_positive_beats_both,0,2022-01-07,2022-01-08,2
fresh_paid_daily,short_positive_beats_both,0,2022-01-13,2022-01-13,1
fresh_paid_daily,short_positive_beats_both,0,2022-01-17,2022-01-21,5
fresh_paid_daily,short_positive_beats_both,0,2022-01-30,2022-01-30,1
fresh_paid_daily,short_positive_beats_both,0,2022-02-02,2022-02-02,1
fresh_paid_daily,short_positive_beats_both,0,2022-02-10,2022-02-11,2
fresh_paid_daily,short_positive_beats_both,0,2022-02-13,2022-02-13,1
fresh_paid_daily,short_positive_beats_both,0,2022-02-16,2022-02-17,2
fresh_paid_daily,short_positive_beats_both,0,2022-02-20,2022-02-21,2
fresh_paid_daily,short_positive_beats_both,0,2022-02-23,2022-02-23,1
fresh_paid_daily,short_positive_beats_both,1,2022-05-05,2022-05-09,5
fresh_paid_daily,short_positive_beats_both,1,2022-05-16,2022-05-16,1
fresh_paid_daily,short_positive_beats_both,1,2022-05-18,2022-05-18,1
fresh_paid_daily,short_positive_beats_both,1,2022-05-20,2022-05-20,1
fresh_paid_daily,short_positive_beats_both,1,2022-05-23,2022-05-23,1
fresh_paid_daily,short_positive_beats_both,1,2022-05-25,2022-05-27,3
fresh_paid_daily,short_positive_beats_both,1,2022-05-31,2022-06-01,2
fresh_paid_daily,short_positive_beats_both,1,2022-06-03,2022-06-03,1
fresh_paid_daily,short_positive_beats_both,1,2022-06-08,2022-06-08,1
fresh_paid_daily,short_positive_beats_both,1,2022-06-10,2022-06-13,4
fresh_paid_daily,short_positive_beats_both,1,2022-06-16,2022-06-16,1
fresh_paid_daily,short_positive_beats_both,1,2022-06-18,2022-06-18,1
fresh_paid_daily,short_positive_beats_both,1,2022-06-22,2022-06-22,1
fresh_paid_daily,short_positive_beats_both,1,2022-06-27,2022-06-28,2
fresh_paid_daily,short_positive_beats_both,1,2022-06-30,2022-07-01,2
fresh_paid_daily,short_positive_beats_both,1,2022-07-05,2022-07-05,1
fresh_paid_daily,short_positive_beats_both,1,2022-07-08,2022-07-08,1
fresh_paid_daily,short_positive_beats_both,1,2022-07-10,2022-07-12,3
fresh_paid_daily,short_positive_beats_both,2,2022-08-03,2022-08-03,1
fresh_paid_daily,short_positive_beats_both,2,2022-08-19,2022-08-19,1
fresh_paid_daily,short_positive_beats_both,2,2022-08-24,2022-08-24,1
fresh_paid_daily,short_positive_beats_both,2,2022-08-28,2022-08-28,1
fresh_paid_daily,short_positive_beats_both,2,2022-08-30,2022-08-30,1
fresh_paid_daily,short_positive_beats_both,2,2022-09-02,2022-09-02,1
fresh_paid_daily,short_positive_beats_both,2,2022-09-06,2022-09-06,1
fresh_paid_daily,short_positive_beats_both,2,2022-09-13,2022-09-13,1
fresh_paid_daily,short_positive_beats_both,2,2022-09-15,2022-09-15,1
fresh_paid_daily,short_positive_beats_both,2,2022-09-18,2022-09-18,1
fresh_paid_daily,short_positive_beats_both,2,2022-09-21,2022-09-21,1
fresh_paid_daily,short_positive_beats_both,2,2022-09-24,2022-09-25,2
fresh_paid_daily,short_positive_beats_both,2,2022-09-27,2022-09-27,1
fresh_paid_daily,short_positive_beats_both,2,2022-10-01,2022-10-01,1
fresh_paid_daily,short_positive_beats_both,3,2022-10-08,2022-10-08,1
fresh_paid_daily,short_positive_beats_both,3,2022-10-10,2022-10-10,1
fresh_paid_daily,short_positive_beats_both,3,2022-10-14,2022-10-15,2
fresh_paid_daily,short_positive_beats_both,3,2022-10-18,2022-10-18,1
fresh_paid_daily,short_positive_beats_both,3,2022-10-20,2022-10-20,1
fresh_paid_daily,short_positive_beats_both,3,2022-10-24,2022-10-24,1
fresh_paid_daily,short_positive_beats_both,3,2022-10-27,2022-10-27,1
fresh_paid_daily,short_positive_beats_both,3,2022-10-30,2022-10-30,1
fresh_paid_daily,short_positive_beats_both,3,2022-11-06,2022-11-09,4
fresh_paid_daily,short_positive_beats_both,3,2022-11-11,2022-11-11,1
fresh_paid_daily,short_positive_beats_both,3,2022-11-13,2022-11-13,1
fresh_paid_daily,short_positive_beats_both,3,2022-11-16,2022-11-17,2
fresh_paid_daily,short_positive_beats_both,3,2022-11-20,2022-11-21,2
fresh_paid_daily,short_positive_beats_both,3,2022-11-26,2022-11-26,1
fresh_paid_daily,short_positive_beats_both,3,2022-11-28,2022-11-28,1
fresh_paid_daily,short_positive_beats_both,3,2022-12-01,2022-12-01,1
fresh_paid_daily,short_positive_beats_both,3,2022-12-03,2022-12-03,1
fresh_paid_daily,short_positive_beats_both,3,2022-12-05,2022-12-05,1
fresh_paid_daily,short_positive_beats_both,3,2022-12-07,2022-12-07,1
fresh_paid_daily,short_positive_beats_both,3,2022-12-09,2022-12-09,1
fresh_paid_daily,short_positive_beats_both,3,2022-12-11,2022-12-11,1
fresh_paid_daily,short_positive_beats_both,3,2022-12-16,2022-12-16,1
fresh_paid_daily,short_positive_beats_both,3,2022-12-18,2022-12-18,1
fresh_paid_daily,short_positive_beats_both,3,2022-12-21,2022-12-21,1
fresh_paid_daily,short_positive_beats_both,3,2022-12-25,2022-12-25,1
fresh_paid_daily,short_positive_beats_both,3,2022-12-27,2022-12-27,1
fresh_paid_daily,short_positive_beats_both,3,2022-12-29,2022-12-29,1
fresh_paid_daily,short_positive_beats_both,3,2023-01-05,2023-01-05,1
fresh_paid_daily,short_positive_beats_both,4,2023-02-27,2023-02-28,2
fresh_paid_daily,short_positive_beats_both,4,2023-03-02,2023-03-03,2
fresh_paid_daily,short_positive_beats_both,4,2023-03-09,2023-03-09,1
fresh_paid_daily,short_positive_beats_both,4,2023-03-15,2023-03-15,1
fresh_paid_daily,short_positive_beats_both,4,2023-03-18,2023-03-18,1
fresh_paid_daily,short_positive_beats_both,4,2023-03-20,2023-03-20,1
fresh_paid_daily,short_positive_beats_both,4,2023-03-22,2023-03-22,1
fresh_paid_daily,short_positive_beats_both,4,2023-03-24,2023-03-25,2
fresh_paid_daily,short_positive_beats_both,4,2023-03-30,2023-03-30,1
fresh_paid_daily,short_positive_beats_both,4,2023-04-21,2023-04-21,1
fresh_paid_daily,short_positive_beats_both,4,2023-04-23,2023-04-23,1
fresh_paid_daily,short_positive_beats_both,4,2023-04-30,2023-05-01,2
fresh_paid_daily,short_positive_beats_both,4,2023-05-04,2023-05-04,1
fresh_paid_daily,short_positive_beats_both,4,2023-05-06,2023-05-08,3
fresh_paid_daily,short_positive_beats_both,4,2023-05-11,2023-05-11,1
fresh_paid_daily,short_positive_beats_both,4,2023-05-13,2023-05-13,1
fresh_paid_daily,short_positive_beats_both,4,2023-05-18,2023-05-18,1
fresh_paid_daily,short_positive_beats_both,4,2023-05-21,2023-05-21,1
fresh_paid_daily,short_positive_beats_both,4,2023-05-24,2023-05-24,1
fresh_paid_daily,short_positive_beats_both,4,2023-05-31,2023-06-01,2
fresh_paid_daily,short_positive_beats_both,4,2023-06-03,2023-06-03,1
fresh_paid_daily,short_positive_beats_both,4,2023-06-05,2023-06-05,1
fresh_paid_daily,short_positive_beats_both,4,2023-06-07,2023-06-07,1
fresh_paid_daily,short_positive_beats_both,4,2023-06-09,2023-06-10,2
fresh_paid_daily,short_positive_beats_both,4,2023-06-14,2023-06-14,1
fresh_paid_daily,short_positive_beats_both,4,2023-06-22,2023-06-22,1
fresh_paid_daily,short_positive_beats_both,4,2023-06-24,2023-06-24,1
fresh_paid_daily,short_positive_beats_both,4,2023-06-26,2023-06-26,1
fresh_paid_daily,short_positive_beats_both,4,2023-06-28,2023-06-28,1
fresh_paid_daily,short_positive_beats_both,4,2023-07-05,2023-07-05,1
fresh_paid_daily,short_positive_beats_both,4,2023-07-09,2023-07-09,1
fresh_paid_daily,short_positive_beats_both,4,2023-07-12,2023-07-12,1
fresh_paid_daily,short_positive_beats_both,4,2023-07-22,2023-07-22,1
fresh_paid_daily,short_positive_beats_both,4,2023-07-24,2023-07-24,1
fresh_paid_daily,short_positive_beats_both,4,2023-07-27,2023-07-27,1
fresh_paid_daily,short_positive_beats_both,4,2023-08-02,2023-08-02,1
fresh_paid_daily,short_positive_beats_both,4,2023-08-04,2023-08-04,1
fresh_paid_daily,short_positive_beats_both,4,2023-08-09,2023-08-10,2
fresh_paid_daily,short_positive_beats_both,4,2023-08-13,2023-08-13,1
fresh_paid_daily,short_positive_beats_both,4,2023-08-15,2023-08-17,3
fresh_paid_daily,short_positive_beats_both,4,2023-08-21,2023-08-22,2
fresh_paid_daily,short_positive_beats_both,4,2023-08-24,2023-08-26,3
fresh_paid_daily,short_positive_beats_both,4,2023-08-30,2023-09-01,3
fresh_paid_daily,short_positive_beats_both,4,2023-09-08,2023-09-09,2
fresh_paid_daily,short_positive_beats_both,4,2023-09-11,2023-09-11,1
fresh_paid_daily,short_positive_beats_both,4,2023-09-16,2023-09-17,2
fresh_paid_daily,short_positive_beats_both,4,2023-09-21,2023-09-21,1
fresh_paid_daily,short_positive_beats_both,4,2023-09-24,2023-09-24,1
fresh_paid_daily,short_positive_beats_both,4,2023-09-26,2023-09-26,1
fresh_paid_daily,short_positive_beats_both,4,2023-10-02,2023-10-02,1
fresh_paid_daily,short_positive_beats_both,4,2023-10-05,2023-10-05,1
fresh_paid_daily,short_positive_beats_both,4,2023-10-08,2023-10-12,5
fresh_paid_daily,short_positive_beats_both,4,2023-10-17,2023-10-18,2
fresh_paid_daily,short_positive_beats_both,4,2023-12-09,2023-12-09,1
fresh_paid_daily,short_positive_beats_both,4,2024-01-05,2024-01-07,3
fresh_paid_daily,short_positive_beats_both,4,2024-01-12,2024-01-12,1
fresh_paid_daily,short_positive_beats_both,4,2024-01-14,2024-01-14,1
fresh_paid_daily,short_positive_beats_both,4,2024-01-17,2024-01-18,2
fresh_paid_daily,short_positive_beats_both,4,2024-01-22,2024-01-23,2
fresh_paid_daily,short_positive_beats_both,4,2024-01-25,2024-01-25,1
fresh_paid_daily,short_positive_beats_both,4,2024-01-28,2024-01-28,1
fresh_paid_daily,short_positive_beats_both,4,2024-01-31,2024-01-31,1
fresh_paid_daily,short_positive_beats_both,4,2024-02-04,2024-02-04,1
fresh_paid_daily,short_positive_beats_both,4,2024-02-17,2024-02-17,1
fresh_paid_daily,short_positive_beats_both,4,2024-04-02,2024-04-03,2
fresh_paid_daily,short_positive_beats_both,4,2024-04-09,2024-04-09,1
fresh_paid_daily,short_positive_beats_both,4,2024-04-11,2024-04-13,3
fresh_paid_daily,short_positive_beats_both,4,2024-04-16,2024-04-17,2
fresh_paid_daily,short_positive_beats_both,4,2024-04-21,2024-04-21,1
fresh_paid_daily,short_positive_beats_both,4,2024-04-24,2024-04-24,1
fresh_paid_daily,short_loses_on_CORE5_rebound,0,2022-01-02,2022-01-02,1
fresh_paid_daily,short_loses_on_CORE5_rebound,0,2022-01-09,2022-01-09,1
fresh_paid_daily,short_loses_on_CORE5_rebound,0,2022-01-11,2022-01-12,2
fresh_paid_daily,short_loses_on_CORE5_rebound,0,2022-01-14,2022-01-15,2
fresh_paid_daily,short_loses_on_CORE5_rebound,0,2022-01-23,2022-01-23,1
fresh_paid_daily,short_loses_on_CORE5_rebound,0,2022-01-25,2022-01-25,1
fresh_paid_daily,short_loses_on_CORE5_rebound,0,2022-01-28,2022-01-29,2
fresh_paid_daily,short_loses_on_CORE5_rebound,0,2022-01-31,2022-02-01,2
fresh_paid_daily,short_loses_on_CORE5_rebound,0,2022-02-03,2022-02-07,5
fresh_paid_daily,short_loses_on_CORE5_rebound,0,2022-02-09,2022-02-09,1
fresh_paid_daily,short_loses_on_CORE5_rebound,0,2022-02-12,2022-02-12,1
fresh_paid_daily,short_loses_on_CORE5_rebound,0,2022-02-14,2022-02-15,2
fresh_paid_daily,short_loses_on_CORE5_rebound,0,2022-02-19,2022-02-19,1
fresh_paid_daily,short_loses_on_CORE5_rebound,0,2022-02-22,2022-02-22,1
fresh_paid_daily,short_loses_on_CORE5_rebound,0,2022-02-24,2022-02-24,1
fresh_paid_daily,short_loses_on_CORE5_rebound,1,2022-05-04,2022-05-04,1
fresh_paid_daily,short_loses_on_CORE5_rebound,1,2022-05-10,2022-05-10,1
fresh_paid_daily,short_loses_on_CORE5_rebound,1,2022-05-13,2022-05-15,3
fresh_paid_daily,short_loses_on_CORE5_rebound,1,2022-05-17,2022-05-17,1
fresh_paid_daily,short_loses_on_CORE5_rebound,1,2022-05-19,2022-05-19,1
fresh_paid_daily,short_loses_on_CORE5_rebound,1,2022-05-21,2022-05-22,2
fresh_paid_daily,short_loses_on_CORE5_rebound,1,2022-05-24,2022-05-24,1
fresh_paid_daily,short_loses_on_CORE5_rebound,1,2022-05-28,2022-05-30,3
fresh_paid_daily,short_loses_on_CORE5_rebound,1,2022-06-02,2022-06-02,1
fresh_paid_daily,short_loses_on_CORE5_rebound,1,2022-06-04,2022-06-04,1
fresh_paid_daily,short_loses_on_CORE5_rebound,1,2022-06-06,2022-06-06,1
fresh_paid_daily,short_loses_on_CORE5_rebound,1,2022-06-09,2022-06-09,1
fresh_paid_daily,short_loses_on_CORE5_rebound,1,2022-06-14,2022-06-15,2
fresh_paid_daily,short_loses_on_CORE5_rebound,1,2022-06-17,2022-06-17,1
fresh_paid_daily,short_loses_on_CORE5_rebound,1,2022-06-19,2022-06-21,3
fresh_paid_daily,short_loses_on_CORE5_rebound,1,2022-06-23,2022-06-25,3
fresh_paid_daily,short_loses_on_CORE5_rebound,1,2022-07-02,2022-07-04,3
fresh_paid_daily,short_loses_on_CORE5_rebound,1,2022-07-06,2022-07-07,2
fresh_paid_daily,short_loses_on_CORE5_rebound,1,2022-07-09,2022-07-09,1
fresh_paid_daily,short_loses_on_CORE5_rebound,1,2022-07-13,2022-07-16,4
fresh_paid_daily,short_loses_on_CORE5_rebound,1,2022-07-26,2022-07-28,3
fresh_paid_daily,short_loses_on_CORE5_rebound,1,2022-07-30,2022-07-30,1
fresh_paid_daily,short_loses_on_CORE5_rebound,2,2022-08-04,2022-08-04,1
fresh_paid_daily,short_loses_on_CORE5_rebound,2,2022-08-07,2022-08-08,2
fresh_paid_daily,short_loses_on_CORE5_rebound,2,2022-08-20,2022-08-21,2
fresh_paid_daily,short_loses_on_CORE5_rebound,2,2022-08-23,2022-08-23,1
fresh_paid_daily,short_loses_on_CORE5_rebound,2,2022-08-29,2022-08-29,1
fresh_paid_daily,short_loses_on_CORE5_rebound,2,2022-08-31,2022-09-01,2
fresh_paid_daily,short_loses_on_CORE5_rebound,2,2022-09-04,2022-09-05,2
fresh_paid_daily,short_loses_on_CORE5_rebound,2,2022-09-07,2022-09-10,4
fresh_paid_daily,short_loses_on_CORE5_rebound,2,2022-09-12,2022-09-12,1
fresh_paid_daily,short_loses_on_CORE5_rebound,2,2022-09-14,2022-09-14,1
fresh_paid_daily,short_loses_on_CORE5_rebound,2,2022-09-16,2022-09-17,2
fresh_paid_daily,short_loses_on_CORE5_rebound,2,2022-09-19,2022-09-19,1
fresh_paid_daily,short_loses_on_CORE5_rebound,2,2022-09-22,2022-09-23,2
fresh_paid_daily,short_loses_on_CORE5_rebound,2,2022-09-26,2022-09-26,1
fresh_paid_daily,short_loses_on_CORE5_rebound,2,2022-09-28,2022-09-29,2
fresh_paid_daily,short_loses_on_CORE5_rebound,3,2022-10-03,2022-10-04,2
fresh_paid_daily,short_loses_on_CORE5_rebound,3,2022-10-09,2022-10-09,1
fresh_paid_daily,short_loses_on_CORE5_rebound,3,2022-10-12,2022-10-12,1
fresh_paid_daily,short_loses_on_CORE5_rebound,3,2022-10-16,2022-10-17,2
fresh_paid_daily,short_loses_on_CORE5_rebound,3,2022-10-21,2022-10-21,1
fresh_paid_daily,short_loses_on_CORE5_rebound,3,2022-10-23,2022-10-23,1
fresh_paid_daily,short_loses_on_CORE5_rebound,3,2022-10-25,2022-10-26,2
fresh_paid_daily,short_loses_on_CORE5_rebound,3,2022-10-28,2022-10-29,2
fresh_paid_daily,short_loses_on_CORE5_rebound,3,2022-10-31,2022-11-01,2
fresh_paid_daily,short_loses_on_CORE5_rebound,3,2022-11-04,2022-11-05,2
fresh_paid_daily,short_loses_on_CORE5_rebound,3,2022-11-10,2022-11-10,1
fresh_paid_daily,short_loses_on_CORE5_rebound,3,2022-11-14,2022-11-15,2
fresh_paid_daily,short_loses_on_CORE5_rebound,3,2022-11-22,2022-11-24,3
fresh_paid_daily,short_loses_on_CORE5_rebound,3,2022-11-29,2022-11-30,2
fresh_paid_daily,short_loses_on_CORE5_rebound,3,2022-12-02,2022-12-02,1
fresh_paid_daily,short_loses_on_CORE5_rebound,3,2022-12-04,2022-12-04,1
fresh_paid_daily,short_loses_on_CORE5_rebound,3,2022-12-06,2022-12-06,1
fresh_paid_daily,short_loses_on_CORE5_rebound,3,2022-12-08,2022-12-08,1
fresh_paid_daily,short_loses_on_CORE5_rebound,3,2022-12-12,2022-12-13,2
fresh_paid_daily,short_loses_on_CORE5_rebound,3,2022-12-17,2022-12-17,1
fresh_paid_daily,short_loses_on_CORE5_rebound,3,2022-12-20,2022-12-20,1
fresh_paid_daily,short_loses_on_CORE5_rebound,3,2022-12-22,2022-12-23,2
fresh_paid_daily,short_loses_on_CORE5_rebound,3,2022-12-26,2022-12-26,1
fresh_paid_daily,short_loses_on_CORE5_rebound,3,2022-12-30,2023-01-04,6
fresh_paid_daily,short_loses_on_CORE5_rebound,3,2023-01-06,2023-01-06,1
fresh_paid_daily,short_loses_on_CORE5_rebound,3,2023-01-08,2023-01-14,7
fresh_paid_daily,short_loses_on_CORE5_rebound,3,2023-02-14,2023-02-15,2
fresh_paid_daily,short_loses_on_CORE5_rebound,3,2023-02-17,2023-02-17,1
fresh_paid_daily,short_loses_on_CORE5_rebound,3,2023-02-20,2023-02-20,1
fresh_paid_daily,short_loses_on_CORE5_rebound,4,2023-02-26,2023-02-26,1
fresh_paid_daily,short_loses_on_CORE5_rebound,4,2023-03-01,2023-03-01,1
fresh_paid_daily,short_loses_on_CORE5_rebound,4,2023-03-10,2023-03-14,5
fresh_paid_daily,short_loses_on_CORE5_rebound,4,2023-03-16,2023-03-17,2
fresh_paid_daily,short_loses_on_CORE5_rebound,4,2023-03-19,2023-03-19,1
fresh_paid_daily,short_loses_on_CORE5_rebound,4,2023-03-21,2023-03-21,1
fresh_paid_daily,short_loses_on_CORE5_rebound,4,2023-03-23,2023-03-23,1
fresh_paid_daily,short_loses_on_CORE5_rebound,4,2023-03-26,2023-03-26,1
fresh_paid_daily,short_loses_on_CORE5_rebound,4,2023-03-28,2023-03-29,2
fresh_paid_daily,short_loses_on_CORE5_rebound,4,2023-03-31,2023-04-01,2
fresh_paid_daily,short_loses_on_CORE5_rebound,4,2023-04-03,2023-04-05,3
fresh_paid_daily,short_loses_on_CORE5_rebound,4,2023-04-22,2023-04-22,1
fresh_paid_daily,short_loses_on_CORE5_rebound,4,2023-04-27,2023-04-29,3
fresh_paid_daily,short_loses_on_CORE5_rebound,4,2023-05-02,2023-05-03,2
fresh_paid_daily,short_loses_on_CORE5_rebound,4,2023-05-05,2023-05-05,1
fresh_paid_daily,short_loses_on_CORE5_rebound,4,2023-05-09,2023-05-10,2
fresh_paid_daily,short_loses_on_CORE5_rebound,4,2023-05-12,2023-05-12,1
fresh_paid_daily,short_loses_on_CORE5_rebound,4,2023-05-14,2023-05-17,4
fresh_paid_daily,short_loses_on_CORE5_rebound,4,2023-05-19,2023-05-20,2
fresh_paid_daily,short_loses_on_CORE5_rebound,4,2023-05-22,2023-05-23,2
fresh_paid_daily,short_loses_on_CORE5_rebound,4,2023-05-25,2023-05-28,4
fresh_paid_daily,short_loses_on_CORE5_rebound,4,2023-05-30,2023-05-30,1
fresh_paid_daily,short_loses_on_CORE5_rebound,4,2023-06-02,2023-06-02,1
fresh_paid_daily,short_loses_on_CORE5_rebound,4,2023-06-04,2023-06-04,1
fresh_paid_daily,short_loses_on_CORE5_rebound,4,2023-06-06,2023-06-06,1
fresh_paid_daily,short_loses_on_CORE5_rebound,4,2023-06-08,2023-06-08,1
fresh_paid_daily,short_loses_on_CORE5_rebound,4,2023-06-11,2023-06-11,1
fresh_paid_daily,short_loses_on_CORE5_rebound,4,2023-06-15,2023-06-17,3
fresh_paid_daily,short_loses_on_CORE5_rebound,4,2023-06-19,2023-06-21,3
fresh_paid_daily,short_loses_on_CORE5_rebound,4,2023-06-23,2023-06-23,1
fresh_paid_daily,short_loses_on_CORE5_rebound,4,2023-06-25,2023-06-25,1
fresh_paid_daily,short_loses_on_CORE5_rebound,4,2023-06-27,2023-06-27,1
fresh_paid_daily,short_loses_on_CORE5_rebound,4,2023-06-29,2023-07-03,5
fresh_paid_daily,short_loses_on_CORE5_rebound,4,2023-07-07,2023-07-08,2
fresh_paid_daily,short_loses_on_CORE5_rebound,4,2023-07-10,2023-07-10,1
fresh_paid_daily,short_loses_on_CORE5_rebound,4,2023-07-13,2023-07-13,1
fresh_paid_daily,short_loses_on_CORE5_rebound,4,2023-07-23,2023-07-23,1
fresh_paid_daily,short_loses_on_CORE5_rebound,4,2023-07-25,2023-07-26,2
fresh_paid_daily,short_loses_on_CORE5_rebound,4,2023-07-29,2023-07-29,1
fresh_paid_daily,short_loses_on_CORE5_rebound,4,2023-08-01,2023-08-01,1
fresh_paid_daily,short_loses_on_CORE5_rebound,4,2023-08-05,2023-08-05,1
fresh_paid_daily,short_loses_on_CORE5_rebound,4,2023-08-08,2023-08-08,1
fresh_paid_daily,short_loses_on_CORE5_rebound,4,2023-08-12,2023-08-12,1
fresh_paid_daily,short_loses_on_CORE5_rebound,4,2023-08-14,2023-08-14,1
fresh_paid_daily,short_loses_on_CORE5_rebound,4,2023-08-19,2023-08-20,2
fresh_paid_daily,short_loses_on_CORE5_rebound,4,2023-08-23,2023-08-23,1
fresh_paid_daily,short_loses_on_CORE5_rebound,4,2023-08-27,2023-08-27,1
fresh_paid_daily,short_loses_on_CORE5_rebound,4,2023-08-29,2023-08-29,1
fresh_paid_daily,short_loses_on_CORE5_rebound,4,2023-09-02,2023-09-03,2
fresh_paid_daily,short_loses_on_CORE5_rebound,4,2023-09-05,2023-09-05,1
fresh_paid_daily,short_loses_on_CORE5_rebound,4,2023-09-07,2023-09-07,1
fresh_paid_daily,short_loses_on_CORE5_rebound,4,2023-09-12,2023-09-15,4
fresh_paid_daily,short_loses_on_CORE5_rebound,4,2023-09-18,2023-09-20,3
fresh_paid_daily,short_loses_on_CORE5_rebound,4,2023-09-22,2023-09-22,1
fresh_paid_daily,short_loses_on_CORE5_rebound,4,2023-09-25,2023-09-25,1
fresh_paid_daily,short_loses_on_CORE5_rebound,4,2023-09-27,2023-10-01,5
fresh_paid_daily,short_loses_on_CORE5_rebound,4,2023-10-06,2023-10-06,1
fresh_paid_daily,short_loses_on_CORE5_rebound,4,2023-10-13,2023-10-14,2
fresh_paid_daily,short_loses_on_CORE5_rebound,4,2023-10-16,2023-10-16,1
fresh_paid_daily,short_loses_on_CORE5_rebound,4,2023-10-19,2023-10-22,4
fresh_paid_daily,short_loses_on_CORE5_rebound,4,2023-12-06,2023-12-08,3
fresh_paid_daily,short_loses_on_CORE5_rebound,4,2023-12-10,2023-12-10,1
fresh_paid_daily,short_loses_on_CORE5_rebound,4,2023-12-13,2023-12-14,2
fresh_paid_daily,short_loses_on_CORE5_rebound,4,2023-12-16,2023-12-16,1
fresh_paid_daily,short_loses_on_CORE5_rebound,4,2023-12-18,2023-12-18,1
fresh_paid_daily,short_loses_on_CORE5_rebound,4,2023-12-20,2023-12-20,1
fresh_paid_daily,short_loses_on_CORE5_rebound,4,2023-12-25,2023-12-25,1
fresh_paid_daily,short_loses_on_CORE5_rebound,4,2024-01-04,2024-01-04,1
fresh_paid_daily,short_loses_on_CORE5_rebound,4,2024-01-08,2024-01-08,1
fresh_paid_daily,short_loses_on_CORE5_rebound,4,2024-01-10,2024-01-11,2
fresh_paid_daily,short_loses_on_CORE5_rebound,4,2024-01-13,2024-01-13,1
fresh_paid_daily,short_loses_on_CORE5_rebound,4,2024-01-15,2024-01-16,2
fresh_paid_daily,short_loses_on_CORE5_rebound,4,2024-01-19,2024-01-20,2
fresh_paid_daily,short_loses_on_CORE5_rebound,4,2024-01-24,2024-01-24,1
fresh_paid_daily,short_loses_on_CORE5_rebound,4,2024-01-26,2024-01-27,2
fresh_paid_daily,short_loses_on_CORE5_rebound,4,2024-01-29,2024-01-29,1
fresh_paid_daily,short_loses_on_CORE5_rebound,4,2024-02-01,2024-02-02,2
fresh_paid_daily,short_loses_on_CORE5_rebound,4,2024-02-05,2024-02-10,6
fresh_paid_daily,short_loses_on_CORE5_rebound,4,2024-02-12,2024-02-12,1
fresh_paid_daily,short_loses_on_CORE5_rebound,4,2024-02-14,2024-02-15,2
fresh_paid_daily,short_loses_on_CORE5_rebound,4,2024-02-18,2024-02-18,1
fresh_paid_daily,short_loses_on_CORE5_rebound,4,2024-04-04,2024-04-04,1
fresh_paid_daily,short_loses_on_CORE5_rebound,4,2024-04-06,2024-04-08,3
fresh_paid_daily,short_loses_on_CORE5_rebound,4,2024-04-10,2024-04-10,1
fresh_paid_daily,short_loses_on_CORE5_rebound,4,2024-04-14,2024-04-14,1
fresh_paid_daily,short_loses_on_CORE5_rebound,4,2024-04-18,2024-04-20,3
fresh_paid_daily,short_loses_on_CORE5_rebound,4,2024-04-22,2024-04-22,1
fresh_paid_daily,short_loses_on_CORE5_rebound,4,2024-04-27,2024-04-27,1
fresh_paid_daily,VOL_CS_MOM_all_lose,0,2022-01-16,2022-01-16,1
fresh_paid_daily,VOL_CS_MOM_all_lose,1,2022-06-09,2022-06-09,1
fresh_paid_daily,VOL_CS_MOM_all_lose,1,2022-06-29,2022-06-29,1
fresh_paid_daily,VOL_CS_MOM_all_lose,1,2022-07-09,2022-07-09,1
fresh_paid_daily,VOL_CS_MOM_all_lose,1,2022-07-30,2022-07-30,1
fresh_paid_daily,VOL_CS_MOM_all_lose,2,2022-08-04,2022-08-04,1
fresh_paid_daily,VOL_CS_MOM_all_lose,2,2022-09-05,2022-09-05,1
fresh_paid_daily,VOL_CS_MOM_all_lose,2,2022-09-08,2022-09-08,1
fresh_paid_daily,VOL_CS_MOM_all_lose,2,2022-09-12,2022-09-12,1
fresh_paid_daily,VOL_CS_MOM_all_lose,2,2022-09-30,2022-09-30,1
fresh_paid_daily,VOL_CS_MOM_all_lose,3,2022-10-06,2022-10-06,1
fresh_paid_daily,VOL_CS_MOM_all_lose,3,2022-10-12,2022-10-13,2
fresh_paid_daily,VOL_CS_MOM_all_lose,3,2022-11-03,2022-11-03,1
fresh_paid_daily,VOL_CS_MOM_all_lose,3,2022-12-12,2022-12-12,1
fresh_paid_daily,VOL_CS_MOM_all_lose,3,2022-12-23,2022-12-23,1
fresh_paid_daily,VOL_CS_MOM_all_lose,3,2022-12-30,2022-12-30,1
fresh_paid_daily,VOL_CS_MOM_all_lose,3,2023-01-01,2023-01-01,1
fresh_paid_daily,VOL_CS_MOM_all_lose,3,2023-02-22,2023-02-22,1
fresh_paid_daily,VOL_CS_MOM_all_lose,4,2023-04-01,2023-04-01,1
fresh_paid_daily,VOL_CS_MOM_all_lose,4,2023-04-29,2023-04-29,1
fresh_paid_daily,VOL_CS_MOM_all_lose,4,2023-05-10,2023-05-10,1
fresh_paid_daily,VOL_CS_MOM_all_lose,4,2023-05-20,2023-05-20,1
fresh_paid_daily,VOL_CS_MOM_all_lose,4,2023-06-13,2023-06-13,1
fresh_paid_daily,VOL_CS_MOM_all_lose,4,2023-07-04,2023-07-04,1
fresh_paid_daily,VOL_CS_MOM_all_lose,4,2023-07-28,2023-07-28,1
fresh_paid_daily,VOL_CS_MOM_all_lose,4,2023-07-30,2023-07-31,2
fresh_paid_daily,VOL_CS_MOM_all_lose,4,2023-08-03,2023-08-03,1
fresh_paid_daily,VOL_CS_MOM_all_lose,4,2023-08-06,2023-08-07,2
fresh_paid_daily,VOL_CS_MOM_all_lose,4,2023-08-11,2023-08-11,1
fresh_paid_daily,VOL_CS_MOM_all_lose,4,2023-08-28,2023-08-28,1
fresh_paid_daily,VOL_CS_MOM_all_lose,4,2023-09-02,2023-09-02,1
fresh_paid_daily,VOL_CS_MOM_all_lose,4,2023-09-04,2023-09-04,1
fresh_paid_daily,VOL_CS_MOM_all_lose,4,2023-09-20,2023-09-20,1
fresh_paid_daily,VOL_CS_MOM_all_lose,4,2023-09-23,2023-09-23,1
fresh_paid_daily,VOL_CS_MOM_all_lose,4,2023-09-27,2023-09-27,1
fresh_paid_daily,VOL_CS_MOM_all_lose,4,2023-10-04,2023-10-04,1
fresh_paid_daily,VOL_CS_MOM_all_lose,4,2023-10-07,2023-10-07,1
fresh_paid_daily,VOL_CS_MOM_all_lose,4,2023-12-12,2023-12-12,1
fresh_paid_daily,VOL_CS_MOM_all_lose,4,2024-02-03,2024-02-03,1
fresh_paid_daily,VOL_CS_MOM_all_lose,4,2024-02-05,2024-02-05,1
fresh_paid_daily,VOL_CS_MOM_all_lose,4,2024-02-11,2024-02-11,1
fresh_paid_daily,VOL_CS_MOM_all_lose,4,2024-02-16,2024-02-16,1
fresh_paid_daily,VOL_CS_MOM_all_lose,4,2024-04-05,2024-04-05,1
continuous_episode,short_positive,0,2022-01-03,2022-01-08,6
continuous_episode,short_positive,0,2022-01-10,2022-01-10,1
continuous_episode,short_positive,0,2022-01-13,2022-01-13,1
continuous_episode,short_positive,0,2022-01-17,2022-01-22,6
continuous_episode,short_positive,0,2022-01-24,2022-01-24,1
continuous_episode,short_positive,0,2022-01-26,2022-01-27,2
continuous_episode,short_positive,0,2022-01-30,2022-01-30,1
continuous_episode,short_positive,0,2022-02-02,2022-02-02,1
continuous_episode,short_positive,0,2022-02-08,2022-02-08,1
continuous_episode,short_positive,0,2022-02-10,2022-02-11,2
continuous_episode,short_positive,0,2022-02-13,2022-02-13,1
continuous_episode,short_positive,0,2022-02-16,2022-02-18,3
continuous_episode,short_positive,0,2022-02-20,2022-02-21,2
continuous_episode,short_positive,0,2022-02-23,2022-02-23,1
continuous_episode,short_positive,1,2022-05-05,2022-05-09,5
continuous_episode,short_positive,1,2022-05-11,2022-05-12,2
continuous_episode,short_positive,1,2022-05-16,2022-05-16,1
continuous_episode,short_positive,1,2022-05-18,2022-05-18,1
continuous_episode,short_positive,1,2022-05-20,2022-05-20,1
continuous_episode,short_positive,1,2022-05-23,2022-05-23,1
continuous_episode,short_positive,1,2022-05-25,2022-05-27,3
continuous_episode,short_positive,1,2022-05-31,2022-06-01,2
continuous_episode,short_positive,1,2022-06-03,2022-06-03,1
continuous_episode,short_positive,1,2022-06-05,2022-06-05,1
continuous_episode,short_positive,1,2022-06-07,2022-06-13,7
continuous_episode,short_positive,1,2022-06-16,2022-06-16,1
continuous_episode,short_positive,1,2022-06-18,2022-06-18,1
continuous_episode,short_positive,1,2022-06-20,2022-06-20,1
continuous_episode,short_positive,1,2022-06-22,2022-06-22,1
continuous_episode,short_positive,1,2022-06-27,2022-06-28,2
continuous_episode,short_positive,1,2022-06-30,2022-07-01,2
continuous_episode,short_positive,1,2022-07-05,2022-07-05,1
continuous_episode,short_positive,1,2022-07-08,2022-07-08,1
continuous_episode,short_positive,1,2022-07-10,2022-07-12,3
continuous_episode,short_positive,2,2022-08-03,2022-08-03,1
continuous_episode,short_positive,2,2022-08-19,2022-08-19,1
continuous_episode,short_positive,2,2022-08-22,2022-08-22,1
continuous_episode,short_positive,2,2022-08-24,2022-08-24,1
continuous_episode,short_positive,2,2022-08-27,2022-08-28,2
continuous_episode,short_positive,2,2022-08-30,2022-08-30,1
continuous_episode,short_positive,2,2022-09-02,2022-09-02,1
continuous_episode,short_positive,2,2022-09-06,2022-09-06,1
continuous_episode,short_positive,2,2022-09-11,2022-09-11,1
continuous_episode,short_positive,2,2022-09-13,2022-09-13,1
continuous_episode,short_positive,2,2022-09-15,2022-09-15,1
continuous_episode,short_positive,2,2022-09-18,2022-09-18,1
continuous_episode,short_positive,2,2022-09-20,2022-09-21,2
continuous_episode,short_positive,2,2022-09-24,2022-09-25,2
continuous_episode,short_positive,2,2022-09-27,2022-09-27,1
continuous_episode,short_positive,2,2022-09-30,2022-10-01,2
continuous_episode,short_positive,3,2022-10-05,2022-10-05,1
continuous_episode,short_positive,3,2022-10-07,2022-10-08,2
continuous_episode,short_positive,3,2022-10-10,2022-10-10,1
continuous_episode,short_positive,3,2022-10-14,2022-10-15,2
continuous_episode,short_positive,3,2022-10-18,2022-10-20,3
continuous_episode,short_positive,3,2022-10-22,2022-10-22,1
continuous_episode,short_positive,3,2022-10-24,2022-10-24,1
continuous_episode,short_positive,3,2022-10-27,2022-10-27,1
continuous_episode,short_positive,3,2022-10-30,2022-10-31,2
continuous_episode,short_positive,3,2022-11-06,2022-11-09,4
continuous_episode,short_positive,3,2022-11-11,2022-11-13,3
continuous_episode,short_positive,3,2022-11-16,2022-11-21,6
continuous_episode,short_positive,3,2022-11-25,2022-11-28,4
continuous_episode,short_positive,3,2022-12-01,2022-12-01,1
continuous_episode,short_positive,3,2022-12-03,2022-12-03,1
continuous_episode,short_positive,3,2022-12-05,2022-12-05,1
continuous_episode,short_positive,3,2022-12-07,2022-12-07,1
continuous_episode,short_positive,3,2022-12-09,2022-12-09,1
continuous_episode,short_positive,3,2022-12-11,2022-12-11,1
continuous_episode,short_positive,3,2022-12-16,2022-12-16,1
continuous_episode,short_positive,3,2022-12-18,2022-12-19,2
continuous_episode,short_positive,3,2022-12-21,2022-12-21,1
continuous_episode,short_positive,3,2022-12-24,2022-12-25,2
continuous_episode,short_positive,3,2022-12-27,2022-12-29,3
continuous_episode,short_positive,3,2023-01-05,2023-01-05,1
continuous_episode,short_positive,3,2023-01-07,2023-01-07,1
continuous_episode,short_positive,3,2023-02-13,2023-02-13,1
continuous_episode,short_positive,3,2023-02-21,2023-02-21,1
continuous_episode,short_positive,3,2023-02-23,2023-02-23,1
continuous_episode,short_positive,4,2023-02-25,2023-02-25,1
continuous_episode,short_positive,4,2023-02-27,2023-02-28,2
continuous_episode,short_positive,4,2023-03-02,2023-03-09,8
continuous_episode,short_positive,4,2023-03-15,2023-03-15,1
continuous_episode,short_positive,4,2023-03-18,2023-03-18,1
continuous_episode,short_positive,4,2023-03-20,2023-03-20,1
continuous_episode,short_positive,4,2023-03-22,2023-03-22,1
continuous_episode,short_positive,4,2023-03-24,2023-03-25,2
continuous_episode,short_positive,4,2023-03-27,2023-03-27,1
continuous_episode,short_positive,4,2023-03-30,2023-03-30,1
continuous_episode,short_positive,4,2023-04-02,2023-04-03,2
continuous_episode,short_positive,4,2023-04-21,2023-04-21,1
continuous_episode,short_positive,4,2023-04-23,2023-04-23,1
continuous_episode,short_positive,4,2023-04-29,2023-05-01,3
continuous_episode,short_positive,4,2023-05-04,2023-05-04,1
continuous_episode,short_positive,4,2023-05-06,2023-05-08,3
continuous_episode,short_positive,4,2023-05-10,2023-05-11,2
continuous_episode,short_positive,4,2023-05-13,2023-05-13,1
continuous_episode,short_positive,4,2023-05-18,2023-05-18,1
continuous_episode,short_positive,4,2023-05-21,2023-05-21,1
continuous_episode,short_positive,4,2023-05-24,2023-05-24,1
continuous_episode,short_positive,4,2023-05-29,2023-05-29,1
continuous_episode,short_positive,4,2023-05-31,2023-06-01,2
continuous_episode,short_positive,4,2023-06-03,2023-06-03,1
continuous_episode,short_positive,4,2023-06-05,2023-06-05,1
continuous_episode,short_positive,4,2023-06-07,2023-06-07,1
continuous_episode,short_positive,4,2023-06-09,2023-06-10,2
continuous_episode,short_positive,4,2023-06-12,2023-06-14,3
continuous_episode,short_positive,4,2023-06-18,2023-06-18,1
continuous_episode,short_positive,4,2023-06-22,2023-06-22,1
continuous_episode,short_positive,4,2023-06-24,2023-06-24,1
continuous_episode,short_positive,4,2023-06-26,2023-06-26,1
continuous_episode,short_positive,4,2023-06-28,2023-06-28,1
continuous_episode,short_positive,4,2023-07-04,2023-07-05,2
continuous_episode,short_positive,4,2023-07-09,2023-07-09,1
continuous_episode,short_positive,4,2023-07-11,2023-07-12,2
continuous_episode,short_positive,4,2023-07-22,2023-07-22,1
continuous_episode,short_positive,4,2023-07-24,2023-07-24,1
continuous_episode,short_positive,4,2023-07-27,2023-07-27,1
continuous_episode,short_positive,4,2023-07-30,2023-07-31,2
continuous_episode,short_positive,4,2023-08-02,2023-08-04,3
continuous_episode,short_positive,4,2023-08-06,2023-08-06,1
continuous_episode,short_positive,4,2023-08-09,2023-08-11,3
continuous_episode,short_positive,4,2023-08-13,2023-08-13,1
continuous_episode,short_positive,4,2023-08-15,2023-08-18,4
continuous_episode,short_positive,4,2023-08-21,2023-08-22,2
continuous_episode,short_positive,4,2023-08-24,2023-08-26,3
continuous_episode,short_positive,4,2023-08-28,2023-08-28,1
continuous_episode,short_positive,4,2023-08-30,2023-09-01,3
continuous_episode,short_positive,4,2023-09-04,2023-09-04,1
continuous_episode,short_positive,4,2023-09-06,2023-09-06,1
continuous_episode,short_positive,4,2023-09-08,2023-09-11,4
continuous_episode,short_positive,4,2023-09-16,2023-09-17,2
continuous_episode,short_positive,4,2023-09-21,2023-09-21,1
continuous_episode,short_positive,4,2023-09-23,2023-09-24,2
continuous_episode,short_positive,4,2023-09-26,2023-09-26,1
continuous_episode,short_positive,4,2023-10-02,2023-10-03,2
continuous_episode,short_positive,4,2023-10-05,2023-10-05,1
continuous_episode,short_positive,4,2023-10-08,2023-10-12,5
continuous_episode,short_positive,4,2023-10-15,2023-10-15,1
continuous_episode,short_positive,4,2023-10-17,2023-10-18,2
continuous_episode,short_positive,4,2023-12-09,2023-12-09,1
continuous_episode,short_positive,4,2023-12-24,2023-12-24,1
continuous_episode,short_positive,4,2024-01-05,2024-01-07,3
continuous_episode,short_positive,4,2024-01-09,2024-01-09,1
continuous_episode,short_positive,4,2024-01-12,2024-01-12,1
continuous_episode,short_positive,4,2024-01-14,2024-01-14,1
continuous_episode,short_positive,4,2024-01-17,2024-01-18,2
continuous_episode,short_positive,4,2024-01-21,2024-01-23,3
continuous_episode,short_positive,4,2024-01-25,2024-01-25,1
continuous_episode,short_positive,4,2024-01-28,2024-01-28,1
continuous_episode,short_positive,4,2024-01-30,2024-01-31,2
continuous_episode,short_positive,4,2024-02-04,2024-02-04,1
continuous_episode,short_positive,4,2024-02-13,2024-02-13,1
continuous_episode,short_positive,4,2024-02-17,2024-02-17,1
continuous_episode,short_positive,4,2024-04-02,2024-04-03,2
continuous_episode,short_positive,4,2024-04-05,2024-04-05,1
continuous_episode,short_positive,4,2024-04-09,2024-04-09,1
continuous_episode,short_positive,4,2024-04-11,2024-04-13,3
continuous_episode,short_positive,4,2024-04-15,2024-04-17,3
continuous_episode,short_positive,4,2024-04-21,2024-04-21,1
continuous_episode,short_positive,4,2024-04-23,2024-04-26,4
continuous_episode,short_positive,4,2024-04-28,2024-04-29,2
continuous_episode,short_positive_beats_both,0,2022-01-03,2022-01-05,3
continuous_episode,short_positive_beats_both,0,2022-01-07,2022-01-08,2
continuous_episode,short_positive_beats_both,0,2022-01-13,2022-01-13,1
continuous_episode,short_positive_beats_both,0,2022-01-18,2022-01-18,1
continuous_episode,short_positive_beats_both,0,2022-01-20,2022-01-21,2
continuous_episode,short_positive_beats_both,0,2022-01-30,2022-01-30,1
continuous_episode,short_positive_beats_both,0,2022-02-02,2022-02-02,1
continuous_episode,short_positive_beats_both,0,2022-02-10,2022-02-11,2
continuous_episode,short_positive_beats_both,0,2022-02-13,2022-02-13,1
continuous_episode,short_positive_beats_both,0,2022-02-16,2022-02-17,2
continuous_episode,short_positive_beats_both,0,2022-02-20,2022-02-21,2
continuous_episode,short_positive_beats_both,0,2022-02-23,2022-02-23,1
continuous_episode,short_positive_beats_both,1,2022-05-05,2022-05-09,5
continuous_episode,short_positive_beats_both,1,2022-05-16,2022-05-16,1
continuous_episode,short_positive_beats_both,1,2022-05-18,2022-05-18,1
continuous_episode,short_positive_beats_both,1,2022-05-20,2022-05-20,1
continuous_episode,short_positive_beats_both,1,2022-05-23,2022-05-23,1
continuous_episode,short_positive_beats_both,1,2022-05-26,2022-05-27,2
continuous_episode,short_positive_beats_both,1,2022-06-01,2022-06-01,1
continuous_episode,short_positive_beats_both,1,2022-06-03,2022-06-03,1
continuous_episode,short_positive_beats_both,1,2022-06-08,2022-06-13,6
continuous_episode,short_positive_beats_both,1,2022-06-16,2022-06-16,1
continuous_episode,short_positive_beats_both,1,2022-06-18,2022-06-18,1
continuous_episode,short_positive_beats_both,1,2022-06-22,2022-06-22,1
continuous_episode,short_positive_beats_both,1,2022-06-27,2022-06-28,2
continuous_episode,short_positive_beats_both,1,2022-06-30,2022-07-01,2
continuous_episode,short_positive_beats_both,1,2022-07-05,2022-07-05,1
continuous_episode,short_positive_beats_both,1,2022-07-08,2022-07-08,1
continuous_episode,short_positive_beats_both,1,2022-07-10,2022-07-12,3
continuous_episode,short_positive_beats_both,2,2022-08-03,2022-08-03,1
continuous_episode,short_positive_beats_both,2,2022-08-19,2022-08-19,1
continuous_episode,short_positive_beats_both,2,2022-08-24,2022-08-24,1
continuous_episode,short_positive_beats_both,2,2022-08-28,2022-08-28,1
continuous_episode,short_positive_beats_both,2,2022-08-30,2022-08-30,1
continuous_episode,short_positive_beats_both,2,2022-09-02,2022-09-02,1
continuous_episode,short_positive_beats_both,2,2022-09-06,2022-09-06,1
continuous_episode,short_positive_beats_both,2,2022-09-13,2022-09-13,1
continuous_episode,short_positive_beats_both,2,2022-09-15,2022-09-15,1
continuous_episode,short_positive_beats_both,2,2022-09-18,2022-09-18,1
continuous_episode,short_positive_beats_both,2,2022-09-21,2022-09-21,1
continuous_episode,short_positive_beats_both,2,2022-09-24,2022-09-25,2
continuous_episode,short_positive_beats_both,2,2022-09-27,2022-09-27,1
continuous_episode,short_positive_beats_both,2,2022-09-30,2022-10-01,2
continuous_episode,short_positive_beats_both,3,2022-10-08,2022-10-08,1
continuous_episode,short_positive_beats_both,3,2022-10-10,2022-10-10,1
continuous_episode,short_positive_beats_both,3,2022-10-14,2022-10-15,2
continuous_episode,short_positive_beats_both,3,2022-10-18,2022-10-18,1
continuous_episode,short_positive_beats_both,3,2022-10-20,2022-10-20,1
continuous_episode,short_positive_beats_both,3,2022-10-24,2022-10-24,1
continuous_episode,short_positive_beats_both,3,2022-10-27,2022-10-27,1
continuous_episode,short_positive_beats_both,3,2022-10-30,2022-10-30,1
continuous_episode,short_positive_beats_both,3,2022-11-06,2022-11-09,4
continuous_episode,short_positive_beats_both,3,2022-11-11,2022-11-11,1
continuous_episode,short_positive_beats_both,3,2022-11-13,2022-11-13,1
continuous_episode,short_positive_beats_both,3,2022-11-16,2022-11-17,2
continuous_episode,short_positive_beats_both,3,2022-11-20,2022-11-21,2
continuous_episode,short_positive_beats_both,3,2022-11-26,2022-11-26,1
continuous_episode,short_positive_beats_both,3,2022-11-28,2022-11-28,1
continuous_episode,short_positive_beats_both,3,2022-12-01,2022-12-01,1
continuous_episode,short_positive_beats_both,3,2022-12-03,2022-12-03,1
continuous_episode,short_positive_beats_both,3,2022-12-05,2022-12-05,1
continuous_episode,short_positive_beats_both,3,2022-12-07,2022-12-07,1
continuous_episode,short_positive_beats_both,3,2022-12-09,2022-12-09,1
continuous_episode,short_positive_beats_both,3,2022-12-11,2022-12-11,1
continuous_episode,short_positive_beats_both,3,2022-12-16,2022-12-16,1
continuous_episode,short_positive_beats_both,3,2022-12-18,2022-12-18,1
continuous_episode,short_positive_beats_both,3,2023-01-05,2023-01-05,1
continuous_episode,short_positive_beats_both,4,2023-02-27,2023-02-28,2
continuous_episode,short_positive_beats_both,4,2023-03-02,2023-03-03,2
continuous_episode,short_positive_beats_both,4,2023-03-09,2023-03-09,1
continuous_episode,short_positive_beats_both,4,2023-03-15,2023-03-15,1
continuous_episode,short_positive_beats_both,4,2023-03-18,2023-03-18,1
continuous_episode,short_positive_beats_both,4,2023-03-20,2023-03-20,1
continuous_episode,short_positive_beats_both,4,2023-03-22,2023-03-22,1
continuous_episode,short_positive_beats_both,4,2023-03-24,2023-03-24,1
continuous_episode,short_positive_beats_both,4,2023-03-30,2023-03-30,1
continuous_episode,short_positive_beats_both,4,2023-04-21,2023-04-21,1
continuous_episode,short_positive_beats_both,4,2023-04-23,2023-04-23,1
continuous_episode,short_positive_beats_both,4,2023-04-30,2023-05-01,2
continuous_episode,short_positive_beats_both,4,2023-05-04,2023-05-04,1
continuous_episode,short_positive_beats_both,4,2023-05-06,2023-05-08,3
continuous_episode,short_positive_beats_both,4,2023-05-11,2023-05-11,1
continuous_episode,short_positive_beats_both,4,2023-05-13,2023-05-13,1
continuous_episode,short_positive_beats_both,4,2023-05-18,2023-05-18,1
continuous_episode,short_positive_beats_both,4,2023-05-21,2023-05-21,1
continuous_episode,short_positive_beats_both,4,2023-05-24,2023-05-24,1
continuous_episode,short_positive_beats_both,4,2023-05-31,2023-06-01,2
continuous_episode,short_positive_beats_both,4,2023-06-03,2023-06-03,1
continuous_episode,short_positive_beats_both,4,2023-06-05,2023-06-05,1
continuous_episode,short_positive_beats_both,4,2023-06-07,2023-06-07,1
continuous_episode,short_positive_beats_both,4,2023-06-09,2023-06-10,2
continuous_episode,short_positive_beats_both,4,2023-06-13,2023-06-14,2
continuous_episode,short_positive_beats_both,4,2023-06-22,2023-06-22,1
continuous_episode,short_positive_beats_both,4,2023-06-24,2023-06-24,1
continuous_episode,short_positive_beats_both,4,2023-06-26,2023-06-26,1
continuous_episode,short_positive_beats_both,4,2023-06-28,2023-06-28,1
continuous_episode,short_positive_beats_both,4,2023-07-04,2023-07-05,2
continuous_episode,short_positive_beats_both,4,2023-07-09,2023-07-09,1
continuous_episode,short_positive_beats_both,4,2023-07-12,2023-07-12,1
continuous_episode,short_positive_beats_both,4,2023-07-22,2023-07-22,1
continuous_episode,short_positive_beats_both,4,2023-07-24,2023-07-24,1
continuous_episode,short_positive_beats_both,4,2023-07-27,2023-07-27,1
continuous_episode,short_positive_beats_both,4,2023-07-30,2023-07-31,2
continuous_episode,short_positive_beats_both,4,2023-08-02,2023-08-04,3
continuous_episode,short_positive_beats_both,4,2023-08-06,2023-08-06,1
continuous_episode,short_positive_beats_both,4,2023-08-09,2023-08-11,3
continuous_episode,short_positive_beats_both,4,2023-08-13,2023-08-13,1
continuous_episode,short_positive_beats_both,4,2023-08-15,2023-08-17,3
continuous_episode,short_positive_beats_both,4,2023-08-21,2023-08-22,2
continuous_episode,short_positive_beats_both,4,2023-08-24,2023-08-26,3
continuous_episode,short_positive_beats_both,4,2023-08-28,2023-08-28,1
continuous_episode,short_positive_beats_both,4,2023-08-30,2023-09-01,3
continuous_episode,short_positive_beats_both,4,2023-09-04,2023-09-04,1
continuous_episode,short_positive_beats_both,4,2023-09-08,2023-09-08,1
continuous_episode,short_positive_beats_both,4,2023-09-11,2023-09-11,1
continuous_episode,short_positive_beats_both,4,2023-09-16,2023-09-16,1
continuous_episode,short_positive_beats_both,4,2023-09-21,2023-09-21,1
continuous_episode,short_positive_beats_both,4,2023-09-24,2023-09-24,1
continuous_episode,short_positive_beats_both,4,2023-09-26,2023-09-26,1
continuous_episode,short_positive_beats_both,4,2023-10-02,2023-10-02,1
continuous_episode,short_positive_beats_both,4,2023-10-05,2023-10-05,1
continuous_episode,short_positive_beats_both,4,2023-10-09,2023-10-12,4
continuous_episode,short_positive_beats_both,4,2023-10-17,2023-10-18,2
continuous_episode,short_positive_beats_both,4,2023-12-09,2023-12-09,1
continuous_episode,short_positive_beats_both,4,2024-01-05,2024-01-07,3
continuous_episode,short_positive_beats_both,4,2024-01-12,2024-01-12,1
continuous_episode,short_positive_beats_both,4,2024-01-14,2024-01-14,1
continuous_episode,short_positive_beats_both,4,2024-01-17,2024-01-18,2
continuous_episode,short_positive_beats_both,4,2024-01-22,2024-01-23,2
continuous_episode,short_positive_beats_both,4,2024-01-28,2024-01-28,1
continuous_episode,short_positive_beats_both,4,2024-01-31,2024-01-31,1
continuous_episode,short_positive_beats_both,4,2024-02-04,2024-02-04,1
continuous_episode,short_positive_beats_both,4,2024-04-02,2024-04-03,2
continuous_episode,short_positive_beats_both,4,2024-04-05,2024-04-05,1
continuous_episode,short_positive_beats_both,4,2024-04-09,2024-04-09,1
continuous_episode,short_positive_beats_both,4,2024-04-11,2024-04-13,3
continuous_episode,short_positive_beats_both,4,2024-04-16,2024-04-17,2
continuous_episode,short_positive_beats_both,4,2024-04-21,2024-04-21,1
continuous_episode,short_positive_beats_both,4,2024-04-24,2024-04-24,1
continuous_episode,short_loses_on_CORE5_rebound,0,2022-01-02,2022-01-02,1
continuous_episode,short_loses_on_CORE5_rebound,0,2022-01-09,2022-01-09,1
continuous_episode,short_loses_on_CORE5_rebound,0,2022-01-11,2022-01-12,2
continuous_episode,short_loses_on_CORE5_rebound,0,2022-01-14,2022-01-15,2
continuous_episode,short_loses_on_CORE5_rebound,0,2022-01-23,2022-01-23,1
continuous_episode,short_loses_on_CORE5_rebound,0,2022-01-25,2022-01-25,1
continuous_episode,short_loses_on_CORE5_rebound,0,2022-01-28,2022-01-29,2
continuous_episode,short_loses_on_CORE5_rebound,0,2022-01-31,2022-02-01,2
continuous_episode,short_loses_on_CORE5_rebound,0,2022-02-03,2022-02-07,5
continuous_episode,short_loses_on_CORE5_rebound,0,2022-02-09,2022-02-09,1
continuous_episode,short_loses_on_CORE5_rebound,0,2022-02-12,2022-02-12,1
continuous_episode,short_loses_on_CORE5_rebound,0,2022-02-14,2022-02-15,2
continuous_episode,short_loses_on_CORE5_rebound,0,2022-02-19,2022-02-19,1
continuous_episode,short_loses_on_CORE5_rebound,0,2022-02-22,2022-02-22,1
continuous_episode,short_loses_on_CORE5_rebound,0,2022-02-24,2022-02-24,1
continuous_episode,short_loses_on_CORE5_rebound,1,2022-05-04,2022-05-04,1
continuous_episode,short_loses_on_CORE5_rebound,1,2022-05-10,2022-05-10,1
continuous_episode,short_loses_on_CORE5_rebound,1,2022-05-13,2022-05-15,3
continuous_episode,short_loses_on_CORE5_rebound,1,2022-05-17,2022-05-17,1
continuous_episode,short_loses_on_CORE5_rebound,1,2022-05-19,2022-05-19,1
continuous_episode,short_loses_on_CORE5_rebound,1,2022-05-21,2022-05-22,2
continuous_episode,short_loses_on_CORE5_rebound,1,2022-05-24,2022-05-24,1
continuous_episode,short_loses_on_CORE5_rebound,1,2022-05-28,2022-05-30,3
continuous_episode,short_loses_on_CORE5_rebound,1,2022-06-02,2022-06-02,1
continuous_episode,short_loses_on_CORE5_rebound,1,2022-06-04,2022-06-04,1
continuous_episode,short_loses_on_CORE5_rebound,1,2022-06-06,2022-06-06,1
continuous_episode,short_loses_on_CORE5_rebound,1,2022-06-14,2022-06-15,2
continuous_episode,short_loses_on_CORE5_rebound,1,2022-06-17,2022-06-17,1
continuous_episode,short_loses_on_CORE5_rebound,1,2022-06-19,2022-06-19,1
continuous_episode,short_loses_on_CORE5_rebound,1,2022-06-21,2022-06-21,1
continuous_episode,short_loses_on_CORE5_rebound,1,2022-06-23,2022-06-25,3
continuous_episode,short_loses_on_CORE5_rebound,1,2022-07-02,2022-07-04,3
continuous_episode,short_loses_on_CORE5_rebound,1,2022-07-06,2022-07-07,2
continuous_episode,short_loses_on_CORE5_rebound,1,2022-07-09,2022-07-09,1
continuous_episode,short_loses_on_CORE5_rebound,1,2022-07-13,2022-07-16,4
continuous_episode,short_loses_on_CORE5_rebound,1,2022-07-26,2022-07-28,3
continuous_episode,short_loses_on_CORE5_rebound,1,2022-07-30,2022-07-30,1
continuous_episode,short_loses_on_CORE5_rebound,2,2022-08-04,2022-08-05,2
continuous_episode,short_loses_on_CORE5_rebound,2,2022-08-07,2022-08-08,2
continuous_episode,short_loses_on_CORE5_rebound,2,2022-08-20,2022-08-21,2
continuous_episode,short_loses_on_CORE5_rebound,2,2022-08-23,2022-08-23,1
continuous_episode,short_loses_on_CORE5_rebound,2,2022-08-25,2022-08-25,1
continuous_episode,short_loses_on_CORE5_rebound,2,2022-08-29,2022-08-29,1
continuous_episode,short_loses_on_CORE5_rebound,2,2022-08-31,2022-09-01,2
continuous_episode,short_loses_on_CORE5_rebound,2,2022-09-04,2022-09-05,2
continuous_episode,short_loses_on_CORE5_rebound,2,2022-09-07,2022-09-10,4
continuous_episode,short_loses_on_CORE5_rebound,2,2022-09-12,2022-09-12,1
continuous_episode,short_loses_on_CORE5_rebound,2,2022-09-14,2022-09-14,1
continuous_episode,short_loses_on_CORE5_rebound,2,2022-09-16,2022-09-17,2
continuous_episode,short_loses_on_CORE5_rebound,2,2022-09-19,2022-09-19,1
continuous_episode,short_loses_on_CORE5_rebound,2,2022-09-22,2022-09-23,2
continuous_episode,short_loses_on_CORE5_rebound,2,2022-09-26,2022-09-26,1
continuous_episode,short_loses_on_CORE5_rebound,2,2022-09-28,2022-09-29,2
continuous_episode,short_loses_on_CORE5_rebound,3,2022-10-03,2022-10-04,2
continuous_episode,short_loses_on_CORE5_rebound,3,2022-10-09,2022-10-09,1
continuous_episode,short_loses_on_CORE5_rebound,3,2022-10-12,2022-10-12,1
continuous_episode,short_loses_on_CORE5_rebound,3,2022-10-16,2022-10-17,2
continuous_episode,short_loses_on_CORE5_rebound,3,2022-10-21,2022-10-21,1
continuous_episode,short_loses_on_CORE5_rebound,3,2022-10-23,2022-10-23,1
continuous_episode,short_loses_on_CORE5_rebound,3,2022-10-25,2022-10-26,2
continuous_episode,short_loses_on_CORE5_rebound,3,2022-10-28,2022-10-29,2
continuous_episode,short_loses_on_CORE5_rebound,3,2022-11-01,2022-11-01,1
continuous_episode,short_loses_on_CORE5_rebound,3,2022-11-04,2022-11-05,2
continuous_episode,short_loses_on_CORE5_rebound,3,2022-11-10,2022-11-10,1
continuous_episode,short_loses_on_CORE5_rebound,3,2022-11-14,2022-11-15,2
continuous_episode,short_loses_on_CORE5_rebound,3,2022-11-22,2022-11-24,3
continuous_episode,short_loses_on_CORE5_rebound,3,2022-11-29,2022-11-30,2
continuous_episode,short_loses_on_CORE5_rebound,3,2022-12-02,2022-12-02,1
continuous_episode,short_loses_on_CORE5_rebound,3,2022-12-04,2022-12-04,1
continuous_episode,short_loses_on_CORE5_rebound,3,2022-12-06,2022-12-06,1
continuous_episode,short_loses_on_CORE5_rebound,3,2022-12-08,2022-12-08,1
continuous_episode,short_loses_on_CORE5_rebound,3,2022-12-12,2022-12-13,2
continuous_episode,short_loses_on_CORE5_rebound,3,2022-12-17,2022-12-17,1
continuous_episode,short_loses_on_CORE5_rebound,3,2022-12-20,2022-12-20,1
continuous_episode,short_loses_on_CORE5_rebound,3,2022-12-22,2022-12-23,2
continuous_episode,short_loses_on_CORE5_rebound,3,2022-12-26,2022-12-26,1
continuous_episode,short_loses_on_CORE5_rebound,3,2022-12-30,2023-01-04,6
continuous_episode,short_loses_on_CORE5_rebound,3,2023-01-06,2023-01-06,1
continuous_episode,short_loses_on_CORE5_rebound,3,2023-01-08,2023-01-14,7
continuous_episode,short_loses_on_CORE5_rebound,3,2023-02-14,2023-02-15,2
continuous_episode,short_loses_on_CORE5_rebound,3,2023-02-17,2023-02-18,2
continuous_episode,short_loses_on_CORE5_rebound,3,2023-02-20,2023-02-20,1
continuous_episode,short_loses_on_CORE5_rebound,4,2023-02-26,2023-02-26,1
continuous_episode,short_loses_on_CORE5_rebound,4,2023-03-01,2023-03-01,1
continuous_episode,short_loses_on_CORE5_rebound,4,2023-03-10,2023-03-14,5
continuous_episode,short_loses_on_CORE5_rebound,4,2023-03-16,2023-03-17,2
continuous_episode,short_loses_on_CORE5_rebound,4,2023-03-19,2023-03-19,1
continuous_episode,short_loses_on_CORE5_rebound,4,2023-03-21,2023-03-21,1
continuous_episode,short_loses_on_CORE5_rebound,4,2023-03-23,2023-03-23,1
continuous_episode,short_loses_on_CORE5_rebound,4,2023-03-26,2023-03-26,1
continuous_episode,short_loses_on_CORE5_rebound,4,2023-03-28,2023-03-29,2
continuous_episode,short_loses_on_CORE5_rebound,4,2023-03-31,2023-04-01,2
continuous_episode,short_loses_on_CORE5_rebound,4,2023-04-04,2023-04-05,2
continuous_episode,short_loses_on_CORE5_rebound,4,2023-04-22,2023-04-22,1
continuous_episode,short_loses_on_CORE5_rebound,4,2023-04-27,2023-04-28,2
continuous_episode,short_loses_on_CORE5_rebound,4,2023-05-02,2023-05-03,2
continuous_episode,short_loses_on_CORE5_rebound,4,2023-05-05,2023-05-05,1
continuous_episode,short_loses_on_CORE5_rebound,4,2023-05-09,2023-05-09,1
continuous_episode,short_loses_on_CORE5_rebound,4,2023-05-12,2023-05-12,1
continuous_episode,short_loses_on_CORE5_rebound,4,2023-05-14,2023-05-17,4
continuous_episode,short_loses_on_CORE5_rebound,4,2023-05-19,2023-05-20,2
continuous_episode,short_loses_on_CORE5_rebound,4,2023-05-22,2023-05-23,2
continuous_episode,short_loses_on_CORE5_rebound,4,2023-05-25,2023-05-28,4
continuous_episode,short_loses_on_CORE5_rebound,4,2023-05-30,2023-05-30,1
continuous_episode,short_loses_on_CORE5_rebound,4,2023-06-02,2023-06-02,1
continuous_episode,short_loses_on_CORE5_rebound,4,2023-06-04,2023-06-04,1
continuous_episode,short_loses_on_CORE5_rebound,4,2023-06-06,2023-06-06,1
continuous_episode,short_loses_on_CORE5_rebound,4,2023-06-08,2023-06-08,1
continuous_episode,short_loses_on_CORE5_rebound,4,2023-06-11,2023-06-11,1
continuous_episode,short_loses_on_CORE5_rebound,4,2023-06-15,2023-06-17,3
continuous_episode,short_loses_on_CORE5_rebound,4,2023-06-19,2023-06-21,3
continuous_episode,short_loses_on_CORE5_rebound,4,2023-06-23,2023-06-23,1
continuous_episode,short_loses_on_CORE5_rebound,4,2023-06-25,2023-06-25,1
continuous_episode,short_loses_on_CORE5_rebound,4,2023-06-27,2023-06-27,1
continuous_episode,short_loses_on_CORE5_rebound,4,2023-06-29,2023-07-03,5
continuous_episode,short_loses_on_CORE5_rebound,4,2023-07-07,2023-07-08,2
continuous_episode,short_loses_on_CORE5_rebound,4,2023-07-10,2023-07-10,1
continuous_episode,short_loses_on_CORE5_rebound,4,2023-07-13,2023-07-13,1
continuous_episode,short_loses_on_CORE5_rebound,4,2023-07-23,2023-07-23,1
continuous_episode,short_loses_on_CORE5_rebound,4,2023-07-25,2023-07-26,2
continuous_episode,short_loses_on_CORE5_rebound,4,2023-07-29,2023-07-29,1
continuous_episode,short_loses_on_CORE5_rebound,4,2023-08-01,2023-08-01,1
continuous_episode,short_loses_on_CORE5_rebound,4,2023-08-05,2023-08-05,1
continuous_episode,short_loses_on_CORE5_rebound,4,2023-08-08,2023-08-08,1
continuous_episode,short_loses_on_CORE5_rebound,4,2023-08-12,2023-08-12,1
continuous_episode,short_loses_on_CORE5_rebound,4,2023-08-14,2023-08-14,1
continuous_episode,short_loses_on_CORE5_rebound,4,2023-08-19,2023-08-20,2
continuous_episode,short_loses_on_CORE5_rebound,4,2023-08-23,2023-08-23,1
continuous_episode,short_loses_on_CORE5_rebound,4,2023-08-27,2023-08-27,1
continuous_episode,short_loses_on_CORE5_rebound,4,2023-08-29,2023-08-29,1
continuous_episode,short_loses_on_CORE5_rebound,4,2023-09-02,2023-09-03,2
continuous_episode,short_loses_on_CORE5_rebound,4,2023-09-05,2023-09-05,1
continuous_episode,short_loses_on_CORE5_rebound,4,2023-09-07,2023-09-07,1
continuous_episode,short_loses_on_CORE5_rebound,4,2023-09-12,2023-09-15,4
continuous_episode,short_loses_on_CORE5_rebound,4,2023-09-18,2023-09-20,3
continuous_episode,short_loses_on_CORE5_rebound,4,2023-09-22,2023-09-22,1
continuous_episode,short_loses_on_CORE5_rebound,4,2023-09-25,2023-09-25,1
continuous_episode,short_loses_on_CORE5_rebound,4,2023-09-27,2023-10-01,5
continuous_episode,short_loses_on_CORE5_rebound,4,2023-10-06,2023-10-06,1
continuous_episode,short_loses_on_CORE5_rebound,4,2023-10-13,2023-10-14,2
continuous_episode,short_loses_on_CORE5_rebound,4,2023-10-16,2023-10-16,1
continuous_episode,short_loses_on_CORE5_rebound,4,2023-10-19,2023-10-23,5
continuous_episode,short_loses_on_CORE5_rebound,4,2023-12-06,2023-12-08,3
continuous_episode,short_loses_on_CORE5_rebound,4,2023-12-10,2023-12-10,1
continuous_episode,short_loses_on_CORE5_rebound,4,2023-12-13,2023-12-14,2
continuous_episode,short_loses_on_CORE5_rebound,4,2023-12-16,2023-12-16,1
continuous_episode,short_loses_on_CORE5_rebound,4,2023-12-18,2023-12-18,1
continuous_episode,short_loses_on_CORE5_rebound,4,2023-12-20,2023-12-21,2
continuous_episode,short_loses_on_CORE5_rebound,4,2023-12-25,2023-12-25,1
continuous_episode,short_loses_on_CORE5_rebound,4,2024-01-04,2024-01-04,1
continuous_episode,short_loses_on_CORE5_rebound,4,2024-01-08,2024-01-08,1
continuous_episode,short_loses_on_CORE5_rebound,4,2024-01-10,2024-01-11,2
continuous_episode,short_loses_on_CORE5_rebound,4,2024-01-13,2024-01-13,1
continuous_episode,short_loses_on_CORE5_rebound,4,2024-01-15,2024-01-16,2
continuous_episode,short_loses_on_CORE5_rebound,4,2024-01-19,2024-01-20,2
continuous_episode,short_loses_on_CORE5_rebound,4,2024-01-24,2024-01-24,1
continuous_episode,short_loses_on_CORE5_rebound,4,2024-01-26,2024-01-27,2
continuous_episode,short_loses_on_CORE5_rebound,4,2024-01-29,2024-01-29,1
continuous_episode,short_loses_on_CORE5_rebound,4,2024-02-01,2024-02-02,2
continuous_episode,short_loses_on_CORE5_rebound,4,2024-02-05,2024-02-10,6
continuous_episode,short_loses_on_CORE5_rebound,4,2024-02-12,2024-02-12,1
continuous_episode,short_loses_on_CORE5_rebound,4,2024-02-14,2024-02-15,2
continuous_episode,short_loses_on_CORE5_rebound,4,2024-02-18,2024-02-19,2
continuous_episode,short_loses_on_CORE5_rebound,4,2024-04-04,2024-04-04,1
continuous_episode,short_loses_on_CORE5_rebound,4,2024-04-06,2024-04-08,3
continuous_episode,short_loses_on_CORE5_rebound,4,2024-04-10,2024-04-10,1
continuous_episode,short_loses_on_CORE5_rebound,4,2024-04-14,2024-04-14,1
continuous_episode,short_loses_on_CORE5_rebound,4,2024-04-18,2024-04-20,3
continuous_episode,short_loses_on_CORE5_rebound,4,2024-04-22,2024-04-22,1
continuous_episode,short_loses_on_CORE5_rebound,4,2024-04-27,2024-04-27,1
continuous_episode,VOL_CS_MOM_all_lose,0,2022-01-16,2022-01-16,1
continuous_episode,VOL_CS_MOM_all_lose,1,2022-07-17,2022-07-17,1
continuous_episode,VOL_CS_MOM_all_lose,1,2022-07-29,2022-07-30,2
continuous_episode,VOL_CS_MOM_all_lose,3,2022-10-06,2022-10-06,1
continuous_episode,VOL_CS_MOM_all_lose,3,2022-11-02,2022-11-03,2
continuous_episode,VOL_CS_MOM_all_lose,3,2022-12-10,2022-12-10,1
continuous_episode,VOL_CS_MOM_all_lose,3,2022-12-14,2022-12-14,1
continuous_episode,VOL_CS_MOM_all_lose,3,2023-01-15,2023-01-15,1
continuous_episode,VOL_CS_MOM_all_lose,4,2023-04-24,2023-04-24,1
continuous_episode,VOL_CS_MOM_all_lose,4,2023-07-28,2023-07-28,1
continuous_episode,VOL_CS_MOM_all_lose,4,2023-08-07,2023-08-07,1
continuous_episode,VOL_CS_MOM_all_lose,4,2023-12-11,2023-12-12,2
continuous_episode,VOL_CS_MOM_all_lose,4,2023-12-15,2023-12-15,1
continuous_episode,VOL_CS_MOM_all_lose,4,2023-12-17,2023-12-17,1
continuous_episode,VOL_CS_MOM_all_lose,4,2023-12-19,2023-12-19,1
continuous_episode,VOL_CS_MOM_all_lose,4,2023-12-26,2023-12-26,1
continuous_episode,VOL_CS_MOM_all_lose,4,2024-02-03,2024-02-03,1
continuous_episode,VOL_CS_MOM_all_lose,4,2024-02-11,2024-02-11,1
continuous_episode,VOL_CS_MOM_all_lose,4,2024-02-16,2024-02-16,1
