fold,contrast,start_index,decision_us,forecast_market_return,prefix_mean_forecast,expert_return_contrast,VOL_return,other_return,label_available_us,full21_active_intervals,active_intervals,includes_paid_close,original_disjoint_span
2023-07-03,VOL_MINUS_SHORT,0,1688342400000000,-0.017528406870719583,-0.009075487077098867,0.07918464024320437,0.02755115367018024,-0.051633486573024134,1690156860000001,True,21,False,True
2023-07-03,VOL_MINUS_SHORT,1,1688428800000000,-0.02637359333579975,-0.009075487077098867,0.07034817181812802,0.02450083882697207,-0.045847332991155954,1690243260000001,True,21,False,False
2023-07-03,VOL_MINUS_SHORT,2,1688515200000000,-0.024469306259067836,-0.009075487077098867,0.07376880100677585,0.027304923074424448,-0.046463877932351405,1690329660000001,True,21,False,False
2023-07-03,VOL_MINUS_SHORT,3,1688601600000000,-0.015328389098038235,-0.009075487077098867,0.07740306785855189,0.029189654148832567,-0.04821341370971932,1690416060000001,True,21,False,False
2023-07-03,VOL_MINUS_SHORT,4,1688688000000000,-0.004302565427433746,-0.009075487077098867,0.07692862082164498,0.029208612540383205,-0.04772000828126177,1690502460000001,True,21,False,False
2023-07-03,VOL_MINUS_SHORT,5,1688774400000000,-0.005929206730835945,-0.009075487077098867,0.0750511715680987,0.027531678734544318,-0.04751949283355439,1690588860000001,True,21,False,False
2023-07-03,VOL_MINUS_SHORT,6,1688860800000000,-0.006656202423557687,-0.009075487077098867,0.07614694003592837,0.0287411086892424,-0.04740583134668597,1690675260000001,True,21,False,False
2023-07-03,VOL_MINUS_SHORT,7,1688947200000000,-0.004168372833345281,-0.009075487077098867,0.0745350176389925,0.027041963341088993,-0.047493054297903514,1690761660000001,True,21,False,False
2023-07-03,VOL_MINUS_SHORT,8,1689033600000000,-0.0004000469622351781,-0.009075487077098867,0.0717557507502592,0.025450453656450156,-0.04630529709380904,1690848060000001,True,21,False,False
2023-07-03,VOL_MINUS_SHORT,9,1689120000000000,0.0018010841484827258,-0.009075487077098867,0.07570560273806681,0.02610074391655215,-0.049604858821514664,1690934460000001,True,21,False,False
2023-07-03,VOL_MINUS_SHORT,10,1689206400000000,0.006597226945800333,-0.009075487077098867,0.06878382559231222,0.02302961213433119,-0.04575421345798103,1691020860000001,True,21,False,False
2023-07-03,VOL_MINUS_SHORT,11,1689292800000000,-0.06472251674119954,-0.009075487077098867,-0.011997662015240218,-0.009438703074972743,0.002558958940267475,1691107260000001,True,21,False,False
2023-07-03,VOL_MINUS_SHORT,12,1689379200000000,-0.05901973798700268,-0.009075487077098867,-0.010931025661726212,-0.007483133125567476,0.0034478925361587365,1691193660000001,True,21,False,False
2023-07-03,VOL_MINUS_SHORT,13,1689465600000000,-0.0584862832100483,-0.009075487077098867,-0.011543504309645125,-0.008274779272626653,0.0032687250370184717,1691280060000001,True,21,False,False
2023-07-03,VOL_MINUS_SHORT,14,1689552000000000,-0.06019118556678488,-0.009075487077098867,-0.011986429918373953,-0.008313232672914617,0.0036731972454593365,1691366460000001,True,21,False,False
2023-07-03,VOL_MINUS_SHORT,15,1689638400000000,-0.05691138075721352,-0.009075487077098867,-0.011425538028748794,-0.008129405333525797,0.0032961326952229975,1691452860000001,True,21,False,False
2023-07-03,VOL_MINUS_SHORT,16,1689724800000000,-0.03991502941774185,-0.009075487077098867,-0.003626415714474307,-0.004398211784391148,-0.0007717960699168414,1691539260000001,True,21,False,False
2023-07-03,VOL_MINUS_SHORT,17,1689811200000000,-0.04398467654155059,-0.009075487077098867,-0.006509544490564956,-0.006361625921690761,0.00014791856887419463,1691625660000001,True,21,False,False
2023-07-03,VOL_MINUS_SHORT,18,1689897600000000,-0.036853901579518865,-0.009075487077098867,-0.006040665072540308,-0.005109118890367914,0.0009315461821723936,1691712060000001,True,21,False,False
2023-07-03,VOL_MINUS_SHORT,19,1689984000000000,-0.036593632648617216,-0.009075487077098867,-0.0068783579980069565,-0.005607414797279331,0.0012709432007276256,1691798460000001,True,21,False,False
2023-07-03,VOL_MINUS_SHORT,20,1690070400000000,-0.03134076981379091,-0.009075487077098867,-0.0028772244456676255,-0.0018436155214711647,0.0010336089241964608,1691884860000001,True,21,False,False
2023-07-03,VOL_MINUS_SHORT,21,1690156800000000,-0.027043117464413576,-0.009075487077098867,-0.014825039525108274,-0.008048411709628556,0.006776627815479719,1691971260000001,True,21,False,True
2023-07-03,VOL_MINUS_SHORT,22,1690243200000000,-0.02168037030978825,-0.009075487077098867,0.003678518728570057,-0.0009278676600591451,-0.004606386388629202,1692057660000001,True,21,False,False
2023-07-03,VOL_MINUS_SHORT,23,1690329600000000,-0.026779540091368598,-0.009075487077098867,-0.020873963239468996,-0.015420429838903793,0.0054535334005652025,1692144060000001,True,21,False,False
2023-07-03,VOL_MINUS_SHORT,24,1690416000000000,-0.03024205434745858,-0.009075487077098867,-0.04344989732127269,-0.02755143883929323,0.01589845848197946,1692230460000001,True,21,False,False
2023-07-03,VOL_MINUS_SHORT,25,1690502400000000,-0.02975574109712875,-0.009075487077098867,-0.09827743234460595,-0.054361936695720314,0.04391549564888564,1692316860000001,True,21,False,False
2023-07-03,VOL_MINUS_SHORT,26,1690588800000000,-0.02935322671098948,-0.009075487077098867,-0.1000677518606603,-0.054531886526977935,0.04553586533368237,1692403260000001,True,21,False,False
2023-07-03,VOL_MINUS_SHORT,27,1690675200000000,-0.03605447538446985,-0.009075487077098867,-0.09473324517392812,-0.052583090410277644,0.04215015476365047,1692489660000001,True,21,False,False
2023-07-03,VOL_MINUS_SHORT,28,1690761600000000,-0.027835099786634537,-0.009075487077098867,-0.08820360290032592,-0.048506188176581144,0.03969741472374477,1692576060000001,True,21,False,False
2023-07-03,VOL_MINUS_SHORT,29,1690848000000000,-0.02271817528940049,-0.009075487077098867,-0.09487603369762032,-0.051448768222919106,0.043427265474701215,1692662460000001,True,21,False,False
2023-07-03,VOL_MINUS_SHORT,30,1690934400000000,-0.029486713581446625,-0.009075487077098867,-0.1052902516638331,-0.05550669861815394,0.04978355304567916,1692748860000001,True,21,False,False
2023-07-03,VOL_MINUS_SHORT,31,1691020800000000,-0.0008641414077409509,-0.009075487077098867,-0.08350459335180482,-0.04552533807318215,0.03797925527862267,1692835260000001,True,21,False,False
2023-07-03,VOL_MINUS_SHORT,32,1691107200000000,0.001655438878509552,-0.009075487077098867,-0.09015091990313895,-0.048110973738432206,0.04203994616470674,1692921660000001,True,21,False,False
2023-07-03,VOL_MINUS_SHORT,33,1691193600000000,0.0024064645464660847,-0.009075487077098867,-0.09066337743777764,-0.04825313501730455,0.04241024242047309,1693008060000001,True,21,False,False
2023-07-03,VOL_MINUS_SHORT,34,1691280000000000,0.002084299141853615,-0.009075487077098867,-0.0933673753272739,-0.0496416529230812,0.0437257224041927,1693094460000001,True,21,False,False
2023-07-03,VOL_MINUS_SHORT,35,1691366400000000,0.00348764090582699,-0.009075487077098867,-0.08891456700786626,-0.04764358171797933,0.04127098528988693,1693180860000001,True,21,False,False
2023-07-03,VOL_MINUS_SHORT,36,1691452800000000,8.826784780465759e-05,-0.009075487077098867,-0.08951380822694577,-0.04755507456225927,0.0419587336646865,1693267260000001,True,21,False,False
2023-07-03,VOL_MINUS_SHORT,37,1691539200000000,-0.006587873605875365,-0.009075487077098867,-0.07238636766042739,-0.03897392168441882,0.033412445976008565,1693353660000001,True,21,False,False
2023-07-03,VOL_MINUS_SHORT,38,1691625600000000,-0.009263417421751716,-0.009075487077098867,-0.08127094509069299,-0.04382393849703514,0.03744700659365785,1693440060000001,True,21,False,False
2023-07-03,VOL_MINUS_SHORT,39,1691712000000000,-0.008465024303750042,-0.009075487077098867,-0.09826659013876082,-0.052297955323204914,0.04596863481555591,1693526460000001,True,21,False,False
2023-07-03,VOL_MINUS_SHORT,40,1691798400000000,-0.010660766944869941,-0.009075487077098867,-0.10275227605741133,-0.05451679734806247,0.048235478709348856,1693612860000001,True,21,False,False
2023-07-03,VOL_MINUS_SHORT,41,1691884800000000,0.011461201199155077,-0.009075487077098867,-0.10208280686900018,-0.05441306901959486,0.047669737849405314,1693699260000001,True,21,False,False
2023-07-03,VOL_MINUS_SHORT,42,1691971200000000,0.018061195961704905,-0.009075487077098867,-0.09413036666843577,-0.050018619959688704,0.04411174670874707,1693699260000001,False,20,True,True
2023-07-03,VOL_MINUS_CS,0,1688342400000000,-0.017528406870719583,-0.009075487077098867,0.06961067170802304,0.02755115367018024,-0.0420595180378428,1690156860000001,True,21,False,True
2023-07-03,VOL_MINUS_CS,1,1688428800000000,-0.02637359333579975,-0.009075487077098867,0.06829001034352578,0.02450083882697207,-0.043789171516553704,1690243260000001,True,21,False,False
2023-07-03,VOL_MINUS_CS,2,1688515200000000,-0.024469306259067836,-0.009075487077098867,0.07092620314951936,0.027304923074424448,-0.043621280075094915,1690329660000001,True,21,False,False
2023-07-03,VOL_MINUS_CS,3,1688601600000000,-0.015328389098038235,-0.009075487077098867,0.0704621648044309,0.029189654148832567,-0.04127251065559834,1690416060000001,True,21,False,False
2023-07-03,VOL_MINUS_CS,4,1688688000000000,-0.004302565427433746,-0.009075487077098867,0.07246774443732518,0.029208612540383205,-0.04325913189694197,1690502460000001,True,21,False,False
2023-07-03,VOL_MINUS_CS,5,1688774400000000,-0.005929206730835945,-0.009075487077098867,0.07405928706010523,0.027531678734544318,-0.04652760832556091,1690588860000001,True,21,False,False
2023-07-03,VOL_MINUS_CS,6,1688860800000000,-0.006656202423557687,-0.009075487077098867,0.07528485565000709,0.0287411086892424,-0.04654374696076469,1690675260000001,True,21,False,False
2023-07-03,VOL_MINUS_CS,7,1688947200000000,-0.004168372833345281,-0.009075487077098867,0.07393703260553719,0.027041963341088993,-0.0468950692644482,1690761660000001,True,21,False,False
2023-07-03,VOL_MINUS_CS,8,1689033600000000,-0.0004000469622351781,-0.009075487077098867,0.07199025088802313,0.025450453656450156,-0.04653979723157298,1690848060000001,True,21,False,False
2023-07-03,VOL_MINUS_CS,9,1689120000000000,0.0018010841484827258,-0.009075487077098867,0.07582003877529453,0.02610074391655215,-0.04971929485874238,1690934460000001,True,21,False,False
2023-07-03,VOL_MINUS_CS,10,1689206400000000,0.006597226945800333,-0.009075487077098867,0.074139378350628,0.02302961213433119,-0.051109766216296815,1691020860000001,True,21,False,False
2023-07-03,VOL_MINUS_CS,11,1689292800000000,-0.06472251674119954,-0.009075487077098867,-0.003826718031497367,-0.009438703074972743,-0.005611985043475376,1691107260000001,True,21,False,False
2023-07-03,VOL_MINUS_CS,12,1689379200000000,-0.05901973798700268,-0.009075487077098867,0.0026777417609838983,-0.007483133125567476,-0.010160874886551374,1691193660000001,True,21,False,False
2023-07-03,VOL_MINUS_CS,13,1689465600000000,-0.0584862832100483,-0.009075487077098867,0.0007051852480360887,-0.008274779272626653,-0.008979964520662742,1691280060000001,True,21,False,False
2023-07-03,VOL_MINUS_CS,14,1689552000000000,-0.06019118556678488,-0.009075487077098867,0.0011470851526356185,-0.008313232672914617,-0.009460317825550235,1691366460000001,True,21,False,False
2023-07-03,VOL_MINUS_CS,15,1689638400000000,-0.05691138075721352,-0.009075487077098867,0.0008342711132290903,-0.008129405333525797,-0.008963676446754887,1691452860000001,True,21,False,False
2023-07-03,VOL_MINUS_CS,16,1689724800000000,-0.03991502941774185,-0.009075487077098867,0.006483663521964611,-0.004398211784391148,-0.01088187530635576,1691539260000001,True,21,False,False
2023-07-03,VOL_MINUS_CS,17,1689811200000000,-0.04398467654155059,-0.009075487077098867,0.007416820422040171,-0.006361625921690761,-0.013778446343730932,1691625660000001,True,21,False,False
2023-07-03,VOL_MINUS_CS,18,1689897600000000,-0.036853901579518865,-0.009075487077098867,0.0063398689453714185,-0.005109118890367914,-0.011448987835739333,1691712060000001,True,21,False,False
2023-07-03,VOL_MINUS_CS,19,1689984000000000,-0.036593632648617216,-0.009075487077098867,0.004955465614443266,-0.005607414797279331,-0.010562880411722597,1691798460000001,True,21,False,False
2023-07-03,VOL_MINUS_CS,20,1690070400000000,-0.03134076981379091,-0.009075487077098867,0.006071081146346802,-0.0018436155214711647,-0.007914696667817966,1691884860000001,True,21,False,False
2023-07-03,VOL_MINUS_CS,21,1690156800000000,-0.027043117464413576,-0.009075487077098867,-9.140446890487652e-06,-0.008048411709628556,-0.008039271262738068,1691971260000001,True,21,False,True
2023-07-03,VOL_MINUS_CS,22,1690243200000000,-0.02168037030978825,-0.009075487077098867,0.0033002199834067936,-0.0009278676600591451,-0.004228087643465939,1692057660000001,True,21,False,False
2023-07-03,VOL_MINUS_CS,23,1690329600000000,-0.026779540091368598,-0.009075487077098867,-0.003933977918873066,-0.015420429838903793,-0.011486451920030727,1692144060000001,True,21,False,False
2023-07-03,VOL_MINUS_CS,24,1690416000000000,-0.03024205434745858,-0.009075487077098867,-0.007611071249493118,-0.02755143883929323,-0.019940367589800112,1692230460000001,True,21,False,False
2023-07-03,VOL_MINUS_CS,25,1690502400000000,-0.02975574109712875,-0.009075487077098867,-0.04291889447849051,-0.054361936695720314,-0.011443042217229804,1692316860000001,True,21,False,False
2023-07-03,VOL_MINUS_CS,26,1690588800000000,-0.02935322671098948,-0.009075487077098867,-0.04993466580701089,-0.054531886526977935,-0.004597220719967043,1692403260000001,True,21,False,False
2023-07-03,VOL_MINUS_CS,27,1690675200000000,-0.03605447538446985,-0.009075487077098867,-0.04861577922157101,-0.052583090410277644,-0.003967311188706635,1692489660000001,True,21,False,False
2023-07-03,VOL_MINUS_CS,28,1690761600000000,-0.027835099786634537,-0.009075487077098867,-0.039580133865139366,-0.048506188176581144,-0.008926054311441778,1692576060000001,True,21,False,False
2023-07-03,VOL_MINUS_CS,29,1690848000000000,-0.02271817528940049,-0.009075487077098867,-0.04340576958775655,-0.051448768222919106,-0.008042998635162557,1692662460000001,True,21,False,False
2023-07-03,VOL_MINUS_CS,30,1690934400000000,-0.029486713581446625,-0.009075487077098867,-0.04294229097462521,-0.05550669861815394,-0.01256440764352873,1692748860000001,True,21,False,False
2023-07-03,VOL_MINUS_CS,31,1691020800000000,-0.0008641414077409509,-0.009075487077098867,-0.03995188268954564,-0.04552533807318215,-0.005573455383636516,1692835260000001,True,21,False,False
2023-07-03,VOL_MINUS_CS,32,1691107200000000,0.001655438878509552,-0.009075487077098867,-0.043021580638533674,-0.048110973738432206,-0.0050893930998985315,1692921660000001,True,21,False,False
2023-07-03,VOL_MINUS_CS,33,1691193600000000,0.0024064645464660847,-0.009075487077098867,-0.0375258819668407,-0.04825313501730455,-0.010727253050463847,1693008060000001,True,21,False,False
2023-07-03,VOL_MINUS_CS,34,1691280000000000,0.002084299141853615,-0.009075487077098867,-0.0382360568665574,-0.0496416529230812,-0.011405596056523803,1693094460000001,True,21,False,False
2023-07-03,VOL_MINUS_CS,35,1691366400000000,0.00348764090582699,-0.009075487077098867,-0.04095526251519588,-0.04764358171797933,-0.006688319202783455,1693180860000001,True,21,False,False
2023-07-03,VOL_MINUS_CS,36,1691452800000000,8.826784780465759e-05,-0.009075487077098867,-0.03990290051353851,-0.04755507456225927,-0.007652174048720761,1693267260000001,True,21,False,False
2023-07-03,VOL_MINUS_CS,37,1691539200000000,-0.006587873605875365,-0.009075487077098867,-0.03659607705078283,-0.03897392168441882,-0.002377844633635995,1693353660000001,True,21,False,False
2023-07-03,VOL_MINUS_CS,38,1691625600000000,-0.009263417421751716,-0.009075487077098867,-0.04213903431520705,-0.04382393849703514,-0.0016849041818280952,1693440060000001,True,21,False,False
2023-07-03,VOL_MINUS_CS,39,1691712000000000,-0.008465024303750042,-0.009075487077098867,-0.04745506949252176,-0.052297955323204914,-0.004842885830683152,1693526460000001,True,21,False,False
2023-07-03,VOL_MINUS_CS,40,1691798400000000,-0.010660766944869941,-0.009075487077098867,-0.051028943047602304,-0.05451679734806247,-0.003487854300460169,1693612860000001,True,21,False,False
2023-07-03,VOL_MINUS_CS,41,1691884800000000,0.011461201199155077,-0.009075487077098867,-0.0522260064367146,-0.05441306901959486,-0.0021870625828802615,1693699260000001,True,21,False,False
2023-07-03,VOL_MINUS_CS,42,1691971200000000,0.018061195961704905,-0.009075487077098867,-0.047300001684512094,-0.050018619959688704,-0.0027186182751766097,1693699260000001,False,20,True,True
2023-10-02,VOL_MINUS_SHORT,0,1696204800000000,0.009966337001685048,-0.004792488455925448,0.04030537272344936,0.024173499000711862,-0.0161318737227375,1698019260000001,True,21,False,True
2023-10-02,VOL_MINUS_SHORT,1,1696291200000000,0.012212793175550234,-0.004792488455925448,0.06509238768675185,0.048695957896837117,-0.016396429789914735,1698105660000001,True,21,False,False
2023-10-02,VOL_MINUS_SHORT,2,1696377600000000,0.013364673177295703,-0.004792488455925448,0.06383376993127698,0.04731805592406091,-0.016515714007216076,1698192060000001,True,21,False,False
2023-10-02,VOL_MINUS_SHORT,3,1696464000000000,0.015562611777764686,-0.004792488455925448,0.0692454009313136,0.052759335920169015,-0.01648606501114458,1698278460000001,True,21,False,False
2023-10-02,VOL_MINUS_SHORT,4,1696550400000000,0.01741528773769131,-0.004792488455925448,0.07325695714085279,0.05658175463851922,-0.016675202502333564,1698364860000001,True,21,False,False
2023-10-02,VOL_MINUS_SHORT,5,1696636800000000,0.01887670812785142,-0.004792488455925448,0.06492839040679566,0.04911344428893938,-0.015814946117856277,1698451260000001,True,21,False,False
2023-10-02,VOL_MINUS_SHORT,6,1696723200000000,0.017257489308896173,-0.004792488455925448,0.06626561659731522,0.05051232560562058,-0.015753290991694646,1698537660000001,True,21,False,False
2023-10-02,VOL_MINUS_SHORT,7,1696809600000000,0.019224796127061353,-0.004792488455925448,0.07121921425256106,0.055174175960475136,-0.016045038292085922,1698624060000001,True,21,False,False
2023-10-02,VOL_MINUS_SHORT,8,1696896000000000,0.02174765517087915,-0.004792488455925448,0.0836392367232589,0.06437790190957404,-0.01926133481368486,1698710460000001,True,21,False,False
2023-10-02,VOL_MINUS_SHORT,9,1696982400000000,0.02214746708288858,-0.004792488455925448,0.09043854319892508,0.07064106786539881,-0.01979747533352627,1698796860000001,True,21,False,False
2023-10-02,VOL_MINUS_SHORT,10,1697068800000000,0.025512612159953683,-0.004792488455925448,0.10045331297053162,0.0790952240552385,-0.021358088915293116,1698883260000001,True,21,False,False
2023-10-02,VOL_MINUS_SHORT,11,1697155200000000,0.027684634794590678,-0.004792488455925448,0.09919248858577812,0.07736948281730749,-0.021823005768470627,1698969660000001,True,21,False,False
2023-10-02,VOL_MINUS_SHORT,12,1697241600000000,0.026613767172045256,-0.004792488455925448,0.09643503765976524,0.07582004306988255,-0.020614994589882696,1699056060000001,True,21,False,False
2023-10-02,VOL_MINUS_SHORT,13,1697328000000000,0.023195985038950397,-0.004792488455925448,0.09846067666937497,0.07996733307037296,-0.01849334359900201,1699142460000001,True,21,False,False
2023-10-02,VOL_MINUS_SHORT,14,1697414400000000,0.02284805144381449,-0.004792488455925448,0.10347510806017779,0.08437450761278131,-0.019100600447396476,1699228860000001,True,21,False,False
2023-10-02,VOL_MINUS_SHORT,15,1697500800000000,0.013623908323933537,-0.004792488455925448,0.09627148874749103,0.08264060619988922,-0.013630882547601808,1699315260000001,True,21,False,False
2023-10-02,VOL_MINUS_SHORT,16,1697587200000000,0.013659179299132417,-0.004792488455925448,0.10104813288748526,0.08254097711101904,-0.018507155776466222,1699401660000001,True,21,False,False
2023-10-02,VOL_MINUS_SHORT,17,1697673600000000,0.01726990844056985,-0.004792488455925448,0.10681364476423594,0.08662626380663552,-0.02018738095760042,1699488060000001,True,21,False,False
2023-10-02,VOL_MINUS_SHORT,18,1697760000000000,0.014672650859217238,-0.004792488455925448,0.09700379407265092,0.0849794392181622,-0.012024354854488717,1699574460000001,True,21,False,False
2023-10-02,VOL_MINUS_SHORT,19,1697846400000000,0.010123381514001412,-0.004792488455925448,0.09693260474225551,0.08978288670773837,-0.0071497180345171385,1699660860000001,True,21,False,False
2023-10-02,VOL_MINUS_SHORT,20,1697932800000000,0.01096640261294846,-0.004792488455925448,0.08429586931312716,0.08306617263950145,-0.0012296966736257131,1699747260000001,True,21,False,False
2023-10-02,VOL_MINUS_SHORT,21,1698019200000000,0.007512197861093046,-0.004792488455925448,0.08054810018733727,0.08038644614281032,-0.00016165404452694876,1699833660000001,True,21,False,True
2023-10-02,VOL_MINUS_SHORT,22,1698105600000000,-0.008306260363645844,-0.004792488455925448,0.04951958191789818,0.04951958191789818,0.0,1699920060000001,True,21,False,False
2023-10-02,VOL_MINUS_SHORT,23,1698192000000000,-0.0069707282650560325,-0.004792488455925448,0.047924028590765166,0.047924028590765166,0.0,1700006460000001,True,21,False,False
2023-10-02,VOL_MINUS_SHORT,24,1698278400000000,-0.007521130700195011,-0.004792488455925448,0.05813454317489719,0.05813454317489719,0.0,1700092860000001,True,21,False,False
2023-10-02,VOL_MINUS_SHORT,25,1698364800000000,-0.006191505754737373,-0.004792488455925448,0.045288553184986924,0.045288553184986924,0.0,1700179260000001,True,21,False,False
2023-10-02,VOL_MINUS_SHORT,26,1698451200000000,-0.004748848090450385,-0.004792488455925448,0.05581613023194376,0.05581613023194376,0.0,1700265660000001,True,21,False,False
2023-10-02,VOL_MINUS_SHORT,27,1698537600000000,0.0006083391059920401,-0.004792488455925448,0.05178963826549565,0.05178963826549565,0.0,1700352060000001,True,21,False,False
2023-10-02,VOL_MINUS_SHORT,28,1698624000000000,-0.002766180259054424,-0.004792488455925448,0.05250182124467506,0.05250182124467506,0.0,1700438460000001,True,21,False,False
2023-10-02,VOL_MINUS_SHORT,29,1698710400000000,-0.003632997420325945,-0.004792488455925448,0.04244066728943019,0.04244066728943019,0.0,1700524860000001,True,21,False,False
2023-10-02,VOL_MINUS_SHORT,30,1698796800000000,-0.005891944991576613,-0.004792488455925448,0.025171472335737688,0.025171472335737688,0.0,1700611260000001,True,21,False,False
2023-10-02,VOL_MINUS_SHORT,31,1698883200000000,-0.011796655852314878,-0.004792488455925448,0.03020753309959434,0.03020753309959434,0.0,1700697660000001,True,21,False,False
2023-10-02,VOL_MINUS_SHORT,32,1698969600000000,-0.0068387655126595,-0.004792488455925448,0.03435421688460094,0.03435421688460094,0.0,1700784060000001,True,21,False,False
2023-10-02,VOL_MINUS_SHORT,33,1699056000000000,-0.005779696163318811,-0.004792488455925448,0.03559104008797531,0.03559104008797531,0.0,1700870460000001,True,21,False,False
2023-10-02,VOL_MINUS_SHORT,34,1699142400000000,-0.006114470942793432,-0.004792488455925448,0.031878189553429914,0.031878189553429914,0.0,1700956860000001,True,21,False,False
2023-10-02,VOL_MINUS_SHORT,35,1699228800000000,-0.0062572242718920545,-0.004792488455925448,0.02581750484205103,0.02581750484205103,0.0,1701043260000001,True,21,False,False
2023-10-02,VOL_MINUS_SHORT,36,1699315200000000,-0.010052138268951316,-0.004792488455925448,0.014097232332946907,0.014097232332946907,0.0,1701129660000001,True,21,False,False
2023-10-02,VOL_MINUS_SHORT,37,1699401600000000,-0.012061073658895922,-0.004792488455925448,0.021300999843155477,0.021300999843155477,0.0,1701216060000001,True,21,False,False
2023-10-02,VOL_MINUS_SHORT,38,1699488000000000,-0.009776440872581359,-0.004792488455925448,0.019774583654002864,0.019774583654002864,0.0,1701302460000001,True,21,False,False
2023-10-02,VOL_MINUS_SHORT,39,1699574400000000,-0.013220748513001318,-0.004792488455925448,0.014262165171224028,0.014262165171224028,0.0,1701388860000001,True,21,False,False
2023-10-02,VOL_MINUS_SHORT,40,1699660800000000,-0.021373604137840948,-0.004792488455925448,0.003921185477410827,0.003921185477410827,0.0,1701475260000001,True,21,False,False
2023-10-02,VOL_MINUS_SHORT,41,1699747200000000,-0.019598995796919417,-0.004792488455925448,0.008188312535266196,0.008188312535266196,0.0,1701561660000001,True,21,False,False
2023-10-02,VOL_MINUS_SHORT,42,1699833600000000,-0.016357073205186638,-0.004792488455925448,0.009321651327734992,0.009321651327734992,0.0,1701561660000001,False,20,True,True
2023-10-02,VOL_MINUS_CS,0,1696204800000000,0.009966337001685048,-0.004792488455925448,-0.012448918181490853,0.024173499000711862,0.036622417182202716,1698019260000001,True,21,False,True
2023-10-02,VOL_MINUS_CS,1,1696291200000000,0.012212793175550234,-0.004792488455925448,0.004745430846785359,0.048695957896837117,0.04395052705005176,1698105660000001,True,21,False,False
2023-10-02,VOL_MINUS_CS,2,1696377600000000,0.013364673177295703,-0.004792488455925448,0.007362771797108758,0.04731805592406091,0.03995528412695215,1698192060000001,True,21,False,False
2023-10-02,VOL_MINUS_CS,3,1696464000000000,0.015562611777764686,-0.004792488455925448,0.003745040365917607,0.052759335920169015,0.04901429555425141,1698278460000001,True,21,False,False
2023-10-02,VOL_MINUS_CS,4,1696550400000000,0.01741528773769131,-0.004792488455925448,0.01580207921129717,0.05658175463851922,0.04077967542722205,1698364860000001,True,21,False,False
2023-10-02,VOL_MINUS_CS,5,1696636800000000,0.01887670812785142,-0.004792488455925448,0.005650170413934008,0.04911344428893938,0.04346327387500537,1698451260000001,True,21,False,False
2023-10-02,VOL_MINUS_CS,6,1696723200000000,0.017257489308896173,-0.004792488455925448,0.009167404258597855,0.05051232560562058,0.04134492134702272,1698537660000001,True,21,False,False
2023-10-02,VOL_MINUS_CS,7,1696809600000000,0.019224796127061353,-0.004792488455925448,0.00940922078978379,0.055174175960475136,0.045764955170691346,1698624060000001,True,21,False,False
2023-10-02,VOL_MINUS_CS,8,1696896000000000,0.02174765517087915,-0.004792488455925448,0.017550144541068624,0.06437790190957404,0.04682775736850542,1698710460000001,True,21,False,False
2023-10-02,VOL_MINUS_CS,9,1696982400000000,0.02214746708288858,-0.004792488455925448,0.014648246880893945,0.07064106786539881,0.055992820984504865,1698796860000001,True,21,False,False
2023-10-02,VOL_MINUS_CS,10,1697068800000000,0.025512612159953683,-0.004792488455925448,0.013934105529698204,0.0790952240552385,0.0651611185255403,1698883260000001,True,21,False,False
2023-10-02,VOL_MINUS_CS,11,1697155200000000,0.027684634794590678,-0.004792488455925448,0.01259758115273013,0.07736948281730749,0.06477190166457736,1698969660000001,True,21,False,False
2023-10-02,VOL_MINUS_CS,12,1697241600000000,0.026613767172045256,-0.004792488455925448,0.019594189210774493,0.07582004306988255,0.056225853859108055,1699056060000001,True,21,False,False
2023-10-02,VOL_MINUS_CS,13,1697328000000000,0.023195985038950397,-0.004792488455925448,0.012754756212519647,0.07996733307037296,0.06721257685785331,1699142460000001,True,21,False,False
2023-10-02,VOL_MINUS_CS,14,1697414400000000,0.02284805144381449,-0.004792488455925448,0.03551844528247883,0.08437450761278131,0.048856062330302485,1699228860000001,True,21,False,False
2023-10-02,VOL_MINUS_CS,15,1697500800000000,0.013623908323933537,-0.004792488455925448,0.044320707211379595,0.08264060619988922,0.038319898988509626,1699315260000001,True,21,False,False
2023-10-02,VOL_MINUS_CS,16,1697587200000000,0.013659179299132417,-0.004792488455925448,0.044411540697603114,0.08254097711101904,0.03812943641341593,1699401660000001,True,21,False,False
2023-10-02,VOL_MINUS_CS,17,1697673600000000,0.01726990844056985,-0.004792488455925448,0.04965037405894446,0.08662626380663552,0.03697588974769106,1699488060000001,True,21,False,False
2023-10-02,VOL_MINUS_CS,18,1697760000000000,0.014672650859217238,-0.004792488455925448,0.057567215495645474,0.0849794392181622,0.027412223722516726,1699574460000001,True,21,False,False
2023-10-02,VOL_MINUS_CS,19,1697846400000000,0.010123381514001412,-0.004792488455925448,0.0544474930008676,0.08978288670773837,0.03533539370687078,1699660860000001,True,21,False,False
2023-10-02,VOL_MINUS_CS,20,1697932800000000,0.01096640261294846,-0.004792488455925448,0.05760167348248757,0.08306617263950145,0.025464499157013876,1699747260000001,True,21,False,False
2023-10-02,VOL_MINUS_CS,21,1698019200000000,0.007512197861093046,-0.004792488455925448,0.05260919462039393,0.08038644614281032,0.02777725152241639,1699833660000001,True,21,False,True
2023-10-02,VOL_MINUS_CS,22,1698105600000000,-0.008306260363645844,-0.004792488455925448,0.03333878818151015,0.04951958191789818,0.016180793736388033,1699920060000001,True,21,False,False
2023-10-02,VOL_MINUS_CS,23,1698192000000000,-0.0069707282650560325,-0.004792488455925448,0.019945111905209423,0.047924028590765166,0.027978916685555744,1700006460000001,True,21,False,False
2023-10-02,VOL_MINUS_CS,24,1698278400000000,-0.007521130700195011,-0.004792488455925448,0.033056436261428734,0.05813454317489719,0.025078106913468456,1700092860000001,True,21,False,False
2023-10-02,VOL_MINUS_CS,25,1698364800000000,-0.006191505754737373,-0.004792488455925448,0.018323089568012207,0.045288553184986924,0.026965463616974716,1700179260000001,True,21,False,False
2023-10-02,VOL_MINUS_CS,26,1698451200000000,-0.004748848090450385,-0.004792488455925448,0.03294737321073993,0.05581613023194376,0.022868757021203834,1700265660000001,True,21,False,False
2023-10-02,VOL_MINUS_CS,27,1698537600000000,0.0006083391059920401,-0.004792488455925448,0.027022869996144783,0.05178963826549565,0.02476676826935087,1700352060000001,True,21,False,False
2023-10-02,VOL_MINUS_CS,28,1698624000000000,-0.002766180259054424,-0.004792488455925448,0.030954080567070497,0.05250182124467506,0.021547740677604565,1700438460000001,True,21,False,False
2023-10-02,VOL_MINUS_CS,29,1698710400000000,-0.003632997420325945,-0.004792488455925448,0.030045423919145886,0.04244066728943019,0.012395243370284303,1700524860000001,True,21,False,False
2023-10-02,VOL_MINUS_CS,30,1698796800000000,-0.005891944991576613,-0.004792488455925448,0.025454518591752184,0.025171472335737688,-0.0002830462560144964,1700611260000001,True,21,False,False
2023-10-02,VOL_MINUS_CS,31,1698883200000000,-0.011796655852314878,-0.004792488455925448,0.03508941974547952,0.03020753309959434,-0.004881886645885181,1700697660000001,True,21,False,False
2023-10-02,VOL_MINUS_CS,32,1698969600000000,-0.0068387655126595,-0.004792488455925448,0.03859175646151902,0.03435421688460094,-0.004237539576918081,1700784060000001,True,21,False,False
2023-10-02,VOL_MINUS_CS,33,1699056000000000,-0.005779696163318811,-0.004792488455925448,0.03254945951605026,0.03559104008797531,0.003041580571925051,1700870460000001,True,21,False,False
2023-10-02,VOL_MINUS_CS,34,1699142400000000,-0.006114470942793432,-0.004792488455925448,0.034297844075370953,0.031878189553429914,-0.0024196545219410392,1700956860000001,True,21,False,False
2023-10-02,VOL_MINUS_CS,35,1699228800000000,-0.0062572242718920545,-0.004792488455925448,0.012759065863990005,0.02581750484205103,0.013058438978061027,1701043260000001,True,21,False,False
2023-10-02,VOL_MINUS_CS,36,1699315200000000,-0.010052138268951316,-0.004792488455925448,0.004375942031765057,0.014097232332946907,0.00972129030118185,1701129660000001,True,21,False,False
2023-10-02,VOL_MINUS_CS,37,1699401600000000,-0.012061073658895922,-0.004792488455925448,0.010413346302905246,0.021300999843155477,0.01088765354025023,1701216060000001,True,21,False,False
2023-10-02,VOL_MINUS_CS,38,1699488000000000,-0.009776440872581359,-0.004792488455925448,0.00509397718700888,0.019774583654002864,0.014680606466993984,1701302460000001,True,21,False,False
2023-10-02,VOL_MINUS_CS,39,1699574400000000,-0.013220748513001318,-0.004792488455925448,-0.012209300569958392,0.014262165171224028,0.02647146574118242,1701388860000001,True,21,False,False
2023-10-02,VOL_MINUS_CS,40,1699660800000000,-0.021373604137840948,-0.004792488455925448,0.0033466385903282436,0.003921185477410827,0.0005745468870825832,1701475260000001,True,21,False,False
2023-10-02,VOL_MINUS_CS,41,1699747200000000,-0.019598995796919417,-0.004792488455925448,0.00140122919312069,0.008188312535266196,0.006787083342145506,1701561660000001,True,21,False,False
2023-10-02,VOL_MINUS_CS,42,1699833600000000,-0.016357073205186638,-0.004792488455925448,0.002889612623357962,0.009321651327734992,0.00643203870437703,1701561660000001,False,20,True,True
2024-01-01,VOL_MINUS_SHORT,0,1704067200000000,0.04193073840535792,0.022806212218043628,-9.379251776020503e-06,-0.004261203407193381,-0.004251824155417361,1705881660000001,True,21,False,True
2024-01-01,VOL_MINUS_SHORT,1,1704153600000000,0.04104219818308816,0.022806212218043628,-0.01905448562322598,-0.014219232552235006,0.004835253070990975,1705968060000001,True,21,False,False
2024-01-01,VOL_MINUS_SHORT,2,1704240000000000,0.03909034010410911,0.022806212218043628,-0.023143443360958083,-0.016600057034298787,0.006543386326659295,1706054460000001,True,21,False,False
2024-01-01,VOL_MINUS_SHORT,3,1704326400000000,0.02949463230678699,0.022806212218043628,-0.016835947786377092,-0.01246023276191921,0.004375715024457882,1706140860000001,True,21,False,False
2024-01-01,VOL_MINUS_SHORT,4,1704412800000000,0.03266091828003207,0.022806212218043628,-0.022256959249917996,-0.015285634280111093,0.006971324969806902,1706227260000001,True,21,False,False
2024-01-01,VOL_MINUS_SHORT,5,1704499200000000,0.03247044251991586,0.022806212218043628,-0.008046237089365804,-0.008170440086274988,-0.00012420299690918402,1706313660000001,True,21,False,False
2024-01-01,VOL_MINUS_SHORT,6,1704585600000000,0.03601534146465458,0.022806212218043628,-0.004130434858697574,-0.00610888931635345,-0.001978454457655876,1706400060000001,True,21,False,False
2024-01-01,VOL_MINUS_SHORT,7,1704672000000000,0.03736975496380951,0.022806212218043628,-0.0027767020617107674,-0.005452256484619888,-0.002675554422909121,1706486460000001,True,21,False,False
2024-01-01,VOL_MINUS_SHORT,8,1704758400000000,0.02901711560688901,0.022806212218043628,0.00013627448141018128,-0.003959895689269355,-0.004096170170679536,1706572860000001,True,21,False,False
2024-01-01,VOL_MINUS_SHORT,9,1704844800000000,0.029161945280372484,0.022806212218043628,-0.002968394604716318,-0.0051611365893334815,-0.0021927419846171636,1706659260000001,True,21,False,False
2024-01-01,VOL_MINUS_SHORT,10,1704931200000000,0.026471790273564874,0.022806212218043628,-0.019969811316938646,-0.012396915644835582,0.007572895672103064,1706745660000001,True,21,False,False
2024-01-01,VOL_MINUS_SHORT,11,1705017600000000,0.025169484851269238,0.022806212218043628,-0.01930891206923646,-0.011674111514804686,0.007634800554431775,1706832060000001,True,21,False,False
2024-01-01,VOL_MINUS_SHORT,12,1705104000000000,0.019851611845083595,0.022806212218043628,-0.005369725084009791,-0.004490541188276853,0.0008791838957329379,1706918460000001,True,21,False,False
2024-01-01,VOL_MINUS_SHORT,13,1705190400000000,0.025714050107592656,0.022806212218043628,-0.007128424861025162,-0.006950768592607903,0.0001776562684172589,1707004860000001,True,21,False,False
2024-01-01,VOL_MINUS_SHORT,14,1705276800000000,0.022333392660264625,0.022806212218043628,-0.009610914176277574,-0.007748169838856733,0.0018627443374208408,1707091260000001,True,21,False,False
2024-01-01,VOL_MINUS_SHORT,15,1705363200000000,0.02539559929077819,0.022806212218043628,-0.01113377434489815,-0.00834190565943993,0.002791868685458221,1707177660000001,True,21,False,False
2024-01-01,VOL_MINUS_SHORT,16,1705449600000000,0.025092619090452503,0.022806212218043628,-0.010675237993557185,-0.008355542147424733,0.0023196958461324524,1707264060000001,True,21,False,False
2024-01-01,VOL_MINUS_SHORT,17,1705536000000000,0.025413167986115818,0.022806212218043628,0.0019876369029261376,-0.0028895163646777133,-0.004877153267603851,1707350460000001,True,21,False,False
2024-01-01,VOL_MINUS_SHORT,18,1705622400000000,0.024125725420830597,0.022806212218043628,0.01580810895234175,0.0045518296800775015,-0.011256279272264247,1707436860000001,True,21,False,False
2024-01-01,VOL_MINUS_SHORT,19,1705708800000000,0.0255030168692877,0.022806212218043628,0.0294487378679682,0.010880109008007732,-0.018568628859960468,1707523260000001,True,21,False,False
2024-01-01,VOL_MINUS_SHORT,20,1705795200000000,0.025353050216587313,0.022806212218043628,0.01805493937067071,0.008143140707310481,-0.009911798663360227,1707609660000001,True,21,False,False
2024-01-01,VOL_MINUS_SHORT,21,1705881600000000,0.026795017914023563,0.022806212218043628,0.02294714227971506,0.010430376570098376,-0.012516765709616684,1707696060000001,True,21,False,True
2024-01-01,VOL_MINUS_SHORT,22,1705968000000000,0.026714161145168926,0.022806212218043628,0.05906472984019895,0.028697499118093717,-0.030367230722105232,1707782460000001,True,21,False,False
2024-01-01,VOL_MINUS_SHORT,23,1706054400000000,0.027238047033443395,0.022806212218043628,0.059599748349870585,0.029030257988730712,-0.030569490361139873,1707868860000001,True,21,False,False
2024-01-01,VOL_MINUS_SHORT,24,1706140800000000,0.026639209828263198,0.022806212218043628,0.06944300405014292,0.03798494676844255,-0.03145805728170037,1707955260000001,True,21,False,False
2024-01-01,VOL_MINUS_SHORT,25,1706227200000000,0.028981346617185082,0.022806212218043628,0.0792677077449434,0.041215986993887066,-0.03805172075105634,1708041660000001,True,21,False,False
2024-01-01,VOL_MINUS_SHORT,26,1706313600000000,0.02498403677627448,0.022806212218043628,0.06574263397769686,0.033395648779756426,-0.03234698519794044,1708128060000001,True,21,False,False
2024-01-01,VOL_MINUS_SHORT,27,1706400000000000,0.025584052074194327,0.022806212218043628,0.05676647216339381,0.028447354415264137,-0.028319117748129674,1708214460000001,True,21,False,False
2024-01-01,VOL_MINUS_SHORT,28,1706486400000000,0.023205498594210363,0.022806212218043628,0.06541700449490018,0.03469579519112731,-0.030721209303772867,1708300860000001,True,21,False,False
2024-01-01,VOL_MINUS_SHORT,29,1706572800000000,0.021918650042464915,0.022806212218043628,0.05752044063712958,0.032230839479229445,-0.025289601157900132,1708387260000001,True,21,False,False
2024-01-01,VOL_MINUS_SHORT,30,1706659200000000,0.02149236423088859,0.022806212218043628,0.06019631810235515,0.032048661835319514,-0.028147656267035637,1708473660000001,True,21,False,False
2024-01-01,VOL_MINUS_SHORT,31,1706745600000000,0.02538160451637521,0.022806212218043628,0.06155266832600714,0.030163923657702485,-0.03138874466830466,1708560060000001,True,21,False,False
2024-01-01,VOL_MINUS_SHORT,32,1706832000000000,0.030136218589289072,0.022806212218043628,0.055689688387788316,0.025512407303446727,-0.03017728108434159,1708646460000001,True,21,False,False
2024-01-01,VOL_MINUS_SHORT,33,1706918400000000,0.03444000994936698,0.022806212218043628,0.05017584743011938,0.021182257828664675,-0.028993589601454706,1708732860000001,True,21,False,False
2024-01-01,VOL_MINUS_SHORT,34,1707004800000000,0.03672450925914184,0.022806212218043628,0.05653368353654453,0.028791842438702586,-0.027741841097841946,1708819260000001,True,21,False,False
2024-01-01,VOL_MINUS_SHORT,35,1707091200000000,0.037577846952296934,0.022806212218043628,0.06396093952558357,0.03332546070711828,-0.03063547881846529,1708905660000001,True,21,False,False
2024-01-01,VOL_MINUS_SHORT,36,1707177600000000,0.03506623485594702,0.022806212218043628,0.07479110742232253,0.04447581254813593,-0.030315294874186605,1708992060000001,True,21,False,False
2024-01-01,VOL_MINUS_SHORT,37,1707264000000000,0.036437036687403314,0.022806212218043628,0.08391848227056142,0.05438009549352962,-0.0295383867770318,1709078460000001,True,21,False,False
2024-01-01,VOL_MINUS_SHORT,38,1707350400000000,0.04041697493454289,0.022806212218043628,0.09633677807550656,0.07195717085033393,-0.024379607225172628,1709164860000001,True,21,False,False
2024-01-01,VOL_MINUS_SHORT,39,1707436800000000,0.041341974647402524,0.022806212218043628,0.09520668168935253,0.0724112659147631,-0.022795415774589434,1709251260000001,True,21,False,False
2024-01-01,VOL_MINUS_SHORT,40,1707523200000000,0.04033589740933759,0.022806212218043628,0.09519911221807176,0.07977717626514069,-0.015421935952931065,1709337660000001,True,21,False,False
2024-01-01,VOL_MINUS_SHORT,41,1707609600000000,0.04147495453704476,0.022806212218043628,0.09649162323129079,0.08135245211483477,-0.015139171116456018,1709424060000001,True,21,False,False
2024-01-01,VOL_MINUS_SHORT,42,1707696000000000,0.048866470611910545,0.022806212218043628,0.09600768841788576,0.08111796176230279,-0.014889726655582969,1709424060000001,False,20,True,True
2024-01-01,VOL_MINUS_CS,0,1704067200000000,0.04193073840535792,0.022806212218043628,0.006250423336538913,-0.004261203407193381,-0.010511626743732294,1705881660000001,True,21,False,True
2024-01-01,VOL_MINUS_CS,1,1704153600000000,0.04104219818308816,0.022806212218043628,-0.0038987080869409274,-0.014219232552235006,-0.010320524465294079,1705968060000001,True,21,False,False
2024-01-01,VOL_MINUS_CS,2,1704240000000000,0.03909034010410911,0.022806212218043628,-0.0054979530027955414,-0.016600057034298787,-0.011102104031503246,1706054460000001,True,21,False,False
2024-01-01,VOL_MINUS_CS,3,1704326400000000,0.02949463230678699,0.022806212218043628,0.0047694426236790655,-0.01246023276191921,-0.017229675385598275,1706140860000001,True,21,False,False
2024-01-01,VOL_MINUS_CS,4,1704412800000000,0.03266091828003207,0.022806212218043628,0.0008398399556930336,-0.015285634280111093,-0.016125474235804127,1706227260000001,True,21,False,False
2024-01-01,VOL_MINUS_CS,5,1704499200000000,0.03247044251991586,0.022806212218043628,0.01124891573900677,-0.008170440086274988,-0.01941935582528176,1706313660000001,True,21,False,False
2024-01-01,VOL_MINUS_CS,6,1704585600000000,0.03601534146465458,0.022806212218043628,0.013692652070142919,-0.00610888931635345,-0.01980154138649637,1706400060000001,True,21,False,False
2024-01-01,VOL_MINUS_CS,7,1704672000000000,0.03736975496380951,0.022806212218043628,0.015803920142426375,-0.005452256484619888,-0.021256176627046264,1706486460000001,True,21,False,False
2024-01-01,VOL_MINUS_CS,8,1704758400000000,0.02901711560688901,0.022806212218043628,0.01622623272165813,-0.003959895689269355,-0.020186128410927484,1706572860000001,True,21,False,False
2024-01-01,VOL_MINUS_CS,9,1704844800000000,0.029161945280372484,0.022806212218043628,0.007525700396613266,-0.0051611365893334815,-0.012686836985946748,1706659260000001,True,21,False,False
2024-01-01,VOL_MINUS_CS,10,1704931200000000,0.026471790273564874,0.022806212218043628,0.0026376134877428292,-0.012396915644835582,-0.015034529132578411,1706745660000001,True,21,False,False
2024-01-01,VOL_MINUS_CS,11,1705017600000000,0.025169484851269238,0.022806212218043628,0.001192071707948661,-0.011674111514804686,-0.012866183222753347,1706832060000001,True,21,False,False
2024-01-01,VOL_MINUS_CS,12,1705104000000000,0.019851611845083595,0.022806212218043628,0.003085151747581394,-0.004490541188276853,-0.007575692935858247,1706918460000001,True,21,False,False
2024-01-01,VOL_MINUS_CS,13,1705190400000000,0.025714050107592656,0.022806212218043628,0.008286506883359634,-0.006950768592607903,-0.015237275475967538,1707004860000001,True,21,False,False
2024-01-01,VOL_MINUS_CS,14,1705276800000000,0.022333392660264625,0.022806212218043628,0.0029913941586972026,-0.007748169838856733,-0.010739563997553936,1707091260000001,True,21,False,False
2024-01-01,VOL_MINUS_CS,15,1705363200000000,0.02539559929077819,0.022806212218043628,0.004808369919772626,-0.00834190565943993,-0.013150275579212556,1707177660000001,True,21,False,False
2024-01-01,VOL_MINUS_CS,16,1705449600000000,0.025092619090452503,0.022806212218043628,0.0057924725772250385,-0.008355542147424733,-0.014148014724649771,1707264060000001,True,21,False,False
2024-01-01,VOL_MINUS_CS,17,1705536000000000,0.025413167986115818,0.022806212218043628,0.002416511042947822,-0.0028895163646777133,-0.005306027407625535,1707350460000001,True,21,False,False
2024-01-01,VOL_MINUS_CS,18,1705622400000000,0.024125725420830597,0.022806212218043628,0.008955194165471081,0.0045518296800775015,-0.004403364485393579,1707436860000001,True,21,False,False
2024-01-01,VOL_MINUS_CS,19,1705708800000000,0.0255030168692877,0.022806212218043628,0.013197943434002046,0.010880109008007732,-0.002317834425994314,1707523260000001,True,21,False,False
2024-01-01,VOL_MINUS_CS,20,1705795200000000,0.025353050216587313,0.022806212218043628,-0.004963520111916253,0.008143140707310481,0.013106660819226734,1707609660000001,True,21,False,False
2024-01-01,VOL_MINUS_CS,21,1705881600000000,0.026795017914023563,0.022806212218043628,0.0023353265716092864,0.010430376570098376,0.00809504999848909,1707696060000001,True,21,False,True
2024-01-01,VOL_MINUS_CS,22,1705968000000000,0.026714161145168926,0.022806212218043628,0.015164206082256326,0.028697499118093717,0.01353329303583739,1707782460000001,True,21,False,False
2024-01-01,VOL_MINUS_CS,23,1706054400000000,0.027238047033443395,0.022806212218043628,0.01144011362002506,0.029030257988730712,0.01759014436870565,1707868860000001,True,21,False,False
2024-01-01,VOL_MINUS_CS,24,1706140800000000,0.026639209828263198,0.022806212218043628,0.014086745643720144,0.03798494676844255,0.023898201124722407,1707955260000001,True,21,False,False
2024-01-01,VOL_MINUS_CS,25,1706227200000000,0.028981346617185082,0.022806212218043628,0.0282035868159094,0.041215986993887066,0.013012400177977668,1708041660000001,True,21,False,False
2024-01-01,VOL_MINUS_CS,26,1706313600000000,0.02498403677627448,0.022806212218043628,0.020979245802663637,0.033395648779756426,0.012416402977092789,1708128060000001,True,21,False,False
2024-01-01,VOL_MINUS_CS,27,1706400000000000,0.025584052074194327,0.022806212218043628,0.0106586397101891,0.028447354415264137,0.017788714705075037,1708214460000001,True,21,False,False
2024-01-01,VOL_MINUS_CS,28,1706486400000000,0.023205498594210363,0.022806212218043628,0.014560483046239359,0.03469579519112731,0.02013531214488795,1708300860000001,True,21,False,False
2024-01-01,VOL_MINUS_CS,29,1706572800000000,0.021918650042464915,0.022806212218043628,0.023531281811976168,0.032230839479229445,0.008699557667253277,1708387260000001,True,21,False,False
2024-01-01,VOL_MINUS_CS,30,1706659200000000,0.02149236423088859,0.022806212218043628,0.022047034953653677,0.032048661835319514,0.010001626881665837,1708473660000001,True,21,False,False
2024-01-01,VOL_MINUS_CS,31,1706745600000000,0.02538160451637521,0.022806212218043628,0.01095223344881946,0.030163923657702485,0.019211690208883025,1708560060000001,True,21,False,False
2024-01-01,VOL_MINUS_CS,32,1706832000000000,0.030136218589289072,0.022806212218043628,0.004615482341244537,0.025512407303446727,0.02089692496220219,1708646460000001,True,21,False,False
2024-01-01,VOL_MINUS_CS,33,1706918400000000,0.03444000994936698,0.022806212218043628,0.005610329770794786,0.021182257828664675,0.015571928057869888,1708732860000001,True,21,False,False
2024-01-01,VOL_MINUS_CS,34,1707004800000000,0.03672450925914184,0.022806212218043628,0.006593461290695046,0.028791842438702586,0.02219838114800754,1708819260000001,True,21,False,False
2024-01-01,VOL_MINUS_CS,35,1707091200000000,0.037577846952296934,0.022806212218043628,0.005578465551482115,0.03332546070711828,0.027746995155636167,1708905660000001,True,21,False,False
2024-01-01,VOL_MINUS_CS,36,1707177600000000,0.03506623485594702,0.022806212218043628,0.015952911661340607,0.04447581254813593,0.02852290088679532,1708992060000001,True,21,False,False
2024-01-01,VOL_MINUS_CS,37,1707264000000000,0.036437036687403314,0.022806212218043628,0.022670637851843756,0.05438009549352962,0.03170945764168587,1709078460000001,True,21,False,False
2024-01-01,VOL_MINUS_CS,38,1707350400000000,0.04041697493454289,0.022806212218043628,0.036018938520469446,0.07195717085033393,0.03593823232986448,1709164860000001,True,21,False,False
2024-01-01,VOL_MINUS_CS,39,1707436800000000,0.041341974647402524,0.022806212218043628,0.05728829367422583,0.0724112659147631,0.015122972240537269,1709251260000001,True,21,False,False
2024-01-01,VOL_MINUS_CS,40,1707523200000000,0.04033589740933759,0.022806212218043628,0.06937056864480229,0.07977717626514069,0.010406607620338404,1709337660000001,True,21,False,False
2024-01-01,VOL_MINUS_CS,41,1707609600000000,0.04147495453704476,0.022806212218043628,0.08796059908629694,0.08135245211483477,-0.00660814697146217,1709424060000001,True,21,False,False
2024-01-01,VOL_MINUS_CS,42,1707696000000000,0.048866470611910545,0.022806212218043628,0.08689970635930444,0.08111796176230279,-0.005781744597001648,1709424060000001,False,20,True,True
2024-04-01,VOL_MINUS_SHORT,0,1711929600000000,0.016605387222425747,0.03822896615606183,-0.010062562045348833,-0.006994027382535184,0.003068534662813649,1713744060000001,True,21,False,True
2024-04-01,VOL_MINUS_SHORT,1,1712016000000000,0.01425946528158285,0.03822896615606183,0.0010606297926069042,-0.002034131360583391,-0.003094761153190295,1713830460000001,True,21,False,False
2024-04-01,VOL_MINUS_SHORT,2,1712102400000000,0.003273176290717328,0.03822896615606183,0.00022212122380704802,-0.002346589275113331,-0.002568710498920379,1713916860000001,True,21,False,False
2024-04-01,VOL_MINUS_SHORT,3,1712188800000000,0.002851903802591191,0.03822896615606183,-0.010293661373568908,-0.007633020539075774,0.002660640834493133,1714003260000001,True,21,False,False
2024-04-01,VOL_MINUS_SHORT,4,1712275200000000,0.005159973818954652,0.03822896615606183,-0.011598589082728039,-0.008207592485370063,0.003390996597357976,1714089660000001,True,21,False,False
2024-04-01,VOL_MINUS_SHORT,5,1712361600000000,0.01055663738595827,0.03822896615606183,-0.015410926159937777,-0.009859357841464966,0.00555156831847281,1714176060000001,True,21,False,False
2024-04-01,VOL_MINUS_SHORT,6,1712448000000000,0.00964238059801448,0.03822896615606183,-0.014904635147298007,-0.009775046807036003,0.0051295883402620035,1714262460000001,True,21,False,False
2024-04-01,VOL_MINUS_SHORT,7,1712534400000000,0.016836548626249517,0.03822896615606183,-0.01978542679179518,-0.012296181107111392,0.007489245684683787,1714348860000001,True,21,False,False
2024-04-01,VOL_MINUS_SHORT,8,1712620800000000,0.021266566937859235,0.03822896615606183,-0.024780258682038148,-0.014189580053728945,0.010590678628309202,1714435260000001,True,21,False,False
2024-04-01,VOL_MINUS_SHORT,9,1712707200000000,0.010442217502411297,0.03822896615606183,-0.036894257739032765,-0.019891057278054403,0.017003200460978363,1714521660000001,True,21,False,False
2024-04-01,VOL_MINUS_SHORT,10,1712793600000000,0.019347200390276924,0.03822896615606183,-0.037894750820103074,-0.020572733672362675,0.0173220171477404,1714608060000001,True,21,False,False
2024-04-01,VOL_MINUS_SHORT,11,1712880000000000,0.02043953221143514,0.03822896615606183,-0.03290341998751123,-0.01808096407509041,0.014822455912420818,1714694460000001,True,21,False,False
2024-04-01,VOL_MINUS_SHORT,12,1712966400000000,0.010559246639096763,0.03822896615606183,-0.0038662243515301675,-0.003753321404192045,0.00011290294733812267,1714780860000001,True,21,False,False
2024-04-01,VOL_MINUS_SHORT,13,1713052800000000,-0.00019351536316308815,0.03822896615606183,0.01812842196501574,0.007128070340280512,-0.011000351624735227,1714867260000001,True,21,False,False
2024-04-01,VOL_MINUS_SHORT,14,1713139200000000,-0.0023295061302471554,0.03822896615606183,0.010551684664980243,0.00334033875768025,-0.007211345907299993,1714953660000001,True,21,False,False
2024-04-01,VOL_MINUS_SHORT,15,1713225600000000,-0.003107551845010652,0.03822896615606183,0.015257052743399724,0.005711876021006201,-0.009545176722393522,1715040060000001,True,21,False,False
2024-04-01,VOL_MINUS_SHORT,16,1713312000000000,-0.0008813849554655598,0.03822896615606183,0.009053419974271892,0.0028323470125681816,-0.006221072961703711,1715126460000001,True,21,False,False
2024-04-01,VOL_MINUS_SHORT,17,1713398400000000,-0.001058836305979853,0.03822896615606183,0.00695108628341079,0.001881430453205546,-0.005069655830205244,1715212860000001,True,21,False,False
2024-04-01,VOL_MINUS_SHORT,18,1713484800000000,0.001643775105020874,0.03822896615606183,0.010403585536791216,0.003901590301493396,-0.006501995235297819,1715299260000001,True,21,False,False
2024-04-01,VOL_MINUS_SHORT,19,1713571200000000,0.010889536010568437,0.03822896615606183,-0.002672131030064029,-0.0029355585464083678,-0.0002634275163443389,1715385660000001,True,21,False,False
2024-04-01,VOL_MINUS_SHORT,20,1713657600000000,0.008626859942219612,0.03822896615606183,-0.014362257822173263,-0.00841985763742159,0.005942400184751673,1715472060000001,True,21,False,False
2024-04-01,VOL_MINUS_SHORT,21,1713744000000000,0.009002766217065944,0.03822896615606183,-0.013380800545821026,-0.007710459356007893,0.005670341189813133,1715558460000001,True,21,False,True
2024-04-01,VOL_MINUS_SHORT,22,1713830400000000,0.009744520800041595,0.03822896615606183,-0.01716569322406003,-0.008904291038673628,0.008261402185386402,1715644860000001,True,21,False,False
2024-04-01,VOL_MINUS_SHORT,23,1713916800000000,0.02335377642791621,0.03822896615606183,-0.022494401357421756,-0.01170858377294648,0.010785817584475277,1715731260000001,True,21,False,False
2024-04-01,VOL_MINUS_SHORT,24,1714003200000000,0.023894292464376434,0.03822896615606183,0.014692118150961386,0.0067059496203902835,-0.007986168530571103,1715817660000001,True,21,False,False
2024-04-01,VOL_MINUS_SHORT,25,1714089600000000,0.0268287099846055,0.03822896615606183,0.00713172967501452,0.00400233284053253,-0.00312939683448199,1715904060000001,True,21,False,False
2024-04-01,VOL_MINUS_SHORT,26,1714176000000000,0.027309399556713396,0.03822896615606183,0.02440519795556928,0.012591494672304915,-0.011813703283264365,1715990460000001,True,21,False,False
2024-04-01,VOL_MINUS_SHORT,27,1714262400000000,0.029428554656518835,0.03822896615606183,0.02349210688440795,0.012304271075576523,-0.011187835808831426,1716076860000001,True,21,False,False
2024-04-01,VOL_MINUS_SHORT,28,1714348800000000,0.030420540548234978,0.03822896615606183,0.02355407628208739,0.010708527653173983,-0.012845548628913406,1716163260000001,True,21,False,False
2024-04-01,VOL_MINUS_SHORT,29,1714435200000000,0.03151321082734822,0.03822896615606183,0.05681029944560023,0.030395912048795326,-0.026414387396804906,1716249660000001,True,21,False,False
2024-04-01,VOL_MINUS_SHORT,30,1714521600000000,0.03127593288969376,0.03822896615606183,0.07276816347861803,0.038521446066013265,-0.034246717412604766,1716336060000001,True,21,False,False
2024-04-01,VOL_MINUS_SHORT,31,1714608000000000,0.028989415584760436,0.03822896615606183,0.06963652268388709,0.03573071642111603,-0.033905806262771065,1716422460000001,True,21,False,False
2024-04-01,VOL_MINUS_SHORT,32,1714694400000000,0.039331859382985786,0.03822896615606183,0.06460327242003738,0.0320805130312396,-0.032522759388797784,1716508860000001,True,21,False,False
2024-04-01,VOL_MINUS_SHORT,33,1714780800000000,0.038873661359566034,0.03822896615606183,0.04999266166618155,0.02356047544902906,-0.026432186217152487,1716595260000001,True,21,False,False
2024-04-01,VOL_MINUS_SHORT,34,1714867200000000,0.032047529316916096,0.03822896615606183,0.04485898276235489,0.022246028346056823,-0.02261295441629807,1716681660000001,True,21,False,False
2024-04-01,VOL_MINUS_SHORT,35,1714953600000000,0.038942979637201176,0.03822896615606183,0.04188652609768695,0.019409105898455792,-0.022477420199231157,1716768060000001,True,21,False,False
2024-04-01,VOL_MINUS_SHORT,36,1715040000000000,0.035247541161367336,0.03822896615606183,0.04483895711984842,0.02239931788810745,-0.02243963923174097,1716854460000001,True,21,False,False
2024-04-01,VOL_MINUS_SHORT,37,1715126400000000,0.04310056303241706,0.03822896615606183,0.049891424753570224,0.02398060733520868,-0.025910817418361543,1716940860000001,True,21,False,False
2024-04-01,VOL_MINUS_SHORT,38,1715212800000000,0.036541994912967606,0.03822896615606183,0.055801013729050664,0.026168848088562457,-0.029632165640488206,1717027260000001,True,21,False,False
2024-04-01,VOL_MINUS_SHORT,39,1715299200000000,0.03594615495622041,0.03822896615606183,0.04350389934038146,0.019231073384817332,-0.024272825955564126,1717113660000001,True,21,False,False
2024-04-01,VOL_MINUS_SHORT,40,1715385600000000,0.03066802282892405,0.03822896615606183,0.05508029562665839,0.024906008326528895,-0.0301742873001295,1717200060000001,True,21,False,False
2024-04-01,VOL_MINUS_SHORT,41,1715472000000000,0.03440134118408636,0.03822896615606183,0.05619187419762872,0.02587404196096066,-0.030317832236668063,1717286460000001,True,21,False,False
2024-04-01,VOL_MINUS_SHORT,42,1715558400000000,0.03803472428665774,0.03822896615606183,0.05681611213810067,0.026085367515873426,-0.030730744622227246,1717286460000001,False,20,True,True
2024-04-01,VOL_MINUS_CS,0,1711929600000000,0.016605387222425747,0.03822896615606183,0.0013932049382984202,-0.006994027382535184,-0.008387232320833604,1713744060000001,True,21,False,True
2024-04-01,VOL_MINUS_CS,1,1712016000000000,0.01425946528158285,0.03822896615606183,0.009025513275109365,-0.002034131360583391,-0.011059644635692756,1713830460000001,True,21,False,False
2024-04-01,VOL_MINUS_CS,2,1712102400000000,0.003273176290717328,0.03822896615606183,0.006493847422507026,-0.002346589275113331,-0.008840436697620357,1713916860000001,True,21,False,False
2024-04-01,VOL_MINUS_CS,3,1712188800000000,0.002851903802591191,0.03822896615606183,-0.0031700428085696952,-0.007633020539075774,-0.004462977730506079,1714003260000001,True,21,False,False
2024-04-01,VOL_MINUS_CS,4,1712275200000000,0.005159973818954652,0.03822896615606183,-0.006551029199334035,-0.008207592485370063,-0.001656563286036028,1714089660000001,True,21,False,False
2024-04-01,VOL_MINUS_CS,5,1712361600000000,0.01055663738595827,0.03822896615606183,-0.012997864358116784,-0.009859357841464966,0.003138506516651818,1714176060000001,True,21,False,False
2024-04-01,VOL_MINUS_CS,6,1712448000000000,0.00964238059801448,0.03822896615606183,-0.013997256431719785,-0.009775046807036003,0.0042222096246837815,1714262460000001,True,21,False,False
2024-04-01,VOL_MINUS_CS,7,1712534400000000,0.016836548626249517,0.03822896615606183,-0.018625827781783233,-0.012296181107111392,0.0063296466746718405,1714348860000001,True,21,False,False
2024-04-01,VOL_MINUS_CS,8,1712620800000000,0.021266566937859235,0.03822896615606183,-0.0237040217065837,-0.014189580053728945,0.009514441652854755,1714435260000001,True,21,False,False
2024-04-01,VOL_MINUS_CS,9,1712707200000000,0.010442217502411297,0.03822896615606183,-0.03357529512730384,-0.019891057278054403,0.013684237849249437,1714521660000001,True,21,False,False
2024-04-01,VOL_MINUS_CS,10,1712793600000000,0.019347200390276924,0.03822896615606183,-0.02093346042783617,-0.020572733672362675,0.000360726755473495,1714608060000001,True,21,False,False
2024-04-01,VOL_MINUS_CS,11,1712880000000000,0.02043953221143514,0.03822896615606183,-0.01701051827256783,-0.01808096407509041,-0.0010704458025225794,1714694460000001,True,21,False,False
2024-04-01,VOL_MINUS_CS,12,1712966400000000,0.010559246639096763,0.03822896615606183,0.004557380006942169,-0.003753321404192045,-0.008310701411134214,1714780860000001,True,21,False,False
2024-04-01,VOL_MINUS_CS,13,1713052800000000,-0.00019351536316308815,0.03822896615606183,0.025300414110090652,0.007128070340280512,-0.01817234376981014,1714867260000001,True,21,False,False
2024-04-01,VOL_MINUS_CS,14,1713139200000000,-0.0023295061302471554,0.03822896615606183,0.017719744214407585,0.00334033875768025,-0.014379405456727334,1714953660000001,True,21,False,False
2024-04-01,VOL_MINUS_CS,15,1713225600000000,-0.003107551845010652,0.03822896615606183,0.029722454172442014,0.005711876021006201,-0.024010578151435813,1715040060000001,True,21,False,False
2024-04-01,VOL_MINUS_CS,16,1713312000000000,-0.0008813849554655598,0.03822896615606183,0.026409915781547166,0.0028323470125681816,-0.023577568768978985,1715126460000001,True,21,False,False
2024-04-01,VOL_MINUS_CS,17,1713398400000000,-0.001058836305979853,0.03822896615606183,0.016094717821646176,0.001881430453205546,-0.01421328736844063,1715212860000001,True,21,False,False
2024-04-01,VOL_MINUS_CS,18,1713484800000000,0.001643775105020874,0.03822896615606183,0.027710914510736262,0.003901590301493396,-0.023809324209242866,1715299260000001,True,21,False,False
2024-04-01,VOL_MINUS_CS,19,1713571200000000,0.010889536010568437,0.03822896615606183,0.022516607991894366,-0.0029355585464083678,-0.025452166538302734,1715385660000001,True,21,False,False
2024-04-01,VOL_MINUS_CS,20,1713657600000000,0.008626859942219612,0.03822896615606183,0.010466942263092638,-0.00841985763742159,-0.01888679990051423,1715472060000001,True,21,False,False
2024-04-01,VOL_MINUS_CS,21,1713744000000000,0.009002766217065944,0.03822896615606183,0.011685538420714181,-0.007710459356007893,-0.019395997776722074,1715558460000001,True,21,False,True
2024-04-01,VOL_MINUS_CS,22,1713830400000000,0.009744520800041595,0.03822896615606183,0.010734691752496639,-0.008904291038673628,-0.019638982791170267,1715644860000001,True,21,False,False
2024-04-01,VOL_MINUS_CS,23,1713916800000000,0.02335377642791621,0.03822896615606183,0.010270769362629273,-0.01170858377294648,-0.021979353135575752,1715731260000001,True,21,False,False
2024-04-01,VOL_MINUS_CS,24,1714003200000000,0.023894292464376434,0.03822896615606183,0.029526885010759618,0.0067059496203902835,-0.022820935390369335,1715817660000001,True,21,False,False
2024-04-01,VOL_MINUS_CS,25,1714089600000000,0.0268287099846055,0.03822896615606183,0.02176183349093397,0.00400233284053253,-0.01775950065040144,1715904060000001,True,21,False,False
2024-04-01,VOL_MINUS_CS,26,1714176000000000,0.027309399556713396,0.03822896615606183,0.03516167484957122,0.012591494672304915,-0.022570180177266308,1715990460000001,True,21,False,False
2024-04-01,VOL_MINUS_CS,27,1714262400000000,0.029428554656518835,0.03822896615606183,0.03506916401812421,0.012304271075576523,-0.022764892942547688,1716076860000001,True,21,False,False
2024-04-01,VOL_MINUS_CS,28,1714348800000000,0.030420540548234978,0.03822896615606183,0.03571119252191435,0.010708527653173983,-0.025002664868740365,1716163260000001,True,21,False,False
2024-04-01,VOL_MINUS_CS,29,1714435200000000,0.03151321082734822,0.03822896615606183,0.06962055785295673,0.030395912048795326,-0.03922464580416141,1716249660000001,True,21,False,False
2024-04-01,VOL_MINUS_CS,30,1714521600000000,0.03127593288969376,0.03822896615606183,0.09478095958036248,0.038521446066013265,-0.05625951351434921,1716336060000001,True,21,False,False
2024-04-01,VOL_MINUS_CS,31,1714608000000000,0.028989415584760436,0.03822896615606183,0.08044392030546343,0.03573071642111603,-0.04471320388434741,1716422460000001,True,21,False,False
2024-04-01,VOL_MINUS_CS,32,1714694400000000,0.039331859382985786,0.03822896615606183,0.07932672750711656,0.0320805130312396,-0.04724621447587696,1716508860000001,True,21,False,False
2024-04-01,VOL_MINUS_CS,33,1714780800000000,0.038873661359566034,0.03822896615606183,0.07090540411901425,0.02356047544902906,-0.04734492866998519,1716595260000001,True,21,False,False
2024-04-01,VOL_MINUS_CS,34,1714867200000000,0.032047529316916096,0.03822896615606183,0.05991434305334886,0.022246028346056823,-0.03766831470729204,1716681660000001,True,21,False,False
2024-04-01,VOL_MINUS_CS,35,1714953600000000,0.038942979637201176,0.03822896615606183,0.061668754865815356,0.019409105898455792,-0.042259648967359564,1716768060000001,True,21,False,False
2024-04-01,VOL_MINUS_CS,36,1715040000000000,0.035247541161367336,0.03822896615606183,0.05568963998186216,0.02239931788810745,-0.03329032209375471,1716854460000001,True,21,False,False
2024-04-01,VOL_MINUS_CS,37,1715126400000000,0.04310056303241706,0.03822896615606183,0.055682946299674074,0.02398060733520868,-0.03170233896446539,1716940860000001,True,21,False,False
2024-04-01,VOL_MINUS_CS,38,1715212800000000,0.036541994912967606,0.03822896615606183,0.06336053310619383,0.026168848088562457,-0.03719168501763137,1717027260000001,True,21,False,False
2024-04-01,VOL_MINUS_CS,39,1715299200000000,0.03594615495622041,0.03822896615606183,0.042300012295784284,0.019231073384817332,-0.023068938910966952,1717113660000001,True,21,False,False
2024-04-01,VOL_MINUS_CS,40,1715385600000000,0.03066802282892405,0.03822896615606183,0.04857821684634023,0.024906008326528895,-0.023672208519811333,1717200060000001,True,21,False,False
2024-04-01,VOL_MINUS_CS,41,1715472000000000,0.03440134118408636,0.03822896615606183,0.05054482493392376,0.02587404196096066,-0.0246707829729631,1717286460000001,True,21,False,False
2024-04-01,VOL_MINUS_CS,42,1715558400000000,0.03803472428665774,0.03822896615606183,0.05046315503548149,0.026085367515873426,-0.024377787519608063,1717286460000001,False,20,True,True
