fold,target,start_index,decision_us,label_available_us,observed,ridge,prefix_mean,constant_VOL_action,active_intervals,paid_close,fixed_full_disjoint
2023-07-03,VOL_MINUS_SHORT,0,1688342400000000,1690156860000001,0.07918464024320437,-0.0005183800195978205,-0.0007663575134662664,1,21,False,True
2023-07-03,VOL_MINUS_SHORT,1,1688428800000000,1690243260000001,0.07034817181812802,-0.0021641345612622887,-0.0007663575134662664,1,21,False,False
2023-07-03,VOL_MINUS_SHORT,2,1688515200000000,1690329660000001,0.07376880100677585,-0.0017559494998521333,-0.0007663575134662664,1,21,False,False
2023-07-03,VOL_MINUS_SHORT,3,1688601600000000,1690416060000001,0.07740306785855189,0.0002475759523074638,-0.0007663575134662664,1,21,False,False
2023-07-03,VOL_MINUS_SHORT,4,1688688000000000,1690502460000001,0.07692862082164498,0.002479706936124439,-0.0007663575134662664,1,21,False,False
2023-07-03,VOL_MINUS_SHORT,5,1688774400000000,1690588860000001,0.0750511715680987,0.0022817430990698133,-0.0007663575134662664,1,21,False,False
2023-07-03,VOL_MINUS_SHORT,6,1688860800000000,1690675260000001,0.07614694003592837,0.0021561539964626087,-0.0007663575134662664,1,21,False,False
2023-07-03,VOL_MINUS_SHORT,7,1688947200000000,1690761660000001,0.0745350176389925,0.0024786546936068103,-0.0007663575134662664,1,21,False,False
2023-07-03,VOL_MINUS_SHORT,8,1689033600000000,1690848060000001,0.0717557507502592,0.003193678156158679,-0.0007663575134662664,1,21,False,False
2023-07-03,VOL_MINUS_SHORT,9,1689120000000000,1690934460000001,0.07570560273806681,0.0035572407281417454,-0.0007663575134662664,1,21,False,False
2023-07-03,VOL_MINUS_SHORT,10,1689206400000000,1691020860000001,0.06878382559231222,0.004719823470612376,-0.0007663575134662664,1,21,False,False
2023-07-03,VOL_MINUS_SHORT,11,1689292800000000,1691107260000001,-0.011997662015240218,-0.011553439140069389,-0.0007663575134662664,1,21,False,False
2023-07-03,VOL_MINUS_SHORT,12,1689379200000000,1691193660000001,-0.010931025661726212,-0.010416068261418573,-0.0007663575134662664,1,21,False,False
2023-07-03,VOL_MINUS_SHORT,13,1689465600000000,1691280060000001,-0.011543504309645125,-0.010234866260137218,-0.0007663575134662664,1,21,False,False
2023-07-03,VOL_MINUS_SHORT,14,1689552000000000,1691366460000001,-0.011986429918373953,-0.01034540635037507,-0.0007663575134662664,1,21,False,False
2023-07-03,VOL_MINUS_SHORT,15,1689638400000000,1691452860000001,-0.011425538028748794,-0.00981367552075597,-0.0007663575134662664,1,21,False,False
2023-07-03,VOL_MINUS_SHORT,16,1689724800000000,1691539260000001,-0.003626415714474307,-0.005681311127415097,-0.0007663575134662664,1,21,False,False
2023-07-03,VOL_MINUS_SHORT,17,1689811200000000,1691625660000001,-0.006509544490564956,-0.006667645064590524,-0.0007663575134662664,1,21,False,False
2023-07-03,VOL_MINUS_SHORT,18,1689897600000000,1691712060000001,-0.006040665072540308,-0.00520592485300727,-0.0007663575134662664,1,21,False,False
2023-07-03,VOL_MINUS_SHORT,19,1689984000000000,1691798460000001,-0.0068783579980069565,-0.00518433270064966,-0.0007663575134662664,1,21,False,False
2023-07-03,VOL_MINUS_SHORT,20,1690070400000000,1691884860000001,-0.0028772244456676255,-0.004355278305137344,-0.0007663575134662664,1,21,False,False
2023-07-03,VOL_MINUS_SHORT,21,1690156800000000,1691971260000001,-0.014825039525108274,-0.005767137716980859,-0.0007663575134662664,1,21,False,True
2023-07-03,VOL_MINUS_SHORT,22,1690243200000000,1692057660000001,0.003678518728570057,-0.005017989773621716,-0.0007663575134662664,1,21,False,False
2023-07-03,VOL_MINUS_SHORT,23,1690329600000000,1692144060000001,-0.020873963239468996,-0.00590691269185306,-0.0007663575134662664,1,21,False,False
2023-07-03,VOL_MINUS_SHORT,24,1690416000000000,1692230460000001,-0.04344989732127269,-0.006408143133868919,-0.0007663575134662664,1,21,False,False
2023-07-03,VOL_MINUS_SHORT,25,1690502400000000,1692316860000001,-0.09827743234460595,-0.0065010796041658925,-0.0007663575134662664,1,21,False,False
2023-07-03,VOL_MINUS_SHORT,26,1690588800000000,1692403260000001,-0.1000677518606603,-0.006488713094659338,-0.0007663575134662664,1,21,False,False
2023-07-03,VOL_MINUS_SHORT,27,1690675200000000,1692489660000001,-0.09473324517392812,-0.008021014904052545,-0.0007663575134662664,1,21,False,False
2023-07-03,VOL_MINUS_SHORT,28,1690761600000000,1692576060000001,-0.08820360290032592,-0.006277539082165461,-0.0007663575134662664,1,21,False,False
2023-07-03,VOL_MINUS_SHORT,29,1690848000000000,1692662460000001,-0.09487603369762032,-0.005063851740814177,-0.0007663575134662664,1,21,False,False
2023-07-03,VOL_MINUS_SHORT,30,1690934400000000,1692748860000001,-0.1052902516638331,-0.006710789877575387,-0.0007663575134662664,1,21,False,False
2023-07-03,VOL_MINUS_SHORT,31,1691020800000000,1692835260000001,-0.08350459335180482,0.0007657352010973609,-0.0007663575134662664,1,21,False,False
2023-07-03,VOL_MINUS_SHORT,32,1691107200000000,1692921660000001,-0.09015091990313895,0.0013993786108323497,-0.0007663575134662664,1,21,False,False
2023-07-03,VOL_MINUS_SHORT,33,1691193600000000,1693008060000001,-0.09066337743777764,0.001356783006612637,-0.0007663575134662664,1,21,False,False
2023-07-03,VOL_MINUS_SHORT,34,1691280000000000,1693094460000001,-0.0933673753272739,0.0012321790664815541,-0.0007663575134662664,1,21,False,False
2023-07-03,VOL_MINUS_SHORT,35,1691366400000000,1693180860000001,-0.08891456700786626,0.0015841271540502312,-0.0007663575134662664,1,21,False,False
2023-07-03,VOL_MINUS_SHORT,36,1691452800000000,1693267260000001,-0.08951380822694577,0.0008612928848453746,-0.0007663575134662664,1,21,False,False
2023-07-03,VOL_MINUS_SHORT,37,1691539200000000,1693353660000001,-0.07238636766042739,-0.0006443773908530392,-0.0007663575134662664,1,21,False,False
2023-07-03,VOL_MINUS_SHORT,38,1691625600000000,1693440060000001,-0.08127094509069299,-0.0014007271848790219,-0.0007663575134662664,1,21,False,False
2023-07-03,VOL_MINUS_SHORT,39,1691712000000000,1693526460000001,-0.09826659013876082,-0.0012827697924163396,-0.0007663575134662664,1,21,False,False
2023-07-03,VOL_MINUS_SHORT,40,1691798400000000,1693612860000001,-0.10275227605741133,-0.0016896770215888632,-0.0007663575134662664,1,21,False,False
2023-07-03,VOL_MINUS_SHORT,41,1691884800000000,1693699260000001,-0.10208280686900018,0.005644988703754557,-0.0007663575134662664,1,21,False,False
2023-07-03,VOL_MINUS_CS,0,1688342400000000,1690156860000001,0.06961067170802304,0.009378518472538781,0.0048851441099853465,1,21,False,True
2023-07-03,VOL_MINUS_CS,1,1688428800000000,1690243260000001,0.06829001034352578,0.009033072349615449,0.0048851441099853465,1,21,False,False
2023-07-03,VOL_MINUS_CS,2,1688515200000000,1690329660000001,0.07092620314951936,0.009611390291039303,0.0048851441099853465,1,21,False,False
2023-07-03,VOL_MINUS_CS,3,1688601600000000,1690416060000001,0.0704621648044309,0.00985610165826853,0.0048851441099853465,1,21,False,False
2023-07-03,VOL_MINUS_CS,4,1688688000000000,1690502460000001,0.07246774443732518,0.010958623177061345,0.0048851441099853465,1,21,False,False
2023-07-03,VOL_MINUS_CS,5,1688774400000000,1690588860000001,0.07405928706010523,0.010995721299357209,0.0048851441099853465,1,21,False,False
2023-07-03,VOL_MINUS_CS,6,1688860800000000,1690675260000001,0.07528485565000709,0.011518538007991023,0.0048851441099853465,1,21,False,False
2023-07-03,VOL_MINUS_CS,7,1688947200000000,1690761660000001,0.07393703260553719,0.011335101689418176,0.0048851441099853465,1,21,False,False
2023-07-03,VOL_MINUS_CS,8,1689033600000000,1690848060000001,0.07199025088802313,0.010500163268194605,0.0048851441099853465,1,21,False,False
2023-07-03,VOL_MINUS_CS,9,1689120000000000,1690934460000001,0.07582003877529453,0.00832068698335208,0.0048851441099853465,1,21,False,False
2023-07-03,VOL_MINUS_CS,10,1689206400000000,1691020860000001,0.074139378350628,0.009019647215868308,0.0048851441099853465,1,21,False,False
2023-07-03,VOL_MINUS_CS,11,1689292800000000,1691107260000001,-0.003826718031497367,0.002906311112213823,0.0048851441099853465,1,21,False,False
2023-07-03,VOL_MINUS_CS,12,1689379200000000,1691193660000001,0.0026777417609838983,0.002525645550001928,0.0048851441099853465,1,21,False,False
2023-07-03,VOL_MINUS_CS,13,1689465600000000,1691280060000001,0.0007051852480360887,0.002993129745743032,0.0048851441099853465,1,21,False,False
2023-07-03,VOL_MINUS_CS,14,1689552000000000,1691366460000001,0.0011470851526356185,0.0036649919129575436,0.0048851441099853465,1,21,False,False
2023-07-03,VOL_MINUS_CS,15,1689638400000000,1691452860000001,0.0008342711132290903,0.0031022619600248693,0.0048851441099853465,1,21,False,False
2023-07-03,VOL_MINUS_CS,16,1689724800000000,1691539260000001,0.006483663521964611,0.007555716281611462,0.0048851441099853465,1,21,False,False
2023-07-03,VOL_MINUS_CS,17,1689811200000000,1691625660000001,0.007416820422040171,0.00594634083746956,0.0048851441099853465,1,21,False,False
2023-07-03,VOL_MINUS_CS,18,1689897600000000,1691712060000001,0.0063398689453714185,0.005923590284523016,0.0048851441099853465,1,21,False,False
2023-07-03,VOL_MINUS_CS,19,1689984000000000,1691798460000001,0.004955465614443266,0.005345233121761927,0.0048851441099853465,1,21,False,False
2023-07-03,VOL_MINUS_CS,20,1690070400000000,1691884860000001,0.006071081146346802,0.005061259913070076,0.0048851441099853465,1,21,False,False
2023-07-03,VOL_MINUS_CS,21,1690156800000000,1691971260000001,-9.140446890487652e-06,0.00586067078332453,0.0048851441099853465,1,21,False,True
2023-07-03,VOL_MINUS_CS,22,1690243200000000,1692057660000001,0.0033002199834067936,0.00614780638391863,0.0048851441099853465,1,21,False,False
2023-07-03,VOL_MINUS_CS,23,1690329600000000,1692144060000001,-0.003933977918873066,0.0062276911277649675,0.0048851441099853465,1,21,False,False
2023-07-03,VOL_MINUS_CS,24,1690416000000000,1692230460000001,-0.007611071249493118,0.006629703427703278,0.0048851441099853465,1,21,False,False
2023-07-03,VOL_MINUS_CS,25,1690502400000000,1692316860000001,-0.04291889447849051,0.005404049063224164,0.0048851441099853465,1,21,False,False
2023-07-03,VOL_MINUS_CS,26,1690588800000000,1692403260000001,-0.04993466580701089,0.005745927920617244,0.0048851441099853465,1,21,False,False
2023-07-03,VOL_MINUS_CS,27,1690675200000000,1692489660000001,-0.04861577922157101,0.004352457371376142,0.0048851441099853465,1,21,False,False
2023-07-03,VOL_MINUS_CS,28,1690761600000000,1692576060000001,-0.039580133865139366,0.004865385618085684,0.0048851441099853465,1,21,False,False
2023-07-03,VOL_MINUS_CS,29,1690848000000000,1692662460000001,-0.04340576958775655,0.0061358805369690385,0.0048851441099853465,1,21,False,False
2023-07-03,VOL_MINUS_CS,30,1690934400000000,1692748860000001,-0.04294229097462521,0.005194482495870955,0.0048851441099853465,1,21,False,False
2023-07-03,VOL_MINUS_CS,31,1691020800000000,1692835260000001,-0.03995188268954564,0.006334354418303451,0.0048851441099853465,1,21,False,False
2023-07-03,VOL_MINUS_CS,32,1691107200000000,1692921660000001,-0.043021580638533674,0.0072901224637316395,0.0048851441099853465,1,21,False,False
2023-07-03,VOL_MINUS_CS,33,1691193600000000,1693008060000001,-0.0375258819668407,0.007156804169044652,0.0048851441099853465,1,21,False,False
2023-07-03,VOL_MINUS_CS,34,1691280000000000,1693094460000001,-0.0382360568665574,0.007376597675392417,0.0048851441099853465,1,21,False,False
2023-07-03,VOL_MINUS_CS,35,1691366400000000,1693180860000001,-0.04095526251519588,0.007444650446109898,0.0048851441099853465,1,21,False,False
2023-07-03,VOL_MINUS_CS,36,1691452800000000,1693267260000001,-0.03990290051353851,0.006966479692599548,0.0048851441099853465,1,21,False,False
2023-07-03,VOL_MINUS_CS,37,1691539200000000,1693353660000001,-0.03659607705078283,0.0054428711496049866,0.0048851441099853465,1,21,False,False
2023-07-03,VOL_MINUS_CS,38,1691625600000000,1693440060000001,-0.04213903431520705,0.004492761619740896,0.0048851441099853465,1,21,False,False
2023-07-03,VOL_MINUS_CS,39,1691712000000000,1693526460000001,-0.04745506949252176,0.0044182126556766895,0.0048851441099853465,1,21,False,False
2023-07-03,VOL_MINUS_CS,40,1691798400000000,1693612860000001,-0.051028943047602304,0.004885441381472284,0.0048851441099853465,1,21,False,False
2023-07-03,VOL_MINUS_CS,41,1691884800000000,1693699260000001,-0.0522260064367146,0.008261653424868861,0.0048851441099853465,1,21,False,False
2023-10-02,VOL_MINUS_SHORT,0,1696204800000000,1698019260000001,0.04030537272344936,0.01825595945482439,0.0025161358915404275,1,21,False,True
2023-10-02,VOL_MINUS_SHORT,1,1696291200000000,1698105660000001,0.06509238768675185,0.017685527499829597,0.0025161358915404275,1,21,False,False
2023-10-02,VOL_MINUS_SHORT,2,1696377600000000,1698192060000001,0.06383376993127698,0.016423472710429043,0.0025161358915404275,1,21,False,False
2023-10-02,VOL_MINUS_SHORT,3,1696464000000000,1698278460000001,0.0692454009313136,0.015368433405593305,0.0025161358915404275,1,21,False,False
2023-10-02,VOL_MINUS_SHORT,4,1696550400000000,1698364860000001,0.07325695714085279,0.012978866304456804,0.0025161358915404275,1,21,False,False
2023-10-02,VOL_MINUS_SHORT,5,1696636800000000,1698451260000001,0.06492839040679566,0.013302171339882636,0.0025161358915404275,1,21,False,False
2023-10-02,VOL_MINUS_SHORT,6,1696723200000000,1698537660000001,0.06626561659731522,0.013994391995375251,0.0025161358915404275,1,21,False,False
2023-10-02,VOL_MINUS_SHORT,7,1696809600000000,1698624060000001,0.07121921425256106,0.013169645917521922,0.0025161358915404275,1,21,False,False
2023-10-02,VOL_MINUS_SHORT,8,1696896000000000,1698710460000001,0.0836392367232589,0.012351512930941243,0.0025161358915404275,1,21,False,False
2023-10-02,VOL_MINUS_SHORT,9,1696982400000000,1698796860000001,0.09043854319892508,0.011485521661560033,0.0025161358915404275,1,21,False,False
2023-10-02,VOL_MINUS_SHORT,10,1697068800000000,1698883260000001,0.10045331297053162,0.01289558648372593,0.0025161358915404275,1,21,False,False
2023-10-02,VOL_MINUS_SHORT,11,1697155200000000,1698969660000001,0.09919248858577812,0.012264446622572417,0.0025161358915404275,1,21,False,False
2023-10-02,VOL_MINUS_SHORT,12,1697241600000000,1699056060000001,0.09643503765976524,0.01171854089497714,0.0025161358915404275,1,21,False,False
2023-10-02,VOL_MINUS_SHORT,13,1697328000000000,1699142460000001,0.09846067666937497,0.01148899982977148,0.0025161358915404275,1,21,False,False
2023-10-02,VOL_MINUS_SHORT,14,1697414400000000,1699228860000001,0.10347510806017779,0.011908898806806626,0.0025161358915404275,1,21,False,False
2023-10-02,VOL_MINUS_SHORT,15,1697500800000000,1699315260000001,0.09627148874749103,0.01203868405476961,0.0025161358915404275,1,21,False,False
2023-10-02,VOL_MINUS_SHORT,16,1697587200000000,1699401660000001,0.10104813288748526,0.012205982578655917,0.0025161358915404275,1,21,False,False
2023-10-02,VOL_MINUS_SHORT,17,1697673600000000,1699488060000001,0.10681364476423594,0.012363535657863934,0.0025161358915404275,1,21,False,False
2023-10-02,VOL_MINUS_SHORT,18,1697760000000000,1699574460000001,0.09700379407265092,0.012015761688839159,0.0025161358915404275,1,21,False,False
2023-10-02,VOL_MINUS_SHORT,19,1697846400000000,1699660860000001,0.09693260474225551,0.011063378345554818,0.0025161358915404275,1,21,False,False
2023-10-02,VOL_MINUS_SHORT,20,1697932800000000,1699747260000001,0.08429586931312716,0.010990966563997078,0.0025161358915404275,1,21,False,False
2023-10-02,VOL_MINUS_SHORT,21,1698019200000000,1699833660000001,0.08054810018733727,0.011474941183062937,0.0025161358915404275,1,21,False,True
2023-10-02,VOL_MINUS_SHORT,22,1698105600000000,1699920060000001,0.04951958191789818,0.009976805380923853,0.0025161358915404275,1,21,False,False
2023-10-02,VOL_MINUS_SHORT,23,1698192000000000,1700006460000001,0.047924028590765166,0.009111881282289055,0.0025161358915404275,1,21,False,False
2023-10-02,VOL_MINUS_SHORT,24,1698278400000000,1700092860000001,0.05813454317489719,0.01206715972897054,0.0025161358915404275,1,21,False,False
2023-10-02,VOL_MINUS_SHORT,25,1698364800000000,1700179260000001,0.045288553184986924,0.012754149883906054,0.0025161358915404275,1,21,False,False
2023-10-02,VOL_MINUS_SHORT,26,1698451200000000,1700265660000001,0.05581613023194376,0.011763920845435807,0.0025161358915404275,1,21,False,False
2023-10-02,VOL_MINUS_SHORT,27,1698537600000000,1700352060000001,0.05178963826549565,0.011834918778103843,0.0025161358915404275,1,21,False,False
2023-10-02,VOL_MINUS_SHORT,28,1698624000000000,1700438460000001,0.05250182124467506,0.012184711651988858,0.0025161358915404275,1,21,False,False
2023-10-02,VOL_MINUS_SHORT,29,1698710400000000,1700524860000001,0.04244066728943019,0.01234940987643453,0.0025161358915404275,1,21,False,False
2023-10-02,VOL_MINUS_SHORT,30,1698796800000000,1700611260000001,0.025171472335737688,0.012408327569387707,0.0025161358915404275,1,21,False,False
2023-10-02,VOL_MINUS_SHORT,31,1698883200000000,1700697660000001,0.03020753309959434,0.013018590684531449,0.0025161358915404275,1,21,False,False
2023-10-02,VOL_MINUS_SHORT,32,1698969600000000,1700784060000001,0.03435421688460094,0.011983173863432745,0.0025161358915404275,1,21,False,False
2023-10-02,VOL_MINUS_SHORT,33,1699056000000000,1700870460000001,0.03559104008797531,0.011825679371213068,0.0025161358915404275,1,21,False,False
2023-10-02,VOL_MINUS_SHORT,34,1699142400000000,1700956860000001,0.031878189553429914,0.012451267266999013,0.0025161358915404275,1,21,False,False
2023-10-02,VOL_MINUS_SHORT,35,1699228800000000,1701043260000001,0.02581750484205103,0.011145511611624621,0.0025161358915404275,1,21,False,False
2023-10-02,VOL_MINUS_SHORT,36,1699315200000000,1701129660000001,0.014097232332946907,0.011296936429391521,0.0025161358915404275,1,21,False,False
2023-10-02,VOL_MINUS_SHORT,37,1699401600000000,1701216060000001,0.021300999843155477,0.010886884760700072,0.0025161358915404275,1,21,False,False
2023-10-02,VOL_MINUS_SHORT,38,1699488000000000,1701302460000001,0.019774583654002864,0.011287275174327897,0.0025161358915404275,1,21,False,False
2023-10-02,VOL_MINUS_SHORT,39,1699574400000000,1701388860000001,0.014262165171224028,0.011296848137284618,0.0025161358915404275,1,21,False,False
2023-10-02,VOL_MINUS_SHORT,40,1699660800000000,1701475260000001,0.003921185477410827,0.00929458432513244,0.0025161358915404275,1,21,False,False
2023-10-02,VOL_MINUS_SHORT,41,1699747200000000,1701561660000001,0.008188312535266196,0.008718550485764894,0.0025161358915404275,1,21,False,False
2023-10-02,VOL_MINUS_CS,0,1696204800000000,1698019260000001,-0.012448918181490853,0.024290184688912975,0.008449890027447319,1,21,False,True
2023-10-02,VOL_MINUS_CS,1,1696291200000000,1698105660000001,0.004745430846785359,0.023043992610240528,0.008449890027447319,1,21,False,False
2023-10-02,VOL_MINUS_CS,2,1696377600000000,1698192060000001,0.007362771797108758,0.021980048293938487,0.008449890027447319,1,21,False,False
2023-10-02,VOL_MINUS_CS,3,1696464000000000,1698278460000001,0.003745040365917607,0.020388945693237615,0.008449890027447319,1,21,False,False
2023-10-02,VOL_MINUS_CS,4,1696550400000000,1698364860000001,0.01580207921129717,0.016611682841635233,0.008449890027447319,1,21,False,False
2023-10-02,VOL_MINUS_CS,5,1696636800000000,1698451260000001,0.005650170413934008,0.017944395400121525,0.008449890027447319,1,21,False,False
2023-10-02,VOL_MINUS_CS,6,1696723200000000,1698537660000001,0.009167404258597855,0.018778314455323894,0.008449890027447319,1,21,False,False
2023-10-02,VOL_MINUS_CS,7,1696809600000000,1698624060000001,0.00940922078978379,0.017152312571319772,0.008449890027447319,1,21,False,False
2023-10-02,VOL_MINUS_CS,8,1696896000000000,1698710460000001,0.017550144541068624,0.015533734787026004,0.008449890027447319,1,21,False,False
2023-10-02,VOL_MINUS_CS,9,1696982400000000,1698796860000001,0.014648246880893945,0.014052078576235503,0.008449890027447319,1,21,False,False
2023-10-02,VOL_MINUS_CS,10,1697068800000000,1698883260000001,0.013934105529698204,0.016499619957843208,0.008449890027447319,1,21,False,False
2023-10-02,VOL_MINUS_CS,11,1697155200000000,1698969660000001,0.01259758115273013,0.015019681747226793,0.008449890027447319,1,21,False,False
2023-10-02,VOL_MINUS_CS,12,1697241600000000,1699056060000001,0.019594189210774493,0.014685254260415743,0.008449890027447319,1,21,False,False
2023-10-02,VOL_MINUS_CS,13,1697328000000000,1699142460000001,0.012754756212519647,0.014596845808582155,0.008449890027447319,1,21,False,False
2023-10-02,VOL_MINUS_CS,14,1697414400000000,1699228860000001,0.03551844528247883,0.01477847572260791,0.008449890027447319,1,21,False,False
2023-10-02,VOL_MINUS_CS,15,1697500800000000,1699315260000001,0.044320707211379595,0.015208186082504668,0.008449890027447319,1,21,False,False
2023-10-02,VOL_MINUS_CS,16,1697587200000000,1699401660000001,0.044411540697603114,0.014771027649998297,0.008449890027447319,1,21,False,False
2023-10-02,VOL_MINUS_CS,17,1697673600000000,1699488060000001,0.04965037405894446,0.014814656693082174,0.008449890027447319,1,21,False,False
2023-10-02,VOL_MINUS_CS,18,1697760000000000,1699574460000001,0.057567215495645474,0.015438050849552454,0.008449890027447319,1,21,False,False
2023-10-02,VOL_MINUS_CS,19,1697846400000000,1699660860000001,0.0544474930008676,0.014661811276992627,0.008449890027447319,1,21,False,False
2023-10-02,VOL_MINUS_CS,20,1697932800000000,1699747260000001,0.05760167348248757,0.013882458118713166,0.008449890027447319,1,21,False,False
2023-10-02,VOL_MINUS_CS,21,1698019200000000,1699833660000001,0.05260919462039393,0.015442590786280786,0.008449890027447319,1,21,False,True
2023-10-02,VOL_MINUS_CS,22,1698105600000000,1699920060000001,0.03333878818151015,0.016666315476352785,0.008449890027447319,1,21,False,False
2023-10-02,VOL_MINUS_CS,23,1698192000000000,1700006460000001,0.019945111905209423,0.015347644539506806,0.008449890027447319,1,21,False,False
2023-10-02,VOL_MINUS_CS,24,1698278400000000,1700092860000001,0.033056436261428734,0.01973613816576266,0.008449890027447319,1,21,False,False
2023-10-02,VOL_MINUS_CS,25,1698364800000000,1700179260000001,0.018323089568012207,0.020428459421020916,0.008449890027447319,1,21,False,False
2023-10-02,VOL_MINUS_CS,26,1698451200000000,1700265660000001,0.03294737321073993,0.01871588769725185,0.008449890027447319,1,21,False,False
2023-10-02,VOL_MINUS_CS,27,1698537600000000,1700352060000001,0.027022869996144783,0.018956243318763735,0.008449890027447319,1,21,False,False
2023-10-02,VOL_MINUS_CS,28,1698624000000000,1700438460000001,0.030954080567070497,0.020275672441179053,0.008449890027447319,1,21,False,False
2023-10-02,VOL_MINUS_CS,29,1698710400000000,1700524860000001,0.030045423919145886,0.02139562072490177,0.008449890027447319,1,21,False,False
2023-10-02,VOL_MINUS_CS,30,1698796800000000,1700611260000001,0.025454518591752184,0.0221082272431945,0.008449890027447319,1,21,False,False
2023-10-02,VOL_MINUS_CS,31,1698883200000000,1700697660000001,0.03508941974547952,0.023544117228021785,0.008449890027447319,1,21,False,False
2023-10-02,VOL_MINUS_CS,32,1698969600000000,1700784060000001,0.03859175646151902,0.022838503357490814,0.008449890027447319,1,21,False,False
2023-10-02,VOL_MINUS_CS,33,1699056000000000,1700870460000001,0.03254945951605026,0.022114927049604383,0.008449890027447319,1,21,False,False
2023-10-02,VOL_MINUS_CS,34,1699142400000000,1700956860000001,0.034297844075370953,0.023705384017734282,0.008449890027447319,1,21,False,False
2023-10-02,VOL_MINUS_CS,35,1699228800000000,1701043260000001,0.012759065863990005,0.021356138964150086,0.008449890027447319,1,21,False,False
2023-10-02,VOL_MINUS_CS,36,1699315200000000,1701129660000001,0.004375942031765057,0.022974791157764334,0.008449890027447319,1,21,False,False
2023-10-02,VOL_MINUS_CS,37,1699401600000000,1701216060000001,0.010413346302905246,0.021893709232430933,0.008449890027447319,1,21,False,False
2023-10-02,VOL_MINUS_CS,38,1699488000000000,1701302460000001,0.00509397718700888,0.021880334640181902,0.008449890027447319,1,21,False,False
2023-10-02,VOL_MINUS_CS,39,1699574400000000,1701388860000001,-0.012209300569958392,0.022217996923817526,0.008449890027447319,1,21,False,False
2023-10-02,VOL_MINUS_CS,40,1699660800000000,1701475260000001,0.0033466385903282436,0.021185060086460792,0.008449890027447319,1,21,False,False
2023-10-02,VOL_MINUS_CS,41,1699747200000000,1701561660000001,0.00140122919312069,0.020125070136364137,0.008449890027447319,1,21,False,False
2024-01-01,VOL_MINUS_SHORT,0,1704067200000000,1705881660000001,-9.379251776020503e-06,0.01791181762215617,0.009244292543750683,1,21,False,True
2024-01-01,VOL_MINUS_SHORT,1,1704153600000000,1705968060000001,-0.01905448562322598,0.01786860432575191,0.009244292543750683,1,21,False,False
2024-01-01,VOL_MINUS_SHORT,2,1704240000000000,1706054460000001,-0.023143443360958083,0.017438089373283013,0.009244292543750683,1,21,False,False
2024-01-01,VOL_MINUS_SHORT,3,1704326400000000,1706140860000001,-0.016835947786377092,0.01166024791215843,0.009244292543750683,1,21,False,False
2024-01-01,VOL_MINUS_SHORT,4,1704412800000000,1706227260000001,-0.022256959249917996,0.013955046786021072,0.009244292543750683,1,21,False,False
2024-01-01,VOL_MINUS_SHORT,5,1704499200000000,1706313660000001,-0.008046237089365804,0.013470782887332756,0.009244292543750683,1,21,False,False
2024-01-01,VOL_MINUS_SHORT,6,1704585600000000,1706400060000001,-0.004130434858697574,0.014297109954284898,0.009244292543750683,1,21,False,False
2024-01-01,VOL_MINUS_SHORT,7,1704672000000000,1706486460000001,-0.0027767020617107674,0.014344623264935883,0.009244292543750683,1,21,False,False
2024-01-01,VOL_MINUS_SHORT,8,1704758400000000,1706572860000001,0.00013627448141018128,0.012997629386142132,0.009244292543750683,1,21,False,False
2024-01-01,VOL_MINUS_SHORT,9,1704844800000000,1706659260000001,-0.002968394604716318,0.012144073868356284,0.009244292543750683,1,21,False,False
2024-01-01,VOL_MINUS_SHORT,10,1704931200000000,1706745660000001,-0.019969811316938646,0.012439320472619602,0.009244292543750683,1,21,False,False
2024-01-01,VOL_MINUS_SHORT,11,1705017600000000,1706832060000001,-0.01930891206923646,0.011922690026600555,0.009244292543750683,1,21,False,False
2024-01-01,VOL_MINUS_SHORT,12,1705104000000000,1706918460000001,-0.005369725084009791,0.0095100476427571,0.009244292543750683,1,21,False,False
2024-01-01,VOL_MINUS_SHORT,13,1705190400000000,1707004860000001,-0.007128424861025162,0.011366816680915284,0.009244292543750683,1,21,False,False
2024-01-01,VOL_MINUS_SHORT,14,1705276800000000,1707091260000001,-0.009610914176277574,0.008999313921656458,0.009244292543750683,1,21,False,False
2024-01-01,VOL_MINUS_SHORT,15,1705363200000000,1707177660000001,-0.01113377434489815,0.009730064876596048,0.009244292543750683,1,21,False,False
2024-01-01,VOL_MINUS_SHORT,16,1705449600000000,1707264060000001,-0.010675237993557185,0.009320222202573926,0.009244292543750683,1,21,False,False
2024-01-01,VOL_MINUS_SHORT,17,1705536000000000,1707350460000001,0.0019876369029261376,0.010202512411635053,0.009244292543750683,1,21,False,False
2024-01-01,VOL_MINUS_SHORT,18,1705622400000000,1707436860000001,0.01580810895234175,0.008455690712397077,0.009244292543750683,1,21,False,False
2024-01-01,VOL_MINUS_SHORT,19,1705708800000000,1707523260000001,0.0294487378679682,0.009410240815190717,0.009244292543750683,1,21,False,False
2024-01-01,VOL_MINUS_SHORT,20,1705795200000000,1707609660000001,0.01805493937067071,0.009321803076242138,0.009244292543750683,1,21,False,False
2024-01-01,VOL_MINUS_SHORT,21,1705881600000000,1707696060000001,0.02294714227971506,0.009622281009425922,0.009244292543750683,1,21,False,True
2024-01-01,VOL_MINUS_SHORT,22,1705968000000000,1707782460000001,0.05906472984019895,0.008952551058561097,0.009244292543750683,1,21,False,False
2024-01-01,VOL_MINUS_SHORT,23,1706054400000000,1707868860000001,0.059599748349870585,0.009421463594900677,0.009244292543750683,1,21,False,False
2024-01-01,VOL_MINUS_SHORT,24,1706140800000000,1707955260000001,0.06944300405014292,0.009160318591604287,0.009244292543750683,1,21,False,False
2024-01-01,VOL_MINUS_SHORT,25,1706227200000000,1708041660000001,0.0792677077449434,0.009950358018586031,0.009244292543750683,1,21,False,False
2024-01-01,VOL_MINUS_SHORT,26,1706313600000000,1708128060000001,0.06574263397769686,0.008519415218422212,0.009244292543750683,1,21,False,False
2024-01-01,VOL_MINUS_SHORT,27,1706400000000000,1708214460000001,0.05676647216339381,0.009747349516593838,0.009244292543750683,1,21,False,False
2024-01-01,VOL_MINUS_SHORT,28,1706486400000000,1708300860000001,0.06541700449490018,0.008850330786098575,0.009244292543750683,1,21,False,False
2024-01-01,VOL_MINUS_SHORT,29,1706572800000000,1708387260000001,0.05752044063712958,0.008276168760556275,0.009244292543750683,1,21,False,False
2024-01-01,VOL_MINUS_SHORT,30,1706659200000000,1708473660000001,0.06019631810235515,0.007747718202280593,0.009244292543750683,1,21,False,False
2024-01-01,VOL_MINUS_SHORT,31,1706745600000000,1708560060000001,0.06155266832600714,0.008884707286632687,0.009244292543750683,1,21,False,False
2024-01-01,VOL_MINUS_SHORT,32,1706832000000000,1708646460000001,0.055689688387788316,0.01059142704432627,0.009244292543750683,1,21,False,False
2024-01-01,VOL_MINUS_SHORT,33,1706918400000000,1708732860000001,0.05017584743011938,0.012612027461066008,0.009244292543750683,1,21,False,False
2024-01-01,VOL_MINUS_SHORT,34,1707004800000000,1708819260000001,0.05653368353654453,0.012638269367288657,0.009244292543750683,1,21,False,False
2024-01-01,VOL_MINUS_SHORT,35,1707091200000000,1708905660000001,0.06396093952558357,0.013188388541598033,0.009244292543750683,1,21,False,False
2024-01-01,VOL_MINUS_SHORT,36,1707177600000000,1708992060000001,0.07479110742232253,0.012091246893727958,0.009244292543750683,1,21,False,False
2024-01-01,VOL_MINUS_SHORT,37,1707264000000000,1709078460000001,0.08391848227056142,0.01258280598667694,0.009244292543750683,1,21,False,False
2024-01-01,VOL_MINUS_SHORT,38,1707350400000000,1709164860000001,0.09633677807550656,0.015310033528679226,0.009244292543750683,1,21,False,False
2024-01-01,VOL_MINUS_SHORT,39,1707436800000000,1709251260000001,0.09520668168935253,0.015726088137713243,0.009244292543750683,1,21,False,False
2024-01-01,VOL_MINUS_SHORT,40,1707523200000000,1709337660000001,0.09519911221807176,0.015468766540331958,0.009244292543750683,1,21,False,False
2024-01-01,VOL_MINUS_SHORT,41,1707609600000000,1709424060000001,0.09649162323129079,0.01564482669414605,0.009244292543750683,1,21,False,False
2024-01-01,VOL_MINUS_CS,0,1704067200000000,1705881660000001,0.006250423336538913,0.014987072856133096,0.008977828327881077,1,21,False,True
2024-01-01,VOL_MINUS_CS,1,1704153600000000,1705968060000001,-0.0038987080869409274,0.014738348428425488,0.008977828327881077,1,21,False,False
2024-01-01,VOL_MINUS_CS,2,1704240000000000,1706054460000001,-0.0054979530027955414,0.013947150632096669,0.008977828327881077,1,21,False,False
2024-01-01,VOL_MINUS_CS,3,1704326400000000,1706140860000001,0.0047694426236790655,0.010501863906040994,0.008977828327881077,1,21,False,False
2024-01-01,VOL_MINUS_CS,4,1704412800000000,1706227260000001,0.0008398399556930336,0.012415499352445125,0.008977828327881077,1,21,False,False
2024-01-01,VOL_MINUS_CS,5,1704499200000000,1706313660000001,0.01124891573900677,0.012234784809277153,0.008977828327881077,1,21,False,False
2024-01-01,VOL_MINUS_CS,6,1704585600000000,1706400060000001,0.013692652070142919,0.013020620961508671,0.008977828327881077,1,21,False,False
2024-01-01,VOL_MINUS_CS,7,1704672000000000,1706486460000001,0.015803920142426375,0.012528543876674745,0.008977828327881077,1,21,False,False
2024-01-01,VOL_MINUS_CS,8,1704758400000000,1706572860000001,0.01622623272165813,0.011655637959951955,0.008977828327881077,1,21,False,False
2024-01-01,VOL_MINUS_CS,9,1704844800000000,1706659260000001,0.007525700396613266,0.010795944404115307,0.008977828327881077,1,21,False,False
2024-01-01,VOL_MINUS_CS,10,1704931200000000,1706745660000001,0.0026376134877428292,0.00976291802123848,0.008977828327881077,1,21,False,False
2024-01-01,VOL_MINUS_CS,11,1705017600000000,1706832060000001,0.001192071707948661,0.009362580411445618,0.008977828327881077,1,21,False,False
2024-01-01,VOL_MINUS_CS,12,1705104000000000,1706918460000001,0.003085151747581394,0.0074880079694721645,0.008977828327881077,1,21,False,False
2024-01-01,VOL_MINUS_CS,13,1705190400000000,1707004860000001,0.008286506883359634,0.009323668693656912,0.008977828327881077,1,21,False,False
2024-01-01,VOL_MINUS_CS,14,1705276800000000,1707091260000001,0.0029913941586972026,0.00749208516385279,0.008977828327881077,1,21,False,False
2024-01-01,VOL_MINUS_CS,15,1705363200000000,1707177660000001,0.004808369919772626,0.008889045534768835,0.008977828327881077,1,21,False,False
2024-01-01,VOL_MINUS_CS,16,1705449600000000,1707264060000001,0.0057924725772250385,0.008721294291425865,0.008977828327881077,1,21,False,False
2024-01-01,VOL_MINUS_CS,17,1705536000000000,1707350460000001,0.002416511042947822,0.00865549128480908,0.008977828327881077,1,21,False,False
2024-01-01,VOL_MINUS_CS,18,1705622400000000,1707436860000001,0.008955194165471081,0.008566571822193272,0.008977828327881077,1,21,False,False
2024-01-01,VOL_MINUS_CS,19,1705708800000000,1707523260000001,0.013197943434002046,0.008985343801381338,0.008977828327881077,1,21,False,False
2024-01-01,VOL_MINUS_CS,20,1705795200000000,1707609660000001,-0.004963520111916253,0.0091284436848407,0.008977828327881077,1,21,False,False
2024-01-01,VOL_MINUS_CS,21,1705881600000000,1707696060000001,0.0023353265716092864,0.008993821916903547,0.008977828327881077,1,21,False,True
2024-01-01,VOL_MINUS_CS,22,1705968000000000,1707782460000001,0.015164206082256326,0.008471666770593765,0.008977828327881077,1,21,False,False
2024-01-01,VOL_MINUS_CS,23,1706054400000000,1707868860000001,0.01144011362002506,0.009096334080470357,0.008977828327881077,1,21,False,False
2024-01-01,VOL_MINUS_CS,24,1706140800000000,1707955260000001,0.014086745643720144,0.008742333766138949,0.008977828327881077,1,21,False,False
2024-01-01,VOL_MINUS_CS,25,1706227200000000,1708041660000001,0.0282035868159094,0.009318639922939768,0.008977828327881077,1,21,False,False
2024-01-01,VOL_MINUS_CS,26,1706313600000000,1708128060000001,0.020979245802663637,0.008103519730071389,0.008977828327881077,1,21,False,False
2024-01-01,VOL_MINUS_CS,27,1706400000000000,1708214460000001,0.0106586397101891,0.008227786390356193,0.008977828327881077,1,21,False,False
2024-01-01,VOL_MINUS_CS,28,1706486400000000,1708300860000001,0.014560483046239359,0.007153061281940278,0.008977828327881077,1,21,False,False
2024-01-01,VOL_MINUS_CS,29,1706572800000000,1708387260000001,0.023531281811976168,0.006845260946512632,0.008977828327881077,1,21,False,False
2024-01-01,VOL_MINUS_CS,30,1706659200000000,1708473660000001,0.022047034953653677,0.006775170186732748,0.008977828327881077,1,21,False,False
2024-01-01,VOL_MINUS_CS,31,1706745600000000,1708560060000001,0.01095223344881946,0.0077077542938210775,0.008977828327881077,1,21,False,False
2024-01-01,VOL_MINUS_CS,32,1706832000000000,1708646460000001,0.004615482341244537,0.009527005181473798,0.008977828327881077,1,21,False,False
2024-01-01,VOL_MINUS_CS,33,1706918400000000,1708732860000001,0.005610329770794786,0.010212892597166281,0.008977828327881077,1,21,False,False
2024-01-01,VOL_MINUS_CS,34,1707004800000000,1708819260000001,0.006593461290695046,0.011400278995233208,0.008977828327881077,1,21,False,False
2024-01-01,VOL_MINUS_CS,35,1707091200000000,1708905660000001,0.005578465551482115,0.011601835607287829,0.008977828327881077,1,21,False,False
2024-01-01,VOL_MINUS_CS,36,1707177600000000,1708992060000001,0.015952911661340607,0.01029623551783251,0.008977828327881077,1,21,False,False
2024-01-01,VOL_MINUS_CS,37,1707264000000000,1709078460000001,0.022670637851843756,0.010763894438348211,0.008977828327881077,1,21,False,False
2024-01-01,VOL_MINUS_CS,38,1707350400000000,1709164860000001,0.036018938520469446,0.011820069492991641,0.008977828327881077,1,21,False,False
2024-01-01,VOL_MINUS_CS,39,1707436800000000,1709251260000001,0.05728829367422583,0.012171386268971447,0.008977828327881077,1,21,False,False
2024-01-01,VOL_MINUS_CS,40,1707523200000000,1709337660000001,0.06937056864480229,0.011086474811774234,0.008977828327881077,1,21,False,False
2024-01-01,VOL_MINUS_CS,41,1707609600000000,1709424060000001,0.08796059908629694,0.011262298099517525,0.008977828327881077,1,21,False,False
2024-04-01,VOL_MINUS_SHORT,0,1711929600000000,1713744060000001,-0.010062562045348833,0.0035898611600537166,0.012892287579379751,1,21,False,True
2024-04-01,VOL_MINUS_SHORT,1,1712016000000000,1713830460000001,0.0010606297926069042,0.0030400689523471403,0.012892287579379751,1,21,False,False
2024-04-01,VOL_MINUS_SHORT,2,1712102400000000,1713916860000001,0.00022212122380704802,0.00016708871465440263,0.012892287579379751,1,21,False,False
2024-04-01,VOL_MINUS_SHORT,3,1712188800000000,1714003260000001,-0.010293661373568908,0.0004350831209061195,0.012892287579379751,1,21,False,False
2024-04-01,VOL_MINUS_SHORT,4,1712275200000000,1714089660000001,-0.011598589082728039,0.0015013051583311864,0.012892287579379751,1,21,False,False
2024-04-01,VOL_MINUS_SHORT,5,1712361600000000,1714176060000001,-0.015410926159937777,0.0027571084021888303,0.012892287579379751,1,21,False,False
2024-04-01,VOL_MINUS_SHORT,6,1712448000000000,1714262460000001,-0.014904635147298007,0.003174463963763318,0.012892287579379751,1,21,False,False
2024-04-01,VOL_MINUS_SHORT,7,1712534400000000,1714348860000001,-0.01978542679179518,0.00546161620581264,0.012892287579379751,1,21,False,False
2024-04-01,VOL_MINUS_SHORT,8,1712620800000000,1714435260000001,-0.024780258682038148,0.006810702134309789,0.012892287579379751,1,21,False,False
2024-04-01,VOL_MINUS_SHORT,9,1712707200000000,1714521660000001,-0.036894257739032765,0.0037540344440223743,0.012892287579379751,1,21,False,False
2024-04-01,VOL_MINUS_SHORT,10,1712793600000000,1714608060000001,-0.037894750820103074,0.006457884775366154,0.012892287579379751,1,21,False,False
2024-04-01,VOL_MINUS_SHORT,11,1712880000000000,1714694460000001,-0.03290341998751123,0.006520262429211773,0.012892287579379751,1,21,False,False
2024-04-01,VOL_MINUS_SHORT,12,1712966400000000,1714780860000001,-0.0038662243515301675,0.003175122011864241,0.012892287579379751,1,21,False,False
2024-04-01,VOL_MINUS_SHORT,13,1713052800000000,1714867260000001,0.01812842196501574,-0.00010169600100218452,0.012892287579379751,1,21,False,False
2024-04-01,VOL_MINUS_SHORT,14,1713139200000000,1714953660000001,0.010551684664980243,-0.00045903822595295615,0.012892287579379751,1,21,False,False
2024-04-01,VOL_MINUS_SHORT,15,1713225600000000,1715040060000001,0.015257052743399724,-0.0005106509712952227,0.012892287579379751,1,21,False,False
2024-04-01,VOL_MINUS_SHORT,16,1713312000000000,1715126460000001,0.009053419974271892,0.00034155442150831,0.012892287579379751,1,21,False,False
2024-04-01,VOL_MINUS_SHORT,17,1713398400000000,1715212860000001,0.00695108628341079,0.00045662397734069597,0.012892287579379751,1,21,False,False
2024-04-01,VOL_MINUS_SHORT,18,1713484800000000,1715299260000001,0.010403585536791216,0.0023856344921880032,0.012892287579379751,1,21,False,False
2024-04-01,VOL_MINUS_SHORT,19,1713571200000000,1715385660000001,-0.002672131030064029,0.005030271259248351,0.012892287579379751,1,21,False,False
2024-04-01,VOL_MINUS_SHORT,20,1713657600000000,1715472060000001,-0.014362257822173263,0.005486764136096141,0.012892287579379751,1,21,False,False
2024-04-01,VOL_MINUS_SHORT,21,1713744000000000,1715558460000001,-0.013380800545821026,0.0056533063982478595,0.012892287579379751,1,21,False,True
2024-04-01,VOL_MINUS_SHORT,22,1713830400000000,1715644860000001,-0.01716569322406003,0.005834047916173914,0.012892287579379751,1,21,False,False
2024-04-01,VOL_MINUS_SHORT,23,1713916800000000,1715731260000001,-0.022494401357421756,0.00888256812959581,0.012892287579379751,1,21,False,False
2024-04-01,VOL_MINUS_SHORT,24,1714003200000000,1715817660000001,0.014692118150961386,0.008500816570676487,0.012892287579379751,1,21,False,False
2024-04-01,VOL_MINUS_SHORT,25,1714089600000000,1715904060000001,0.00713172967501452,0.008659910063531971,0.012892287579379751,1,21,False,False
2024-04-01,VOL_MINUS_SHORT,26,1714176000000000,1715990460000001,0.02440519795556928,0.008735653969596215,0.012892287579379751,1,21,False,False
2024-04-01,VOL_MINUS_SHORT,27,1714262400000000,1716076860000001,0.02349210688440795,0.009353544771631932,0.012892287579379751,1,21,False,False
2024-04-01,VOL_MINUS_SHORT,28,1714348800000000,1716163260000001,0.02355407628208739,0.009520759518887464,0.012892287579379751,1,21,False,False
2024-04-01,VOL_MINUS_SHORT,29,1714435200000000,1716249660000001,0.05681029944560023,0.010087142507453923,0.012892287579379751,1,21,False,False
2024-04-01,VOL_MINUS_SHORT,30,1714521600000000,1716336060000001,0.07276816347861803,0.009715186222806142,0.012892287579379751,1,21,False,False
2024-04-01,VOL_MINUS_SHORT,31,1714608000000000,1716422460000001,0.06963652268388709,0.009242595840858635,0.012892287579379751,1,21,False,False
2024-04-01,VOL_MINUS_SHORT,32,1714694400000000,1716508860000001,0.06460327242003738,0.012139622935296888,0.012892287579379751,1,21,False,False
2024-04-01,VOL_MINUS_SHORT,33,1714780800000000,1716595260000001,0.04999266166618155,0.01262856357655344,0.012892287579379751,1,21,False,False
2024-04-01,VOL_MINUS_SHORT,34,1714867200000000,1716681660000001,0.04485898276235489,0.010792845241912239,0.012892287579379751,1,21,False,False
2024-04-01,VOL_MINUS_SHORT,35,1714953600000000,1716768060000001,0.04188652609768695,0.013316814960077297,0.012892287579379751,1,21,False,False
2024-04-01,VOL_MINUS_SHORT,36,1715040000000000,1716854460000001,0.04483895711984842,0.01240596267448131,0.012892287579379751,1,21,False,False
2024-04-01,VOL_MINUS_SHORT,37,1715126400000000,1716940860000001,0.049891424753570224,0.014593656445268454,0.012892287579379751,1,21,False,False
2024-04-01,VOL_MINUS_SHORT,38,1715212800000000,1717027260000001,0.055801013729050664,0.01192281294452233,0.012892287579379751,1,21,False,False
2024-04-01,VOL_MINUS_SHORT,39,1715299200000000,1717113660000001,0.04350389934038146,0.011764283528850212,0.012892287579379751,1,21,False,False
2024-04-01,VOL_MINUS_SHORT,40,1715385600000000,1717200060000001,0.05508029562665839,0.009767399765170725,0.012892287579379751,1,21,False,False
2024-04-01,VOL_MINUS_SHORT,41,1715472000000000,1717286460000001,0.05619187419762872,0.010942385461167284,0.012892287579379751,1,21,False,False
2024-04-01,VOL_MINUS_CS,0,1711929600000000,1713744060000001,0.0013932049382984202,0.007419683955963699,0.010994012130595749,1,21,False,True
2024-04-01,VOL_MINUS_CS,1,1712016000000000,1713830460000001,0.009025513275109365,0.006508339245589321,0.010994012130595749,1,21,False,False
2024-04-01,VOL_MINUS_CS,2,1712102400000000,1713916860000001,0.006493847422507026,0.0032399761949243547,0.010994012130595749,1,21,False,False
2024-04-01,VOL_MINUS_CS,3,1712188800000000,1714003260000001,-0.0031700428085696952,0.0027195319437401527,0.010994012130595749,1,21,False,False
2024-04-01,VOL_MINUS_CS,4,1712275200000000,1714089660000001,-0.006551029199334035,0.0035693300704201505,0.010994012130595749,1,21,False,False
2024-04-01,VOL_MINUS_CS,5,1712361600000000,1714176060000001,-0.012997864358116784,0.004965989163683509,0.010994012130595749,1,21,False,False
2024-04-01,VOL_MINUS_CS,6,1712448000000000,1714262460000001,-0.013997256431719785,0.004802787173709681,0.010994012130595749,1,21,False,False
2024-04-01,VOL_MINUS_CS,7,1712534400000000,1714348860000001,-0.018625827781783233,0.006945135670216072,0.010994012130595749,1,21,False,False
2024-04-01,VOL_MINUS_CS,8,1712620800000000,1714435260000001,-0.0237040217065837,0.00950804176594474,0.010994012130595749,1,21,False,False
2024-04-01,VOL_MINUS_CS,9,1712707200000000,1714521660000001,-0.03357529512730384,0.006094101092148346,0.010994012130595749,1,21,False,False
2024-04-01,VOL_MINUS_CS,10,1712793600000000,1714608060000001,-0.02093346042783617,0.008091849278517447,0.010994012130595749,1,21,False,False
2024-04-01,VOL_MINUS_CS,11,1712880000000000,1714694460000001,-0.01701051827256783,0.008198642593920854,0.010994012130595749,1,21,False,False
2024-04-01,VOL_MINUS_CS,12,1712966400000000,1714780860000001,0.004557380006942169,0.004801519481806861,0.010994012130595749,1,21,False,False
2024-04-01,VOL_MINUS_CS,13,1713052800000000,1714867260000001,0.025300414110090652,0.00132249756190936,0.010994012130595749,1,21,False,False
2024-04-01,VOL_MINUS_CS,14,1713139200000000,1714953660000001,0.017719744214407585,0.0015609941824205487,0.010994012130595749,1,21,False,False
2024-04-01,VOL_MINUS_CS,15,1713225600000000,1715040060000001,0.029722454172442014,0.0008542003005996938,0.010994012130595749,1,21,False,False
2024-04-01,VOL_MINUS_CS,16,1713312000000000,1715126460000001,0.026409915781547166,0.0011531316510926138,0.010994012130595749,1,21,False,False
2024-04-01,VOL_MINUS_CS,17,1713398400000000,1715212860000001,0.016094717821646176,0.001001040322852061,0.010994012130595749,1,21,False,False
2024-04-01,VOL_MINUS_CS,18,1713484800000000,1715299260000001,0.027710914510736262,0.0020528662831336194,0.010994012130595749,1,21,False,False
2024-04-01,VOL_MINUS_CS,19,1713571200000000,1715385660000001,0.022516607991894366,0.0037199863269349208,0.010994012130595749,1,21,False,False
2024-04-01,VOL_MINUS_CS,20,1713657600000000,1715472060000001,0.010466942263092638,0.0030852325843369853,0.010994012130595749,1,21,False,False
2024-04-01,VOL_MINUS_CS,21,1713744000000000,1715558460000001,0.011685538420714181,0.00335345798842904,0.010994012130595749,1,21,False,True
2024-04-01,VOL_MINUS_CS,22,1713830400000000,1715644860000001,0.010734691752496639,0.0043646250709145455,0.010994012130595749,1,21,False,False
2024-04-01,VOL_MINUS_CS,23,1713916800000000,1715731260000001,0.010270769362629273,0.0062858083033685294,0.010994012130595749,1,21,False,False
2024-04-01,VOL_MINUS_CS,24,1714003200000000,1715817660000001,0.029526885010759618,0.0058521622398159156,0.010994012130595749,1,21,False,False
2024-04-01,VOL_MINUS_CS,25,1714089600000000,1715904060000001,0.02176183349093397,0.006423032701618836,0.010994012130595749,1,21,False,False
2024-04-01,VOL_MINUS_CS,26,1714176000000000,1715990460000001,0.03516167484957122,0.006400316311038041,0.010994012130595749,1,21,False,False
2024-04-01,VOL_MINUS_CS,27,1714262400000000,1716076860000001,0.03506916401812421,0.006446473952148107,0.010994012130595749,1,21,False,False
2024-04-01,VOL_MINUS_CS,28,1714348800000000,1716163260000001,0.03571119252191435,0.006354735456247197,0.010994012130595749,1,21,False,False
2024-04-01,VOL_MINUS_CS,29,1714435200000000,1716249660000001,0.06962055785295673,0.006967183716560339,0.010994012130595749,1,21,False,False
2024-04-01,VOL_MINUS_CS,30,1714521600000000,1716336060000001,0.09478095958036248,0.00629530852767583,0.010994012130595749,1,21,False,False
2024-04-01,VOL_MINUS_CS,31,1714608000000000,1716422460000001,0.08044392030546343,0.00610641012363252,0.010994012130595749,1,21,False,False
2024-04-01,VOL_MINUS_CS,32,1714694400000000,1716508860000001,0.07932672750711656,0.008930397325687582,0.010994012130595749,1,21,False,False
2024-04-01,VOL_MINUS_CS,33,1714780800000000,1716595260000001,0.07090540411901425,0.010755088465675392,0.010994012130595749,1,21,False,False
2024-04-01,VOL_MINUS_CS,34,1714867200000000,1716681660000001,0.05991434305334886,0.00948906932212857,0.010994012130595749,1,21,False,False
2024-04-01,VOL_MINUS_CS,35,1714953600000000,1716768060000001,0.061668754865815356,0.011458402410448836,0.010994012130595749,1,21,False,False
2024-04-01,VOL_MINUS_CS,36,1715040000000000,1716854460000001,0.05568963998186216,0.010719154649645206,0.010994012130595749,1,21,False,False
2024-04-01,VOL_MINUS_CS,37,1715126400000000,1716940860000001,0.055682946299674074,0.012203516030778808,0.010994012130595749,1,21,False,False
2024-04-01,VOL_MINUS_CS,38,1715212800000000,1717027260000001,0.06336053310619383,0.010301540767570831,0.010994012130595749,1,21,False,False
2024-04-01,VOL_MINUS_CS,39,1715299200000000,1717113660000001,0.042300012295784284,0.010526272402032785,0.010994012130595749,1,21,False,False
2024-04-01,VOL_MINUS_CS,40,1715385600000000,1717200060000001,0.04857821684634023,0.008875700989601935,0.010994012130595749,1,21,False,False
2024-04-01,VOL_MINUS_CS,41,1715472000000000,1717286460000001,0.05054482493392376,0.009551140228423944,0.010994012130595749,1,21,False,False
