decision_us,execution_us,start_nav,end_nav,price_PnL,funding_PnL,fees,spread,slippage,charged_reduction_cost,turnover_USDT,opening_actual_gross,opening_actual_net,opening_maximum_asset_gross,before_reduction_actual_gross,before_reduction_maximum_asset_gross,boundary_actual_gross,boundary_actual_net,boundary_maximum_asset_gross,allocated_leg_gross,allocated_maximum_asset_gross,covariance_annual_vol,ramp_L1_after_eligibility_release,terminal_paid_flat,held_BTCUSDT,held_ETHUSDT,held_SOLUSDT,held_XRPUSDT,held_DOGEUSDT
1727740800000000,1727740860000001,10000.0,9995.672545526342,-4.197687081985844,-0.016520124922693644,0.04615964093954347,0.03354381290570706,0.03354381290570706,0.0,83.85953226426764,0.00838604819613047,0.008386048196130468,0.0028480849871393844,0.007969633340773575,0.0027082776248964113,0.007969633340773575,0.007969633340773575,0.0027082776248964113,0.013201415736067458,0.0028768209427831896,0.004700766413407231,0.10000000000000006,False,7.983270563138822e-05,0.0019435006264887217,0.18648730255533671,27.38717578846101,248.86864150256534
1727827200000000,1727827260000001,9995.672545526342,9988.657344482324,-6.867000710063401,-0.025163053005126133,0.05015005548293138,0.03644361273376308,0.03644361273376308,0.0,91.1090318344077,0.017084691229413602,0.017084691229413602,0.0053669115122386,0.016408999793867757,0.00525774448143609,0.016408999793867757,0.016408999793867757,0.00525774448143609,0.0251356343324503,0.005421056010738166,0.00940599836516422,0.10000000000000005,False,0.00024115190618659342,0.00598472753234482,0.36955167451039916,57.276832807878414,501.07630979780566
1727913600000000,1727913660000001,9988.657344482324,9985.175729981465,-3.32244799567444,-0.027490796682807482,0.05367108274884317,0.039002312876130485,0.039002312876130485,0.0,97.50578219032622,0.02617099531657334,0.02617099531657334,0.007744721470789426,0.02584703739628195,0.007770973438006143,0.02584703739628195,0.02584703739628195,0.007770973438006143,0.0366247012416905,0.007842143587795246,0.014247253147661253,0.10000000000000003,False,0.0004511131512290997,0.011487641008296268,0.5512955951602678,97.1641740520014,738.0817594550515
1728000000000000,1728000060000001,9985.175729981465,9997.735267004566,12.725782283591753,-0.02464864823659222,0.05771484793775483,0.041940882158095216,0.041940882158095216,0.0,104.85220539523803,0.03634834003056639,0.03634834003056639,0.0102649382597993,0.03757502955893542,0.010739012527752143,0.03757502955893542,0.03757502955893542,0.010739012527752143,0.04887222319828188,0.01039152682470641,0.019114302328232104,0.09999999999999994,False,0.0007055880666040854,0.01814447567845555,0.74935303592674,138.8751638491403,974.9430124704991
1728086400000000,1728086460000001,9997.735267004566,9996.20479158153,-1.347035901421545,-0.08356883172176237,0.04070734171430823,0.029581674089316348,0.029581674089316348,0.0,73.95418522329086,0.04497257257142396,0.044972572571423966,0.012468246792973885,0.044844254079257864,0.012484866948587452,0.044844254079257864,0.044844254079257864,0.012484866948587452,0.05952393825185536,0.012620066756984872,0.02398258701044843,0.10000000000000005,False,0.0008925500686916938,0.02284444493994926,0.8700078551307432,168.0761066974482,1140.7795869627766
1728172800000000,1728172860000001,9996.20479158153,10005.046262087117,9.090617855813726,-0.11369921755512559,0.05520872467344701,0.04011970399930746,0.04011970399930746,0.0,100.29925999826867,0.05487873169464997,0.05487873169464997,0.015131327034111264,0.05573809563172649,0.015529279601254487,0.05573809563172649,0.05573809563172649,0.015529279601254487,0.07226690419825162,0.015283961621514538,0.02890071264938629,0.10000000000000006,False,0.0011010702236604543,0.028298985587167667,1.061176942283094,206.8042016461966,1382.5758161917597
1728259200000000,1728259260000001,10005.046262087117,9994.922462685226,-9.815019147622383,-0.08852378567224121,0.08976597260494394,0.06524524799510933,0.06524524799510933,0.0,163.11311998777336,0.06795084116434752,0.06795084116434752,0.01820895224101993,0.06703617022928739,0.017942785358218232,0.06703617022928739,0.06703617022928739,0.017942785358218232,0.08729704501920396,0.018392476140761102,0.0331638115217482,0.10000000000000005,False,0.0021654769903604078,0.036815436314510154,1.244262153318821,168.39988404852758,1636.2259647567976
1728345600000000,1728345660000001,9994.922462685226,9992.239829563528,-2.425356339440229,-0.128117949721311,0.05264520288314253,0.03825681482678768,0.03825681482678768,0.0,95.6420370669692,0.07660622260281505,0.07660622260281505,0.020941634801475793,0.0763830750045121,0.02086341988902907,0.0763830750045121,0.0763830750045121,0.02086341988902907,0.10008737704046788,0.021152893115513847,0.03779135078760388,0.10000000000000006,False,0.00246075716240606,0.03998137504581582,1.4522018947035593,183.28550660889798,1928.744114315506
1728432000000000,1728432060000001,9992.239829563528,9979.14346063146,-12.736512995495758,-0.15900099611007792,0.08184334727880785,0.059505796592853266,0.059505796592853266,0.0,148.76449148213317,0.08158806281727297,0.08158806281727297,0.025298846783491317,0.0804171814649822,0.02551340659211542,0.0804171814649822,0.0804171814649822,0.02551340659211542,0.11869761369464987,0.02555387701921561,0.041568970769287825,0.09999999999999999,False,0.0026238529241525152,0.030029649887350775,1.7608951424786325,137.94764459919452,2356.988933087763
1728518400000000,1728518460000001,9979.14346063146,9970.898317404113,-7.82519653846961,-0.03377166756680261,0.15734098901243987,0.1144170161486262,0.1144170161486262,0.0,286.04254037156545,0.08442694299729134,0.08442694299729134,0.03271739311875091,0.08370868395485179,0.03268790341740847,0.08370868395485179,0.08370868395485179,0.03268790341740847,0.14950301527954524,0.033264389160092694,0.0438759749847267,0.09999999999999999,False,0.0027849994082296166,0.004793536586242549,2.3453777268116394,17.572808783099628,3022.3933063312998
1728604800000000,1728604860000001,9970.898317404113,10010.838552712428,40.1934083483404,-0.030285178177219898,0.09081892804305933,0.06603446690257031,0.06603446690257031,0.0,165.0861672564258,0.09610698605147731,0.0886195077781693,0.03726952247790716,0.09987699284278811,0.03888296202935989,0.09987699284278811,0.09227895867723915,0.03888296202935989,0.16909096138379098,0.03789841895370607,0.04755891761940399,0.09999999999999996,False,0.0029482500302571704,-0.007830287686477226,2.674052013019314,-35.201440800124345,3508.661241065452
1728691200000000,1728691260000001,10010.838552712428,10017.55566912035,6.9199869857041945,-0.13832948995506178,0.026306978750804653,0.01911705453877236,0.01911705453877236,0.0,47.7926363469309,0.09753395648003002,0.09705367360695422,0.03894154016105064,0.09816289624364936,0.03917189260328065,0.09816289624364936,0.09767875645345139,0.03917189260328065,0.17694521816055164,0.03933463545477562,0.05279227804295417,0.1,False,0.003108456888342415,-0.0004932297193286503,2.678063271759074,-2.232957135433626,3522.8172620357977
1728777600000000,1728777660000001,10017.55566912035,10021.134556465255,3.997904729666911,-0.16219666598041463,0.10463975208361492,0.07609048334874131,0.07609048334874131,0.0,190.22620837185326,0.11715518363734953,0.10116103181448988,0.04442950210633385,0.11737205610384609,0.04484702035027965,0.11737205610384609,0.1015212585456913,0.04484702035027965,0.20035001266433763,0.04521499014229205,0.056784510849541885,0.1,False,0.0032158978566744663,-0.015498618015210587,3.040799652133264,-77.42091192408157,3995.543588157223
1728864000000000,1728864060000001,10021.134556465255,10073.604777709259,52.860871112962194,-0.26455301236714496,0.0513492428336461,0.03737380687843173,0.03737380687843173,0.0,93.43451719607931,0.12301029514928259,0.09250928414923823,0.04458829680417446,0.12905939820416926,0.047270789447801546,0.12905939820416926,0.09727373783147855,0.047270789447801546,0.1993339354816516,0.04544891584178346,0.053131622306283016,0.1,False,0.0029632716944877394,-0.030130841844552617,3.023219163402083,-147.5465010719148,4009.509148188929
1728950400000000,1728950460000001,10073.604777709259,10073.809880960724,0.7159760031599818,-0.20685806103099788,0.12379910000431897,0.0901077953303144,0.0901077953303144,0.0,225.269488325786,0.136309098599841,0.07491364743217496,0.04526610470382894,0.13573440756244845,0.0455740290693273,0.13573440756244845,0.07498093439998077,0.0455740290693273,0.1986058777765872,0.046208984505949326,0.050080008218863464,0.10000000000000005,False,0.0022990932140072727,-0.05786619003730453,2.894921510075295,-286.573423463415,3906.2716272762755
1729036800000000,1729036860000001,10073.809880960724,10103.610342840291,30.12543182304122,-0.15146763065089566,0.07067093811898677,0.05141568735156997,0.05141568735156997,0.0,128.53921837892491,0.14577227093527373,0.06919935664009334,0.046768836511359574,0.1489059292716813,0.04990724867813181,0.1489059292716813,0.07197571596444641,0.04990724867813181,0.20359733578008185,0.047787241280502775,0.04856822028531654,0.07808843939590902,False,0.0020945345379698582,-0.07293806571149138,3.044276640397183,-361.16083307947355,4008.612719032315
1729123200000000,1729123260000001,10103.610342840291,10107.645013426296,4.383416876040904,-0.16166246168886114,0.07618319208226151,0.05545031813251439,0.05545031813251439,0.0,138.62579533128596,0.14556166078895336,0.058256372897713314,0.045067074782076555,0.14539011622526268,0.04645209207953718,0.14539011622526268,0.05866571382441781,0.04645209207953718,0.19460359847436232,0.04614564884017428,0.04425781681800742,0.09999999999999996,False,0.00175934108066188,-0.08318810246212371,2.9494217616845635,-407.88317065325145,3619.7768627781447
1729209600000000,1729209660000001,10107.645013426296,10142.37253290383,34.957983682243885,-0.1030076343906701,0.05190212571859096,0.03777722230045197,0.03777722230045197,0.0,94.44305575112992,0.13922888442507156,0.04932261074403835,0.042135882329065094,0.14306668132677755,0.04442229524605059,0.14306668132677755,0.052599836576387685,0.04442229524605059,0.1810530867357744,0.04326529908505421,0.039991078972009375,0.10000000000000003,False,0.0015015902111160976,-0.0859292245641233,2.8337824899503823,-424.32649544101423,3283.395038274944
1729296000000000,1729296060000001,10142.37253290383,10173.280202248257,31.21060350457166,-0.10057116806428439,0.0824113481786095,0.05997582194969861,0.05997582194969861,0.0,149.93955487424654,0.1282857615668944,0.04018490380661944,0.038021358874778935,0.13089123196940491,0.03975310714466744,0.13089123196940491,0.04312991753396052,0.03975310714466744,0.16267980594368092,0.03919066223924277,0.03587362071218095,0.10000000000000005,False,0.001214496846926424,-0.08311043102515434,2.4893105144877175,-415.9737303200807,2810.225126069759
1729382400000000,1729382460000001,10173.280202248257,10175.888323417617,2.923276901387014,-0.07250150031483729,0.09883281611340354,0.07191070779933997,0.07191070779933997,0.0,179.77676949834995,0.11322246712521501,0.03321008921990554,0.033201031343926754,0.11520977811582095,0.034785049448623685,0.11520977811582095,0.03348806027324956,0.034785049448623685,0.14189492761128603,0.034405259693340025,0.03155400580246316,0.09999999999999998,False,0.0010140811628395184,-0.07519280314884859,2.1138774470812436,-382.0467999377978,2346.9900527735463
1729468800000000,1729468860000001,10175.888323417617,10183.472608137621,7.824792477818502,-0.07979853854297916,0.06545309300941987,0.04762806313094862,0.04762806313094862,0.0,119.07015782737155,0.10351020762144535,0.02556112486682943,0.0296173226750029,0.10292190884033509,0.030039564999748455,0.10292190884033509,0.026310066020218428,0.030039564999748455,0.1259720419877061,0.030869514767611034,0.02727881971885987,0.09999999999999998,False,0.0007819094657538967,-0.07051876321069706,1.799807752777843,-370.417651163329,2126.422128008536
1729555200000000,1729555260000001,10183.472608137621,10185.584286198284,2.288980955357348,-0.04361148372930886,0.054441041384686514,0.03962518479124137,0.03962518479124137,0.0,99.0629619781034,0.09677250748586988,0.01658246632445024,0.026578198272457262,0.09546387203374503,0.02679115333728287,0.09546387203374503,0.01680353829523146,0.02679115333728287,0.11197516521978369,0.027879617569043027,0.0232539674598404,0.09999999999999998,False,0.0005322641944188297,-0.07456927890864369,1.6268245525298501,-384.00457746094304,1881.3763436979787
1729641600000000,1729641660000001,10185.584286198284,10203.330313195369,17.98143939308546,-0.04904106213872009,0.07592440684015689,0.055223463510637665,0.055223463510637665,0.0,138.05865877659414,0.10839541682363839,0.015051005117008017,0.02925677495166378,0.10749169655155533,0.029743358604240707,0.10749169655155533,0.016786863726930785,0.029743358604240707,0.12245640687291168,0.030559112721106473,0.024351142103435773,0.03641343602595261,False,0.0004850555231654292,-0.08863472643128242,1.7765106390147485,-454.95960245604124,2131.7110994229483
1729728000000000,1729728060000001,10203.330313195369,10217.220048284576,14.072089915070139,-0.06895754250132322,0.046212311953489765,0.03359248570384735,0.03359248570384735,0.0,83.98121425961835,0.11572374769956167,0.021830938743925797,0.032032312833223255,0.11779674091530165,0.03318682968897313,0.11779674091530165,0.023178309978465553,0.03318682968897313,0.13593244675940658,0.033230577497176346,0.027791862539208796,0.1,False,0.0007211797994178392,-0.09491098427331722,1.9132039814770752,-455.7605597614836,2336.3545368198497
1729814400000000,1729814460000001,10217.220048284576,10185.634900516261,-31.432464583987947,-0.026048394094738313,0.051616402014079764,0.037509194109497684,0.037509194109497684,0.0,93.7729852737442,0.12068647476217095,0.032356646385795516,0.03486661042560953,0.11375025808261534,0.03254900680305108,0.11375025808261534,0.029370620192947033,0.03254900680305108,0.14933131443355077,0.036018883405385824,0.03141143472457713,0.09999999999999999,False,0.0010165027541695173,-0.0889224660281162,2.0100175801521662,-423.9356011458809,2507.640544350052
1729900800000000,1729900860000001,10185.634900516261,10206.853163958109,21.480564435057833,-0.10877310117026248,0.06257804337407939,0.045474924332591676,0.045474924332591676,0.0,113.68731083147917,0.11315104909547936,0.040532765199314404,0.034227524606672693,0.11646745473741121,0.03572056456993099,0.11646745473741121,0.04255241869132551,0.03572056456993099,0.1481780501496129,0.03528056602899351,0.03522497223569504,0.10000000000000003,False,0.001280223380123598,-0.07564112250382736,2.1136401983284943,-369.1615980915979,2652.947373200684
1729987200000000,1729987260000001,10206.853163958109,10237.184108108628,30.563732715124022,-0.09687243758791458,0.05539947939561851,0.040258323810492345,0.040258323810492345,0.0,100.64580952623085,0.11926357611354742,0.05241372773342354,0.03754892512256453,0.1224555398859652,0.039295005578630735,0.1224555398859652,0.05524329987843371,0.039295005578630735,0.16386325513998548,0.038579350356886914,0.038064045163828074,0.09999999999999999,False,0.001634270347386717,-0.06871744494852658,2.2434657945676846,-332.38381745727975,2788.7016058065747
1730073600000000,1730073660000001,10237.184108108628,10285.587566649916,48.7365008541132,-0.1670641923762113,0.06764069678927415,0.04916871182945978,0.04916871182945978,0.0,122.92177957364945,0.11429281492309946,0.06272995667668281,0.037864130149749785,0.11921188662794123,0.042092622275158295,0.11921188662794123,0.06717206967221613,0.042092622275158295,0.16709357054657334,0.038844789949123965,0.04206221639842191,0.1,False,0.0019233727309199903,-0.05264327577187986,2.1953771342275745,-255.3453534745441,2687.1111737900906
1730160000000000,1730160060000001,10285.587566649916,10324.013440430237,38.89077220418096,-0.22782615620031413,0.09659548229281871,0.070238392682891,0.070238392682891,0.0,175.59598170722748,0.10485686425578385,0.0710830515834216,0.036767769465969,0.1090236407605025,0.03998116401891373,0.1090236407605025,0.07458386957677546,0.03998116401891373,0.16423312380674956,0.03768831427605322,0.04680522954493929,0.09999999999999998,False,0.002123008679630463,-0.03383826437271617,2.122877488796099,-167.32923933856205,2347.128822332032
1730246400000000,1730246460000001,10324.013440430237,10296.779004336793,-26.886611029938372,-0.2370625089798102,0.045137194803848556,0.0328126798607738,0.0328126798607738,0.0,82.03169965193447,0.10576721754927346,0.07893467979784027,0.03818369634675661,0.10340801410223516,0.03735536036575429,0.10340801410223516,0.07653144160716141,0.03735536036575429,0.1714137583887978,0.03906548632869567,0.05138770405474682,0.09999999999999999,False,0.0022685273080058996,-0.02623898486244982,2.1988217590666754,-130.98945921421517,2241.582878229692
1730332800000000,1730332860000001,10296.779004336793,10261.17831031524,-35.07195019441696,-0.285832678878098,0.0990107020291594,0.07195022311544175,0.07195022311544175,0.0,179.87555778860437,0.10163788959920572,0.09400276851757436,0.03946076249984039,0.09827710630172809,0.038170682776748226,0.09827710630172809,0.09090875535889369,0.038170682776748226,0.1790191158895829,0.04035461794796431,0.055070406158076776,0.10000000000000002,False,0.002688272503213317,-0.006436440461383152,2.322695737405517,-42.38234766772934,2412.3325140672514
1730419200000000,1730419260000001,10261.17831031524,10245.911910540859,-14.725017793414112,-0.3114998234560414,0.09370007907011835,0.06809103921961947,0.06809103921961947,0.0,170.22759804904865,0.10750064231182654,0.10750064231182654,0.04204890893694422,0.10622124594321423,0.04152127446029491,0.10622124594321423,0.10622124594321425,0.04152127446029491,0.19212097550438445,0.042900514819010374,0.05905010448547597,0.09999999999999999,False,0.0031485761083765384,0.004566270300265925,2.5586294613193696,14.04142094787079,2669.770967528527
1730505600000000,1730505660000001,10245.911910540859,10244.597116103623,-0.730000475967322,-0.33032316958668373,0.1037224183033221,0.07537418668942815,0.07537418668942815,0.0,188.43546672357036,0.12461562405280806,0.12461562405280806,0.044775602604681684,0.12455726474629723,0.04486456351652238,0.12455726474629723,0.1245572647462972,0.04486456351652238,0.2065133785508454,0.0455868395895381,0.06546715485063646,0.1,False,0.003683198106731418,0.02125683019196919,2.759099572658384,97.01819209116711,2879.640235678297
1730592000000000,1730592060000001,10244.597116103623,10205.074395070913,-38.98525982634075,-0.27244717474387964,0.10794078651203047,0.07853662255680921,0.07853662255680921,0.0,196.34155639202305,0.11963361496754488,0.11411801560671865,0.046989596752642936,0.11618964658335273,0.0460632079706568,0.11618964658335273,0.1107368302404686,0.0460632079706568,0.21334811930632594,0.047831782881443956,0.06314269900042133,0.09999999999999995,False,0.0033816678423578914,-0.004916081114391053,2.89706929752358,-31.35236459849465,3015.957862768737
1730678400000000,1730678460000001,10205.074395070913,10209.950677020022,5.351894221733061,-0.27111469384459724,0.08335331244779971,0.06057213316459538,0.06057213316459538,0.0,151.43033291148848,0.1255780756308066,0.1255780756308066,0.04668072213442548,0.12603976833188166,0.048844851994525575,0.12603976833188166,0.12603976833188166,0.048844851994525575,0.21435653392979934,0.047470079098161755,0.06733442206604363,0.10000000000000003,False,0.0037396005773192333,0.015283827934695866,2.9358479976752947,68.25888948306708,3154.355026505055
1730764800000000,1730764860000001,10209.950677020022,10283.849778495083,74.37917419035568,-0.28076574399237214,0.08122727144461844,0.05903984992861337,0.05903984992861337,0.0,147.5996248215334,0.13661095573708235,0.13661095573708235,0.04690180369414786,0.14285925002160899,0.050215928832827945,0.14285925002160899,0.142859250021609,0.050215928832827945,0.21775212199407618,0.047647946957051594,0.0708117807487006,0.10000000000000007,False,0.00412942818127941,0.032743218414799505,3.032844097308774,155.96519391794905,3028.8156516387244
1730851200000000,1730851260000001,10283.849778495083,10459.112629347424,176.01547499922987,-0.4911582131966617,0.10652539828803859,0.07747026770248278,0.07747026770248278,0.0,193.6756692562069,0.1436983258059273,0.14369832580592728,0.045233507996444565,0.15811569847248938,0.05137380276158675,0.15811569847248938,0.15811569847248938,0.05137380276158675,0.21234229474996902,0.045920944714963885,0.0749037583911994,0.09999999999999998,False,0.004270898005890201,0.05175197956864618,2.7855726341001827,243.89428256122633,2728.227414477358
1730937600000000,1730937660000001,10459.112629347424,10484.6288999529,26.42955180045536,-0.39744423088186903,0.21005613828818032,0.15289041290354488,0.15289041290354488,0.0,382.2260322588621,0.1215769086211309,0.1215769086211309,0.03827462956685468,0.12379583776581035,0.040226137340799994,0.12379583776581035,0.12379583776581035,0.040226137340799994,0.17919712126046333,0.03865933523818583,0.07889905761721931,0.10000000000000005,False,0.003363414897235493,0.03985055799860549,2.1414375328602495,199.9088752225357,2032.4900635570777
1731024000000000,1731024060000001,10484.6288999529,10510.95005801233,26.85312937023479,-0.4087019027883933,0.05023215026030389,0.03651862887870214,0.03651862887870214,0.0,91.29657219675536,0.12792363168833604,0.12792363168833604,0.03793589885927549,0.1301565661082641,0.0394385242366146,0.1301565661082641,0.1301565661082641,0.0394385242366146,0.17911741100827125,0.038318639233362824,0.08135478143138926,0.07891820207751349,False,0.0035331187374391237,0.04785147626747299,2.019492994109444,249.59033908362773,2050.941809879106
1731110400000000,1731110460000001,10510.95005801233,10551.097157137432,40.675131715211705,-0.3878378850641544,0.05709104005965643,0.041551832492857266,0.041551832492857266,0.0,103.87958123214315,0.12091897906846041,0.12091897906846041,0.038700836316448856,0.12431233548842469,0.04170033158318035,0.12431233548842469,0.12431233548842469,0.04170033158318035,0.1807926805605109,0.039091232450475834,0.07782565582751422,0.10000000000000003,False,0.003324239264127379,0.03431108873412247,2.0364311993650634,183.40329795732285,2012.552602776427
1731196800000000,1731196860000001,10551.097157137432,10697.76262849673,147.9650218673312,-1.096385299788506,0.08273640683565243,0.060214400704281634,0.060214400704281634,0.0,150.53600176070407,0.11173627490117641,0.11173627490117641,0.03940803365238201,0.12403365633372233,0.049244220592338364,0.12403365633372233,0.12403365633372233,0.049244220592338364,0.18179386264771996,0.03980532811755538,0.07405933760633442,0.10000000000000003,False,0.003075034766846696,0.017838894914298888,2.081030958441745,99.70870775382102,1901.8844821912935
1731283200000000,1731283260000001,10697.76262849673,10843.365314505954,146.71034076578377,-0.6729948753116513,0.1769996771824194,0.12883010203247647,0.12883010203247647,0.0,322.07525508119113,0.09393068636106881,0.09393068636106881,0.03324172486085936,0.10619560124446102,0.04197787215320766,0.10619560124446102,0.10619560124446102,0.04197787215320766,0.15327966752621736,0.033576135574919994,0.07190653063408,0.09999999999999996,False,0.002500102283296016,0.014549497876718031,1.6913085996627417,78.86501574653163,1283.7923140874811
1731369600000000,1731369660000001,10843.365314505954,10853.638760225027,11.62524735008792,-1.0393107751752988,0.12725381119535534,0.09261852232270044,0.09261852232270044,0.0,231.5463058067511,0.08593914628795214,0.08593914628795214,0.02957846795074906,0.08692641896533755,0.031695666777283825,0.08692641896533755,0.08692641896533758,0.031695666777283825,0.13686646069511418,0.02987637933336926,0.07432822047659039,0.04034447143345379,False,0.00209667884195114,0.015416772583061617,1.442609258872859,83.70806355849679,904.5602731064249
1731456000000000,1731456060000001,10853.638760225027,10876.843920194236,23.800465342155817,-0.4766995613613416,0.048329692554215584,0.035138059515512805,0.035138059515512805,0.0,87.84514878878201,0.09003920394295374,0.09003920394295374,0.02920508008620963,0.09203430584912448,0.030648197431030456,0.09203430584912448,0.09203430584912448,0.030648197431030456,0.13618857350048547,0.02949975852575927,0.0756326429684361,0.05291054466670324,False,0.002222495342746138,0.022763429140767896,1.4957433244947853,104.36114717766674,833.4724969812388
1731542400000000,1731542460000001,10876.843920194236,10841.930218910793,-34.39221973758123,-0.3775677908464609,0.058650170849007636,0.042631792082844004,0.042631792082844004,0.0,106.57948020711002,0.09860852640558158,0.09860852640558158,0.029328533534557114,0.09575261222786811,0.028657656691163463,0.09575261222786811,0.09575261222786811,0.028657656691163463,0.13841820835355434,0.029624389376473256,0.07907895686822727,0.10000000000000002,False,0.002370618472953299,0.03451529991876012,1.480954785906083,159.8147632656164,797.5739096013858
1731628800000000,1731628860000001,10841.930218910793,10891.280874061857,49.75952004354972,-0.3138704352185273,0.03868757786051177,0.028153439703397013,0.028153439703397013,0.0,70.38359925849252,0.09084784687196552,0.09084784687196552,0.027587512782280613,0.09500415224714451,0.028745543890840174,0.09500415224714451,0.09500415224714451,0.028745543890840174,0.12981666105520617,0.027865930370651278,0.07524290256633061,0.10000000000000002,False,0.002252894033420295,0.03097838214597359,1.42563998016202,122.35162691799164,821.1824062762315
1731715200000000,1731715260000001,10891.280874061857,10891.690867143885,1.1001209142691668,-0.49558346490526345,0.07922122952173648,0.05766156890729782,0.05766156890729782,0.0,144.15392226824454,0.08176989485699172,0.08176989485699175,0.026700006570850327,0.08186636178424976,0.026387991345139004,0.08186636178424976,0.08186636178424976,0.026387991345139004,0.12439576305983903,0.026969221863405043,0.07070284252130443,0.10000000000000006,False,0.0019539381169966135,0.021178644688428373,1.3315874922911526,73.28978164927702,762.7333155843722
1731801600000000,1731801660000001,10891.690867143885,10911.96654522405,20.953281816854325,-0.5854751740315189,0.03751709834782993,0.027305732154619625,0.027305732154619625,0.0,68.26433038654906,0.07596522332015807,0.07596522332015807,0.02410534375605534,0.07774364123926213,0.026488233459737012,0.07774364123926213,0.07774364123926213,0.026488233459737012,0.11274088442973071,0.02434862611955496,0.0647812228071083,0.08152427319265557,False,0.001824731942495429,0.02181384984165317,1.2163905283845406,60.83357985720825,719.7371885698757
1731888000000000,1731888060000001,10911.96654522405,10936.45636522107,25.7431783390523,-0.636327271696022,0.2513971670329064,0.1828169516517648,0.1828169516517648,0.0,457.042379129412,0.08271753200012814,0.08271753200012814,0.026572421923704518,0.08488152377151462,0.027993439888480583,0.08488152377151462,0.08488152377151463,0.027993439888480583,0.12406691751026952,0.026839312476974148,0.07009364767663345,0.09999999999999995,False,0.0007910651443292446,0.023110403145047215,0.7596666127443754,273.3229478196651,791.3452415379808
1731974400000000,1731974460000001,10936.45636522107,10943.06839561915,7.25294007046442,-0.5579324394552789,0.03381423733736852,0.024581497796752973,0.024581497796752973,0.0,61.45374449188243,0.08793242833626302,0.08793242833626304,0.026784785141401073,0.08854141948488893,0.02817817205292699,0.08854141948488893,0.08854141948488893,0.02817817205292699,0.12598452516450628,0.027055133252029243,0.07287757628714246,0.07630862740017005,False,0.0010134058630063764,0.02851256799146939,0.800884338286805,261.51987449638324,789.1177808340262
1732060800000000,1732060860000001,10943.06839561915,10931.653126463152,-11.044964406739792,-0.32787911501465666,0.01728582844864493,0.012569902896862512,0.012569902896862512,0.0,31.424757242156282,0.0890011598404923,0.0890011598404923,0.026972144938672997,0.088083387567026,0.026990402545587024,0.088083387567026,0.08808338756702598,0.026990402545587024,0.12695790346933372,0.027244485221463915,0.0736730389400391,0.018837873988760804,False,0.0010224625631022849,0.030379639275166785,0.8200235779180644,267.91039532549297,755.3405735748172
1732147200000000,1732147260000001,10931.653126463152,11022.047219304011,91.0450665323014,-0.5310579324998874,0.048877721595949004,0.03551901867302449,0.03551901867302449,0.0,88.7975466825612,0.09620741807190246,0.09620741807190246,0.027070011284675496,0.10367762263801716,0.031072451801134028,0.10367762263801716,0.10367762263801716,0.031072451801134028,0.12880821201426715,0.02734314579569217,0.07753461061172684,0.10000000000000002,False,0.001323351785438535,0.04065866284343314,0.8936521950708299,268.6976549283283,783.6570201333861
1732233600000000,1732233660000001,11022.047219304011,11088.394676914073,67.29809896186983,-0.8253318968663621,0.05104264291567051,0.037133406013182296,0.037133406013182296,0.0,92.83351503295572,0.10042282069169328,0.10042282069169328,0.02676364531522263,0.10589004277030814,0.030840178858997754,0.10589004277030814,0.10589004277030814,0.030840178858997754,0.1284219191480716,0.027033677818004462,0.08066938920478238,0.10000000000000002,False,0.0015008058552112879,0.043930007244147515,0.8609952842212426,231.43480989116716,761.7870740574895
1732320000000000,1732320060000001,11088.394676914073,11093.32493125522,6.117081639340873,-0.995295525904438,0.07803014610624659,0.05675081309111759,0.05675081309111759,0.0,141.877032727794,0.10543645459117373,0.10543645459117372,0.026375461050527682,0.10593919463574347,0.027210640757348963,0.10593919463574347,0.10593919463574347,0.027210640757348963,0.12786560456986784,0.02664141965918757,0.0834233267819605,0.071341930417661,False,0.0017710831979201491,0.0526501390876606,0.9103019757147482,197.92668528358533,704.1205493560267
1732406400000000,1732406460000001,11093.32493125522,11081.369419568968,-11.19176579393756,-0.7373120908268607,0.010767453823582782,0.007833173832166859,0.007833173832166859,0.0,19.582934580417145,0.1052920054828236,0.1052920054828236,0.026353220385798598,0.10439538983148143,0.026336666424807198,0.10439538983148143,0.10439538983148143,0.026336666424807198,0.12774846593620248,0.026619351100864594,0.08349795930105804,0.0015700028645231159,False,0.0017897234346225044,0.0515101074202406,0.9164298350135319,199.85243376322575,681.9317473964232
1732492800000000,1732492860000001,11081.369419568968,11028.037953365869,-52.62696415639665,-0.6260747686611413,0.0319669966269933,0.02323014070706584,0.02323014070706584,0.0,58.0753517676646,0.10963697578517013,0.10963697578517013,0.027657678915344357,0.10539429343177804,0.027524179726862084,0.10539429343177804,0.10539429343177804,0.027524179726862084,0.13389613399162462,0.0279368516877801,0.08219172980635152,0.026500334620325448,False,0.001831465536917691,0.0534267128180748,0.9613604211198609,214.97004154610374,716.131477048111
1732579200000000,1732579260000001,11028.037953365869,11010.035397393049,-17.43886893947405,-0.5029720445320648,0.02473952975704801,0.017987729528015948,0.017987729528015948,0.0,44.96932382003986,0.10671417439814335,0.10671417439814335,0.026451881741892252,0.10530416801475254,0.02615737707690205,0.10530416801475254,0.10530416801475254,0.02615737707690205,0.12843400183780745,0.026718925364399425,0.08398001352631078,0.03833069828847285,False,0.0019238092882733389,0.052435817792255375,1.0060623947637737,206.5940154120605,743.4204484360697
1732665600000000,1732665660000001,11010.035397393049,11069.715348870413,60.22362783790329,-0.516451861354441,0.011086202741278731,0.008069148221325227,0.008069148221325227,0.0,20.172870553313064,0.10347219810307395,0.10347219810307395,0.026069285727161814,0.10835449122388106,0.0273088093802883,0.10835449122388106,0.10835449122388104,0.0273088093802883,0.12623360960828695,0.026332546733005377,0.08314337188119125,0.02369756195800223,False,0.0018311914800246878,0.05072137180348168,0.9887001490840854,205.89888731532062,740.9149666164767
1732752000000000,1732752060000001,11069.715348870413,11077.683258400031,8.601981894659184,-0.5190655596602796,0.04683240461000914,0.03408720038576982,0.03408720038576982,0.0,85.21800096442453,0.10065723596374715,0.10065723596374715,0.02571501817750942,0.10136030516117579,0.02698964368812726,0.10136030516117579,0.10136030516117576,0.02698964368812726,0.1242325677824618,0.025974495975736638,0.08168527761297541,0.026408392476646034,False,0.0016796714845338807,0.04405634980665872,0.9211221209900516,193.88024384550252,710.1461281657689
1732838400000000,1732838460000001,11077.683258400031,11152.13890372619,75.12953618799853,-0.6387193790856286,0.014327712354797073,0.010421885199746878,0.010421885199746878,0.0,26.054712999367194,0.10087238032049135,0.10087238032049138,0.02569130607420283,0.10693538498427599,0.029977911882991235,0.10693538498427599,0.10693538498427599,0.029977911882991235,0.12418112124156999,0.025950731822909905,0.08183497849218163,0.0050360235119836765,False,0.0016958574397443048,0.045303112545787706,0.9392130539021503,184.55304298249087,706.7979128378761
1732924800000000,1732924860000001,11152.13890372619,11166.771751623246,15.298426220848937,-0.5369832521865551,0.05236573961315398,0.03811466599690951,0.03811466599690951,0.0,95.2866649922738,0.09839226934934447,0.09839226934934447,0.025538003337431274,0.09963219926429762,0.02737253770994148,0.09963219926429762,0.0996321992642976,0.02737253770994148,0.1230596589849709,0.025795665514413306,0.08030539685631387,0.040959726340312703,False,0.0015807611680451082,0.04287761065866322,0.9022502175519533,157.2178175442941,667.3385581964261
1733011200000000,1733011260000001,11166.771751623246,11233.977111582632,68.06080870041858,-0.7766365087654001,0.032099586402373724,0.023356322932828678,0.023356322932828678,0.0,58.39080733207169,0.09650720486329502,0.09650720486329503,0.026129170125582673,0.10198766834467271,0.030765902199215805,0.10198766834467271,0.10198766834467271,0.030765902199215805,0.12506792686687782,0.02639291486116333,0.07700034501398192,0.08669846887710977,False,0.001444489598577978,0.03758360712370186,0.9079672450478686,150.07531095231442,691.9708285193988
1733097600000000,1733097660000001,11233.977111582632,11262.116801975704,29.139528474536352,-0.6549361967516344,0.14048155290615563,0.10221016590225084,0.10221016590225084,0.0,255.52541475562708,0.09037284408658587,0.09037284408658587,0.024842756650944164,0.09273166306572182,0.029175320107194615,0.09273166306572182,0.09273166306572182,0.029175320107194615,0.11862827236858758,0.025092923168453192,0.07208259452487599,0.10000000000000006,False,0.002086960071893539,0.03417490706184766,0.5357336156297371,121.1786327797367,633.9286084358939
1733184000000000,1733184060000001,11262.116801975704,11237.561634671514,-23.607861132309477,-0.7981029153502629,0.060791250906449504,0.04420600281167644,0.04420600281167644,0.0,110.5150070291911,0.09434673854095431,0.09434673854095431,0.02507607153855596,0.09245084344234755,0.024094781081820317,0.09245084344234755,0.09245084344234758,0.024094781081820317,0.12037581315271893,0.025329029620883486,0.07343031855374271,0.04608133490976523,False,0.002216300483281862,0.03912589437742579,0.6312795919736235,104.1511728454292,662.8313035027492
1733270400000000,1733270460000001,11237.561634671514,11240.648800720173,4.07979468469163,-0.897841253932156,0.03863538298879798,0.02807599955584476,0.02807599955584476,0.0,70.1899988896119,0.0986976927560759,0.0986976927560759,0.025185852288780685,0.09903270395421751,0.02644782903624324,0.09903270395421751,0.09903270395421752,0.02644782903624324,0.1216989206547709,0.0254400402518859,0.07593129437795126,0.05595583013878571,False,0.002309791151103932,0.04434715767938735,0.6836332836103115,111.1166346495627,692.8400982029405
1733356800000000,1733356860000001,11240.648800720173,11225.235468239278,-13.745922484522616,-1.5245800619464287,0.05817124556065501,0.04232934443230783,0.04232934443230783,0.0,105.82336108076959,0.09264411859177298,0.09264411859177298,0.024718232678256284,0.09154559373048685,0.02466187080396751,0.09154559373048685,0.09154559373048685,0.02466187080396751,0.11858612389838637,0.02496759454004689,0.07221614317496909,0.10000000000000005,False,0.002109939091017595,0.03615561769455732,0.604231170849016,118.35801576452019,647.5225290899605
1733443200000000,1733443260000001,11225.235468239278,11261.073890929993,36.77510786942444,-0.8226709731934393,0.04642820384659261,0.03379300083455318,0.03379300083455318,0.0,84.48250208638294,0.08402032418804552,0.0840203241880455,0.023682820577026566,0.08701776233586192,0.025380846856029718,0.08701776233586192,0.08701776233586192,0.025380846856029718,0.11266082251138695,0.023921798011814495,0.06884271948701376,0.10000000000000003,False,0.0019441701870666745,0.02939775824204384,0.471369098392399,118.18375449062556,621.81025273364
1733529600000000,1733529660000001,11261.073890929993,11294.06756831344,33.997786291118864,-0.9543601479432227,0.020261424518037648,0.014743667604974933,0.014743667604974933,0.0,36.85916901243733,0.08477419640857563,0.0847741964085756,0.024527220266711024,0.08753640375367508,0.026339371941116633,0.08753640375367508,0.08753640375367508,0.026339371941116633,0.11622546669118222,0.024774860516419993,0.06655770980564554,0.09999999999999992,False,0.00191161880810719,0.0263900733564942,0.4454116158351708,114.20841033896816,635.1360626480572
1733616000000000,1733616060000001,11294.06756831344,11303.139518216987,9.752929816384853,-0.5223419314191143,0.06459963919231654,0.047019171113120706,0.047019171113120706,0.0,117.54792778280175,0.07712955153718971,0.07712955153718971,0.023567151759103393,0.07792941591980852,0.024262249094391602,0.07792941591980852,0.07792941591980852,0.024262249094391602,0.11080098642425343,0.02380486942600235,0.06257073894910574,0.10000000000000007,False,0.0017431574573430243,0.020556328163306634,0.3451022929728209,102.18653423220634,586.3704302842524
1733702400000000,1733702460000001,11303.139518216987,11218.827227926475,-83.45005821067696,-0.24352792885659993,0.25203906114177443,0.18333254491854295,0.18333254491854295,0.0,458.33136229635744,0.06924935177126439,0.06924935177126439,0.02322110888445578,0.062327564845996414,0.021667167670215957,0.062327564845996414,0.062327564845996414,0.021667167670215957,0.10780652882493365,0.023454381638367477,0.05268413017164853,0.09999999999999998,False,0.0004997026592312852,0.06549996917685004,0.21313612383100322,100.94114322228168,334.7055698241547
1733788800000000,1733788860000001,11218.827227926475,11225.151508030303,6.652961462300823,-0.14368028453990048,0.07534193774591817,0.05482956809306366,0.05482956809306366,0.0,137.07392023265916,0.052743220578263965,0.052458985150677,0.02105465291716754,0.053302477351536155,0.02258050868529456,0.053302477351536155,0.0530212484905651,0.02258050868529456,0.09566550192132062,0.021266975475795112,0.051580439581107466,0.09999999999999996,False,-8.187943313612908e-06,0.06364728407320099,-0.003684014476517733,106.90410422641315,284.7349102468506
1733875200000000,1733875260000001,11225.151508030303,11251.802487960043,26.982352168771328,-0.19397544892518262,0.056002998390327435,0.04069689585809711,0.04069689585809711,0.0,101.74223964524276,0.062085782716201916,0.0620857827162019,0.022629653578516068,0.06433601549975065,0.023812470874237542,0.06433601549975065,0.06433601549975067,0.023812470874237542,0.10397425344938317,0.022857956151181833,0.056633104134400675,0.09999999999999999,False,0.0002562774980415555,0.06995645405410497,0.1157336860467829,107.13546214733024,353.80824322719076
1733961600000000,1733961660000001,11251.802487960043,11245.240493646426,-6.302121710045512,-0.20814082116385582,0.02106700684159078,0.01533238778385959,0.01533238778385959,0.0,38.330969459648976,0.0613011551061085,0.061301155106108486,0.02304062093686344,0.06077621879192529,0.023348244056978374,0.06077621879192529,0.060776218791925296,0.023348244056978374,0.10547700471737928,0.023273247479081216,0.054406405573018464,0.09999999999999998,False,0.00016460047784952207,0.06768859635748184,0.0732773105608063,108.00621757661769,332.9690168089398
1734048000000000,1734048060000001,11245.240493646426,11256.607570926068,11.655231691293547,-0.18172144937566825,0.04334101392184439,0.031545974177046646,0.031545974177046646,0.0,78.86493544261661,0.057141494392582676,0.0537635441164562,0.022349905215614103,0.05812660303167694,0.023106832317627383,0.05812660303167694,0.054744157062912815,0.023106832317627383,0.10116301189171142,0.022575448161816905,0.0510958171445737,0.0957290468042375,False,-9.502219791513617e-05,0.06479371170442175,-0.04183425518212262,107.42794631039301,297.9612435213802
1734134400000000,1734134460000001,11256.607570926068,11248.724695178438,-7.615886432290752,-0.1374115765654349,0.05276589564046968,0.03840592156668585,0.03840592156668585,0.0,96.01480391671461,0.05806975194643465,0.04621504961467388,0.021449695428809742,0.05728881060816568,0.021232210986343595,0.05728881060816568,0.04556985937517545,0.021232210986343595,0.09600070463371704,0.02166610961190338,0.0472665947798812,0.09999999999999998,False,-0.0003290160449718161,0.06178301549512973,-0.14842742916138457,99.72246181850612,254.20542350980259
1734220800000000,1734220860000001,11248.724695178438,11258.345325493006,9.817941570776341,-0.0927165199183985,0.04259246219126398,0.03100113704874007,0.03100113704874007,0.0,77.50284262185016,0.05819855628634596,0.038680296427682906,0.020351683535738928,0.05954064490918279,0.020822212677016092,0.05954064490918279,0.03951894249067083,0.020822212677016092,0.0900423884306613,0.020557064947856807,0.043943061106453275,0.10000000000000005,False,-0.0005416788549794446,0.059242176161652484,-0.250117897210994,95.58595260874758,219.16633163958923
1734307200000000,1734307260000001,11258.345325493006,11267.146323938381,9.33634417760759,-0.08036469177368705,0.1853427157906123,0.1348191623341823,0.1348191623341823,0.0,337.04790583545577,0.05528486558735783,0.03273087359430854,0.01873084743598574,0.05554102786793011,0.019038008577090388,0.05554102786793011,0.03353261945109864,0.019038008577090388,0.0822891636880444,0.018919283303390263,0.03730143323579442,0.1,False,0.0007051794394491906,0.05328978895664376,-0.2830283225069218,86.11852752307344,-156.05662349260598
1734393600000000,1734393660000001,11267.146323938381,11267.787868803396,0.9221691526566598,-0.1392051587730897,0.057637295828522415,0.041890916519821575,0.041890916519821575,0.0,104.72729129955394,0.06483676766286207,0.04105411910075316,0.022367309780828494,0.0650673438974837,0.023058961072700546,0.0650673438974837,0.04113310756467912,0.023058961072700546,0.09866549183447179,0.022592958624696388,0.04046420249637837,0.09999999999999998,False,0.0008723967327735969,0.06319272542828196,-0.3096791997950282,101.17736831860785,-166.57086431026806
1734480000000000,1734480060000001,11267.787868803396,11225.730785556085,-41.83003314288347,-0.11365357699110026,0.04621992276040711,0.03358830233797878,0.03358830233797878,0.0,83.97075584494692,0.0722193028738441,0.04839626193557434,0.025257706730979067,0.0668232250350521,0.0236754205047235,0.0668232250350521,0.044850825450935425,0.0236754205047235,0.11251278550787072,0.026083868312404317,0.044357535252460875,0.09999999999999999,False,0.0010399567339159797,0.07312529834113644,-0.31445812326145883,110.82383853617037,-162.26529140252606
1734566400000000,1734566460000001,11225.730785556085,11207.475169887924,-18.042618702685992,-0.12377154453124037,0.036368324919261646,0.026428548011962535,0.026428548011962535,0.0,66.07137002990635,0.06923150047016176,0.05073693641481439,0.024859911874080293,0.0660526664568234,0.024174583238116717,0.0660526664568234,0.04920930316501461,0.024174583238116717,0.11140222488618597,0.02540629341772993,0.04770752639051828,0.10000000000000002,False,0.0011484828752861714,0.07678317785526835,-0.25072864462621247,120.48027453912395,-144.62991257021272
1734652800000000,1734652860000001,11207.475169887924,11214.419394019826,7.2341061684616275,-0.2028947067898287,0.035456077870339386,0.0257656259503956,0.0257656259503956,0.0,64.414064875989,0.06789584422632987,0.054957149533192015,0.025168187008431316,0.06852877054535207,0.02548372912934986,0.06852877054535207,0.055567764366485535,0.02548372912934986,0.11338935797500309,0.025671436505075595,0.05033025443646987,0.1,False,0.0012730278663746026,0.08240373753431379,-0.1864923272822691,125.43118181016844,-114.86405215424192
1734739200000000,1734739260000001,11214.419394019826,11198.000489349512,-16.11964559727264,-0.20206924996911027,0.039614167836833,0.028787827617117574,0.028787827617117574,0.0,71.96956904279392,0.0648406134935843,0.0618315157565067,0.025440196504011893,0.06340980943312823,0.02502422335591832,0.06340980943312823,0.060482127600746775,0.02502422335591832,0.11582051134504567,0.02592262146913027,0.05396015013321036,0.09999999999999999,False,0.0014296364525989073,0.08226225827152807,-0.04342537649599449,125.26654688652874,-26.58844556045526
1734825600000000,1734825660000001,11198.000489349512,11183.665293455408,-13.964903807301495,-0.1869414191187593,0.0747338212133321,0.05430842323474463,0.05430842323474463,0.0,135.77105808686156,0.07260789692200968,0.07260789692200968,0.026664475446926832,0.07145108761590356,0.02627691722667926,0.07145108761590356,0.07145108761590356,0.02627691722667926,0.12301717861342398,0.027061636426084314,0.05732627696145882,0.10000000000000005,False,0.0016688352625878185,0.08908908385537793,0.1514975047371703,133.47515429305233,85.86088903847936
1734912000000000,1734912060000001,11183.665293455408,11202.430462675014,19.425696153458652,-0.2048836609074873,0.18566378639021675,0.1349897432767409,0.1349897432767409,0.0,337.47435819185216,0.08220253617220936,0.08220253617220936,0.0279000283511092,0.08379555624751713,0.028560574889640544,0.08379555624751713,0.08379555624751713,0.028560574889640544,0.12987032180824948,0.02829353840367109,0.05934212288975944,0.10000000000000003,False,0.0032657701574078267,0.05597200623394281,0.31296716678951814,141.71406926306432,180.59186674821908
1734998400000000,1734998460000001,11202.430462675014,11234.001376716082,31.872331433935933,-0.21668620365701038,0.03453377535355725,0.02509870692933925,0.02509870692933925,0.0,62.746767323348124,0.08847323924663726,0.08847323924663726,0.028098707101093003,0.09106106641392117,0.02904038466351927,0.09106106641392117,0.09106106641392117,0.02904038466351927,0.13184347925406315,0.028504807132212245,0.06325112136420565,0.10000000000000005,False,0.0033064590866926677,0.05824280643665791,0.4315080856013152,139.42128340975287,252.95852767700737
1735084800000000,1735084860000001,11234.001376716082,11233.264750538592,-0.3635550720314122,-0.2086524967935117,0.06695359271022533,0.048732507977454945,0.048732507977454945,0.0,121.83126994363735,0.08021737175607058,0.08021737175607058,0.02816948719631916,0.08018909377172537,0.02839996142763803,0.08018909377172537,0.08018909377172537,0.02839996142763803,0.1304185743814136,0.028619793448732028,0.05882925920489433,0.10000000000000002,False,0.0032072541321342594,0.051868313637988044,0.22159386034535983,136.4191172810897,129.6564724063693
1735171200000000,1735171260000001,11233.264750538592,11192.14740935231,-40.92126061917724,-0.10817534847620244,0.035797614337490784,0.026053802145188893,0.026053802145188893,0.0,65.13450536297222,0.07485576268362121,0.07485576268362121,0.028130118762234847,0.07147392991168042,0.027179152553600094,0.07147392991168042,0.07147392991168042,0.027179152553600094,0.12927304360193345,0.028620134669297186,0.055211417914004766,0.10000000000000006,False,0.0031767554985245457,0.04837691918038875,0.10078106852894068,137.55467470661551,59.5362760168573
1735257600000000,1735257660000001,11192.14740935231,11185.886172638457,-5.962367883561452,-0.18790963839696545,0.04518714764746749,0.032886022124541295,0.032886022124541295,0.0,82.21505531135324,0.06922427054869489,0.06515261621120208,0.02703338302491567,0.06868044577617716,0.026911620351065528,0.06868044577617716,0.06465541275975045,0.026911620351065528,0.12293916487259814,0.0275363615917207,0.05113020628072627,0.09999999999999998,False,0.0031596863293646034,0.04403903493413699,-0.06048914696516031,140.20974474535612,-36.42810622056115
1735344000000000,1735344060000001,11185.886172638457,11193.720092338215,8.081192778748969,-0.17989251344295112,0.027438323307374005,0.019971121120441082,0.019971121120441082,0.0,49.92780280110271,0.06917389080981776,0.0601923111119565,0.02642161918543928,0.0702917157595594,0.026843223426136535,0.0702917157595594,0.06087176308969502,0.026843223426136535,0.11971578138104125,0.026855513864569348,0.047177871025038974,0.10000000000000003,False,0.003115138526480536,0.04028239020137228,-0.13629574962941887,137.65600577619043,-80.5070220581746
1735430400000000,1735430460000001,11193.720092338215,11177.836169663988,-15.637718130733951,-0.11961132751607845,0.051550555568012135,0.03752133020453608,0.03752133020453608,0.0,93.8033255113402,0.06522267678937457,0.05249236110708383,0.024292557289634385,0.0635210257603972,0.02373888248536817,0.0635210257603972,0.051167365957940095,0.02373888248536817,0.10966842919667515,0.024727949802157992,0.04206304366646588,0.09999999999999998,False,0.0028334152618510544,0.03443218576937272,-0.1824090871262973,124.57440505511546,-109.87075843747184
1735516800000000,1735516860000001,11177.836169663988,11170.506012826403,-6.069176997705267,-0.16789232433815796,0.4453198118230784,0.3238838518585627,0.3238838518585627,0.0,809.7096296464067,0.10856885158227451,0.04700696688903867,0.03410652939486881,0.10833598758198601,0.034180012562556226,0.10833598758198601,0.04648989171984157,0.034180012562556226,0.14921322379470936,0.03488565086903864,0.02663093364909305,0.09999999999999998,False,0.004070474281582409,0.11366717351846274,-0.9076847776755107,51.24288617316173,-548.2036529329021
1735603200000000,1735603260000001,11170.506012826403,11168.872514794342,0.0,0.0,0.6653637915089372,0.48406712027602455,0.48406712027602455,0.0,1210.1678006900613,0.0,0.0,0.0,0.0,0.0,0.0,0.0,0.0,0.0,0.0,0.0,0.10000000000000002,True,0.0,0.0,0.0,0.0,0.0
