fold,target,decision_us,label_available_us,fixed_disjoint,observed,ridge,raw_ridge,training_mean,trailing20_matured21
2023-07-03,CORE5_mean_21day_asset_cumulative_return,1688342400000000,1690156800000000,True,0.16152167026445186,-0.017528406870719583,-0.017528406870719583,-0.009075487077098867,-0.03892045005999818
2023-07-03,CORE5_mean_21day_asset_cumulative_return,1688428800000000,1690243200000000,False,0.12292754344293236,-0.02637359333579975,-0.02637359333579975,-0.009075487077098867,-0.02856938945732219
2023-07-03,CORE5_mean_21day_asset_cumulative_return,1688515200000000,1690329600000000,False,0.15359004421435946,-0.024469306259067836,-0.024469306259067836,-0.009075487077098867,-0.017688692975712156
2023-07-03,CORE5_mean_21day_asset_cumulative_return,1688601600000000,1690416000000000,False,0.18606999229329924,-0.015328389098038235,-0.015328389098038235,-0.009075487077098867,-0.005647154186062145
2023-07-03,CORE5_mean_21day_asset_cumulative_return,1688688000000000,1690502400000000,False,0.2017818858157346,-0.004302565427433746,-0.004302565427433746,-0.009075487077098867,0.004439181634028973
2023-07-03,CORE5_mean_21day_asset_cumulative_return,1688774400000000,1690588800000000,False,0.16446071115757582,-0.005929206730835945,-0.005929206730835945,-0.009075487077098867,0.015538775981134078
2023-07-03,CORE5_mean_21day_asset_cumulative_return,1688860800000000,1690675200000000,False,0.17331244641379218,-0.006656202423557687,-0.006656202423557687,-0.009075487077098867,0.02773581429110932
2023-07-03,CORE5_mean_21day_asset_cumulative_return,1688947200000000,1690761600000000,False,0.16155085521647675,-0.004168372833345281,-0.004168372833345281,-0.009075487077098867,0.03876096661886645
2023-07-03,CORE5_mean_21day_asset_cumulative_return,1689033600000000,1690848000000000,False,0.14325798604790888,-0.0004000469622351781,-0.0004000469622351781,-0.009075487077098867,0.04858555345952764
2023-07-03,CORE5_mean_21day_asset_cumulative_return,1689120000000000,1690934400000000,False,0.14870917691692492,0.0018010841484827258,0.0018010841484827258,-0.009075487077098867,0.05491280685925424
2023-07-03,CORE5_mean_21day_asset_cumulative_return,1689206400000000,1691020800000000,False,0.11892297412439004,0.006597226945800333,0.006597226945800333,-0.009075487077098867,0.05876184049209171
2023-07-03,CORE5_mean_21day_asset_cumulative_return,1689292800000000,1691107200000000,False,-0.08593105057254599,-0.06472251674119954,-0.06472251674119954,-0.009075487077098867,0.07479990734733824
2023-07-03,CORE5_mean_21day_asset_cumulative_return,1689379200000000,1691193600000000,False,-0.05648411863566716,-0.05901973798700268,-0.05901973798700268,-0.009075487077098867,0.0873949071385712
2023-07-03,CORE5_mean_21day_asset_cumulative_return,1689465600000000,1691280000000000,False,-0.06656851701924853,-0.0584862832100483,-0.0584862832100483,-0.009075487077098867,0.1021931722491258
2023-07-03,CORE5_mean_21day_asset_cumulative_return,1689552000000000,1691366400000000,False,-0.06697150814747468,-0.06019118556678488,-0.06019118556678488,-0.009075487077098867,0.11472668193536595
2023-07-03,CORE5_mean_21day_asset_cumulative_return,1689638400000000,1691452800000000,False,-0.06244564513552471,-0.05691138075721352,-0.05691138075721352,-0.009075487077098867,0.12969986334039463
2023-07-03,CORE5_mean_21day_asset_cumulative_return,1689724800000000,1691539200000000,False,-0.03198344086194203,-0.03991502941774185,-0.03991502941774185,-0.009075487077098867,0.14314805845648382
2023-07-03,CORE5_mean_21day_asset_cumulative_return,1689811200000000,1691625600000000,False,-0.04787656972173795,-0.04398467654155059,-0.04398467654155059,-0.009075487077098867,0.15927354947503172
2023-07-03,CORE5_mean_21day_asset_cumulative_return,1689897600000000,1691712000000000,False,-0.038007052886514424,-0.036853901579518865,-0.036853901579518865,-0.009075487077098867,0.17001675120229792
2023-07-03,CORE5_mean_21day_asset_cumulative_return,1689984000000000,1691798400000000,False,-0.043946804660212835,-0.036593632648617216,-0.036593632648617216,-0.009075487077098867,0.17520194045435786
2023-07-03,CORE5_mean_21day_asset_cumulative_return,1690070400000000,1691884800000000,False,-0.012049528680915977,-0.03134076981379091,-0.03134076981379091,-0.009075487077098867,0.1777632275750674
2023-07-03,CORE5_mean_21day_asset_cumulative_return,1690156800000000,1691971200000000,True,-0.036831401736959465,-0.027043117464413576,-0.027043117464413576,-0.009075487077098867,0.17944313098782488
2023-07-03,CORE5_mean_21day_asset_cumulative_return,1690243200000000,1692057600000000,False,-0.0011124407337722354,-0.02168037030978825,-0.02168037030978825,-0.009075487077098867,0.1793120779212713
2023-07-03,CORE5_mean_21day_asset_cumulative_return,1690329600000000,1692144000000000,False,-0.05254403086607477,-0.026779540091368598,-0.026779540091368598,-0.009075487077098867,0.17911757502313058
2023-07-03,CORE5_mean_21day_asset_cumulative_return,1690416000000000,1692230400000000,False,-0.09281702501462878,-0.03024205434745858,-0.03024205434745858,-0.009075487077098867,0.18224118261648056
2023-07-03,CORE5_mean_21day_asset_cumulative_return,1690502400000000,1692316800000000,False,-0.16540404789775615,-0.02975574109712875,-0.02975574109712875,-0.009075487077098867,0.18552099796399174
2023-07-03,CORE5_mean_21day_asset_cumulative_return,1690588800000000,1692403200000000,False,-0.16684281354384572,-0.02935322671098948,-0.02935322671098948,-0.009075487077098867,0.18719554911998068
2023-07-03,CORE5_mean_21day_asset_cumulative_return,1690675200000000,1692489600000000,False,-0.1657032380032906,-0.03605447538446985,-0.03605447538446985,-0.009075487077098867,0.18963422063068655
2023-07-03,CORE5_mean_21day_asset_cumulative_return,1690761600000000,1692576000000000,False,-0.14413875689310107,-0.027835099786634537,-0.027835099786634537,-0.009075487077098867,0.1922097212480534
2023-07-03,CORE5_mean_21day_asset_cumulative_return,1690848000000000,1692662400000000,False,-0.1520297785409601,-0.02271817528940049,-0.02271817528940049,-0.009075487077098867,0.1948322798885423
2023-07-03,CORE5_mean_21day_asset_cumulative_return,1690934400000000,1692748800000000,False,-0.17147097315119514,-0.029486713581446625,-0.029486713581446625,-0.009075487077098867,0.20017060871786777
2023-07-03,CORE5_mean_21day_asset_cumulative_return,1691020800000000,1692835200000000,False,-0.1219472368465406,-0.0008641414077409509,-0.0008641414077409509,-0.009075487077098867,0.19195907656994501
2023-07-03,CORE5_mean_21day_asset_cumulative_return,1691107200000000,1692921600000000,False,-0.12593717509128102,0.001655438878509552,0.001655438878509552,-0.009075487077098867,0.1774739950849588
2023-07-03,CORE5_mean_21day_asset_cumulative_return,1691193600000000,1693008000000000,False,-0.12385996135628008,0.0024064645464660847,0.0024064645464660847,-0.009075487077098867,0.1624391529050529
2023-07-03,CORE5_mean_21day_asset_cumulative_return,1691280000000000,1693094400000000,False,-0.13018231847117093,0.002084299141853615,0.002084299141853615,-0.009075487077098867,0.1472478471175777
2023-07-03,CORE5_mean_21day_asset_cumulative_return,1691366400000000,1693180800000000,False,-0.12230098454436893,0.00348764090582699,0.00348764090582699,-0.009075487077098867,0.1310045979227151
2023-07-03,CORE5_mean_21day_asset_cumulative_return,1691452800000000,1693267200000000,False,-0.12229948767363971,8.826784780465759e-05,8.826784780465759e-05,-0.009075487077098867,0.11619661892521535
2023-07-03,CORE5_mean_21day_asset_cumulative_return,1691539200000000,1693353600000000,False,-0.10231312543198631,-0.006587873605875365,-0.006587873605875365,-0.009075487077098867,0.09901755820836859
2023-07-03,CORE5_mean_21day_asset_cumulative_return,1691625600000000,1693440000000000,False,-0.12210817389091337,-0.009263417421751716,-0.009263417421751716,-0.009075487077098867,0.08464985338658568
2023-07-03,CORE5_mean_21day_asset_cumulative_return,1691712000000000,1693526400000000,False,-0.1564202459931438,-0.008465024303750042,-0.008465024303750042,-0.009075487077098867,0.07231870706518381
2023-07-03,CORE5_mean_21day_asset_cumulative_return,1691798400000000,1693612800000000,False,-0.16518100392785023,-0.010660766944869941,-0.010660766944869941,-0.009075487077098867,0.06179452891334891
2023-07-03,CORE5_mean_21day_asset_cumulative_return,1691884800000000,1693699200000000,False,-0.16638325215615152,0.011461201199155077,0.011461201199155077,-0.009075487077098867,0.05311596896608052
2023-07-03,CORE5_mean_21day_asset_cumulative_return,1691971200000000,1693785600000000,True,-0.15321683400191527,0.018061195961704905,0.018061195961704905,-0.009075487077098867,0.0451280217070859
2023-07-03,21day_average_daily_CORE5_squared_asset_return,1688342400000000,1690156800000000,True,0.006199532949624321,0.0028974831855563222,0.0028974831855563222,0.0023607016917969155,0.0010494396593443435
2023-07-03,21day_average_daily_CORE5_squared_asset_return,1688428800000000,1690243200000000,False,0.006270390082122338,0.0032435940890868536,0.0032435940890868536,0.0023607016917969155,0.0010356011332910168
2023-07-03,21day_average_daily_CORE5_squared_asset_return,1688515200000000,1690329600000000,False,0.00636982523848343,0.0030172903296939615,0.0030172903296939615,0.0023607016917969155,0.0010190210121866937
2023-07-03,21day_average_daily_CORE5_squared_asset_return,1688601600000000,1690416000000000,False,0.006442689617408277,0.002946308946388831,0.002946308946388831,0.0023607016917969155,0.0009973050774081719
2023-07-03,21day_average_daily_CORE5_squared_asset_return,1688688000000000,1690502400000000,False,0.006398776627802078,0.002645317121411648,0.002645317121411648,0.0023607016917969155,0.0009762586088845791
2023-07-03,21day_average_daily_CORE5_squared_asset_return,1688774400000000,1690588800000000,False,0.006305566786194042,0.002649306337414784,0.002649306337414784,0.0023607016917969155,0.0009598255398896788
2023-07-03,21day_average_daily_CORE5_squared_asset_return,1688860800000000,1690675200000000,False,0.006320017906140938,0.0027603599843843162,0.0027603599843843162,0.0023607016917969155,0.0009453909312657218
2023-07-03,21day_average_daily_CORE5_squared_asset_return,1688947200000000,1690761600000000,False,0.006336611984632062,0.0027105055386590273,0.0027105055386590273,0.0023607016917969155,0.0009302654653036852
2023-07-03,21day_average_daily_CORE5_squared_asset_return,1689033600000000,1690848000000000,False,0.006336429745033173,0.0025167199793774664,0.0025167199793774664,0.0023607016917969155,0.0009136206855200477
2023-07-03,21day_average_daily_CORE5_squared_asset_return,1689120000000000,1690934400000000,False,0.006330521189984321,0.0025449254617937907,0.0025449254617937907,0.0023607016917969155,0.0008911211548262099
2023-07-03,21day_average_daily_CORE5_squared_asset_return,1689206400000000,1691020800000000,False,0.006381785633347915,0.0026060219962286708,0.0026060219962286708,0.0023607016917969155,0.0008639243805287448
2023-07-03,21day_average_daily_CORE5_squared_asset_return,1689292800000000,1691107200000000,False,0.0008304789643536834,0.0028486234341789044,0.0028486234341789044,0.0023607016917969155,0.001114469407595717
2023-07-03,21day_average_daily_CORE5_squared_asset_return,1689379200000000,1691193600000000,False,0.0006735467761349716,0.002811852492903555,0.002811852492903555,0.0023607016917969155,0.0013712688585880276
2023-07-03,21day_average_daily_CORE5_squared_asset_return,1689465600000000,1691280000000000,False,0.000651050858899317,0.0028100065686608986,0.0028100065686608986,0.0023607016917969155,0.0016294985603608203
2023-07-03,21day_average_daily_CORE5_squared_asset_return,1689552000000000,1691366400000000,False,0.0006302147792444729,0.002920990938482855,0.002920990938482855,0.0023607016917969155,0.0018972454006636365
2023-07-03,21day_average_daily_CORE5_squared_asset_return,1689638400000000,1691452800000000,False,0.0006245918607357614,0.0029231458096370374,0.0029231458096370374,0.0023607016917969155,0.002168087655150302
2023-07-03,21day_average_daily_CORE5_squared_asset_return,1689724800000000,1691539200000000,False,0.0006098254518886138,0.0027047039484413282,0.0027047039484413282,0.0023607016917969155,0.0024433194050678653
2023-07-03,21day_average_daily_CORE5_squared_asset_return,1689811200000000,1691625600000000,False,0.0005712965938285285,0.002839755647426353,0.002839755647426353,0.0023607016917969155,0.0027094856273732868
2023-07-03,21day_average_daily_CORE5_squared_asset_return,1689897600000000,1691712000000000,False,0.0005533393626239178,0.0028157694831528967,0.0028157694831528967,0.0023607016917969155,0.0029690587152090345
2023-07-03,21day_average_daily_CORE5_squared_asset_return,1689984000000000,1691798400000000,False,0.0005319276645399207,0.0027589970634773545,0.0027589970634773545,0.0023607016917969155,0.003239924696091765
2023-07-03,21day_average_daily_CORE5_squared_asset_return,1690070400000000,1691884800000000,False,0.00048244001097050526,0.002592815051402287,0.002592815051402287,0.0023607016917969155,0.0035121638730349182
2023-07-03,21day_average_daily_CORE5_squared_asset_return,1690156800000000,1691971200000000,True,0.000489291053654657,0.002529073003112076,0.002529073003112076,0.0023607016917969155,0.0037836153014094175
2023-07-03,21day_average_daily_CORE5_squared_asset_return,1690243200000000,1692057600000000,False,0.00042958401317730907,0.00239644635881443,0.00239644635881443,0.0023607016917969155,0.004058564808082257
2023-07-03,21day_average_daily_CORE5_squared_asset_return,1690329600000000,1692144000000000,False,0.0003914456715592567,0.0024780170701767623,0.0024780170701767623,0.0023607016917969155,0.004343069741231276
2023-07-03,21day_average_daily_CORE5_squared_asset_return,1690416000000000,1692230400000000,False,0.00036498658962426427,0.0024424236515662224,0.0024424236515662224,0.0023607016917969155,0.004629562960180241
2023-07-03,21day_average_daily_CORE5_squared_asset_return,1690502400000000,1692316800000000,False,0.000755686948030993,0.0024849393793287904,0.0024849393793287904,0.0023607016917969155,0.0049106937012716265
2023-07-03,21day_average_daily_CORE5_squared_asset_return,1690588800000000,1692403200000000,False,0.0007740186023967127,0.002402435628059687,0.002402435628059687,0.0023607016917969155,0.005187313737312902
2023-07-03,21day_average_daily_CORE5_squared_asset_return,1690675200000000,1692489600000000,False,0.000771336787224019,0.00247625918330444,0.00247625918330444,0.0023607016917969155,0.0054646038458393996
2023-07-03,21day_average_daily_CORE5_squared_asset_return,1690761600000000,1692576000000000,False,0.0007624109931528201,0.0024310252873100554,0.0024310252873100554,0.0023607016917969155,0.0057436597127035315
2023-07-03,21day_average_daily_CORE5_squared_asset_return,1690848000000000,1692662400000000,False,0.0007753735199225646,0.002405988824636651,0.002405988824636651,0.0023607016917969155,0.006024531680771772
2023-07-03,21day_average_daily_CORE5_squared_asset_return,1690934400000000,1692748800000000,False,0.0007803174772717194,0.002387714987483093,0.002387714987483093,0.0023607016917969155,0.0063095436247549595
2023-07-03,21day_average_daily_CORE5_squared_asset_return,1691020800000000,1692835200000000,False,0.0007719905733594877,0.0024609729803671547,0.0024609729803671547,0.0023607016917969155,0.0063195047219339
2023-07-03,21day_average_daily_CORE5_squared_asset_return,1691107200000000,1692921600000000,False,0.0007739284269213917,0.002445839104871072,0.002445839104871072,0.0023607016917969155,0.006044866238828398
2023-07-03,21day_average_daily_CORE5_squared_asset_return,1691193600000000,1693008000000000,False,0.0007676823614288098,0.0024382777739949545,0.0024382777739949545,0.0023607016917969155,0.0057616044417873255
2023-07-03,21day_average_daily_CORE5_squared_asset_return,1691280000000000,1693094400000000,False,0.0007579798411274129,0.0024773385912454276,0.0024773385912454276,0.0023607016917969155,0.005475976112656915
2023-07-03,21day_average_daily_CORE5_squared_asset_return,1691366400000000,1693180800000000,False,0.0007551913184424574,0.0024340932784853095,0.0024340932784853095,0.0023607016917969155,0.005190651809870827
2023-07-03,21day_average_daily_CORE5_squared_asset_return,1691452800000000,1693267200000000,False,0.0007554473977945827,0.0024935971634350213,0.0024935971634350213,0.0023607016917969155,0.004902954932338969
2023-07-03,21day_average_daily_CORE5_squared_asset_return,1691539200000000,1693353600000000,False,0.0008363296390352577,0.002549393322707123,0.002549393322707123,0.0023607016917969155,0.004615724387746928
2023-07-03,21day_average_daily_CORE5_squared_asset_return,1691625600000000,1693440000000000,False,0.0008627412953463722,0.002511351575348341,0.002511351575348341,0.0023607016917969155,0.004333564819151491
2023-07-03,21day_average_daily_CORE5_squared_asset_return,1691712000000000,1693526400000000,False,0.000939711392424226,0.002479551398857337,0.002479551398857337,0.0023607016917969155,0.004052583412284122
2023-07-03,21day_average_daily_CORE5_squared_asset_return,1691798400000000,1693612800000000,False,0.0009511558216263237,0.0024245223044930355,0.0024245223044930355,0.0023607016917969155,0.0037684210036511047
2023-07-03,21day_average_daily_CORE5_squared_asset_return,1691884800000000,1693699200000000,False,0.0009492339131221907,0.002518341475351499,0.002518341475351499,0.0023607016917969155,0.003482566356718414
2023-07-03,21day_average_daily_CORE5_squared_asset_return,1691971200000000,1693785600000000,True,0.0009372686769734469,0.002426250143301197,0.002426250143301197,0.0023607016917969155,0.003193511405295029
2023-10-02,CORE5_mean_21day_asset_cumulative_return,1696204800000000,1698019200000000,True,0.044045040820440404,0.009966337001685048,0.009966337001685048,-0.004792488455925448,-0.01273457571146006
2023-10-02,CORE5_mean_21day_asset_cumulative_return,1696291200000000,1698105600000000,False,0.15808924862451046,0.012212793175550234,0.012212793175550234,-0.004792488455925448,-0.004165011111744238
2023-10-02,CORE5_mean_21day_asset_cumulative_return,1696377600000000,1698192000000000,False,0.14324712236632725,0.013364673177295703,0.013364673177295703,-0.004792488455925448,0.0046491556306316635
2023-10-02,CORE5_mean_21day_asset_cumulative_return,1696464000000000,1698278400000000,False,0.1776485850875678,0.015562611777764686,0.015562611777764686,-0.004792488455925448,0.010957771204753993
2023-10-02,CORE5_mean_21day_asset_cumulative_return,1696550400000000,1698364800000000,False,0.21041762636714148,0.01741528773769131,0.01741528773769131,-0.004792488455925448,0.01481280550739944
2023-10-02,CORE5_mean_21day_asset_cumulative_return,1696636800000000,1698451200000000,False,0.15869763341833593,0.01887670812785142,0.01887670812785142,-0.004792488455925448,0.018877712807997292
2023-10-02,CORE5_mean_21day_asset_cumulative_return,1696723200000000,1698537600000000,False,0.16703592444876172,0.017257489308896173,0.017257489308896173,-0.004792488455925448,0.023776005150606343
2023-10-02,CORE5_mean_21day_asset_cumulative_return,1696809600000000,1698624000000000,False,0.19351333950149413,0.019224796127061353,0.019224796127061353,-0.004792488455925448,0.02805030541687601
2023-10-02,CORE5_mean_21day_asset_cumulative_return,1696896000000000,1698710400000000,False,0.26360858892154837,0.02174765517087915,0.02174765517087915,-0.004792488455925448,0.03125888789079882
2023-10-02,CORE5_mean_21day_asset_cumulative_return,1696982400000000,1698796800000000,False,0.3048388488272315,0.02214746708288858,0.02214746708288858,-0.004792488455925448,0.03243648501298742
2023-10-02,CORE5_mean_21day_asset_cumulative_return,1697068800000000,1698883200000000,False,0.359812006992034,0.025512612159953683,0.025512612159953683,-0.004792488455925448,0.03231700752792424
2023-10-02,CORE5_mean_21day_asset_cumulative_return,1697155200000000,1698969600000000,False,0.35949405397659745,0.027684634794590678,0.027684634794590678,-0.004792488455925448,0.031970598523734
2023-10-02,CORE5_mean_21day_asset_cumulative_return,1697241600000000,1699056000000000,False,0.3426384138058217,0.026613767172045256,0.026613767172045256,-0.004792488455925448,0.032157321269974705
2023-10-02,CORE5_mean_21day_asset_cumulative_return,1697328000000000,1699142400000000,False,0.3705182684687752,0.023195985038950397,0.023195985038950397,-0.004792488455925448,0.03340802646099455
2023-10-02,CORE5_mean_21day_asset_cumulative_return,1697414400000000,1699228800000000,False,0.3880866699457262,0.02284805144381449,0.02284805144381449,-0.004792488455925448,0.034998045841488246
2023-10-02,CORE5_mean_21day_asset_cumulative_return,1697500800000000,1699315200000000,False,0.3791122158437364,0.013623908323933537,0.013623908323933537,-0.004792488455925448,0.03924053916096541
2023-10-02,CORE5_mean_21day_asset_cumulative_return,1697587200000000,1699401600000000,False,0.3779399108788331,0.013659179299132417,0.013659179299132417,-0.004792488455925448,0.04278661002233997
2023-10-02,CORE5_mean_21day_asset_cumulative_return,1697673600000000,1699488000000000,False,0.40177105174758776,0.01726990844056985,0.01726990844056985,-0.004792488455925448,0.04488768901501611
2023-10-02,CORE5_mean_21day_asset_cumulative_return,1697760000000000,1699574400000000,False,0.3979214605896851,0.014672650859217238,0.014672650859217238,-0.004792488455925448,0.04625487320767528
2023-10-02,CORE5_mean_21day_asset_cumulative_return,1697846400000000,1699660800000000,False,0.43943303786299615,0.010123381514001412,0.010123381514001412,-0.004792488455925448,0.04812495365908377
2023-10-02,CORE5_mean_21day_asset_cumulative_return,1697932800000000,1699747200000000,False,0.39742448983794343,0.01096640261294846,0.01096640261294846,-0.004792488455925448,0.04715160449753925
2023-10-02,CORE5_mean_21day_asset_cumulative_return,1698019200000000,1699833600000000,True,0.3877622305231957,0.007512197861093046,0.007512197861093046,-0.004792488455925448,0.043475352154681506
2023-10-02,CORE5_mean_21day_asset_cumulative_return,1698105600000000,1699920000000000,False,0.24319264209949396,-0.008306260363645844,-0.008306260363645844,-0.004792488455925448,0.045887561003630846
2023-10-02,CORE5_mean_21day_asset_cumulative_return,1698192000000000,1700006400000000,False,0.25159362248475015,-0.0069707282650560325,-0.0069707282650560325,-0.004792488455925448,0.04859462244888617
2023-10-02,CORE5_mean_21day_asset_cumulative_return,1698278400000000,1700092800000000,False,0.3107459006985366,-0.007521130700195011,-0.007521130700195011,-0.004792488455925448,0.054696381596862145
2023-10-02,CORE5_mean_21day_asset_cumulative_return,1698364800000000,1700179200000000,False,0.22475559913391668,-0.006191505754737373,-0.006191505754737373,-0.004792488455925448,0.06215565182014077
2023-10-02,CORE5_mean_21day_asset_cumulative_return,1698451200000000,1700265600000000,False,0.2858916110315525,-0.004748848090450385,-0.004748848090450385,-0.004792488455925448,0.06706408362473346
2023-10-02,CORE5_mean_21day_asset_cumulative_return,1698537600000000,1700352000000000,False,0.2632761890428167,0.0006083391059920401,0.0006083391059920401,-0.004792488455925448,0.07205988892086618
2023-10-02,CORE5_mean_21day_asset_cumulative_return,1698624000000000,1700438400000000,False,0.26996041978287083,-0.002766180259054424,-0.002766180259054424,-0.004792488455925448,0.08105613490842666
2023-10-02,CORE5_mean_21day_asset_cumulative_return,1698710400000000,1700524800000000,False,0.19951323089377904,-0.003632997420325945,-0.003632997420325945,-0.004792488455925448,0.09449067853577872
2023-10-02,CORE5_mean_21day_asset_cumulative_return,1698796800000000,1700611200000000,False,0.09183001543596951,-0.005891944991576613,-0.005891944991576613,-0.004792488455925448,0.11059873912164006
2023-10-02,CORE5_mean_21day_asset_cumulative_return,1698883200000000,1700697600000000,False,0.1343314472393006,-0.011796655852314878,-0.011796655852314878,-0.004792488455925448,0.12888278138329767
2023-10-02,CORE5_mean_21day_asset_cumulative_return,1698969600000000,1700784000000000,False,0.15293158459091266,-0.0068387655126595,-0.0068387655126595,-0.004792488455925448,0.14680128737594372
2023-10-02,CORE5_mean_21day_asset_cumulative_return,1699056000000000,1700870400000000,False,0.16474881695672905,-0.005779696163318811,-0.005779696163318811,-0.004792488455925448,0.16346723467285698
2023-10-02,CORE5_mean_21day_asset_cumulative_return,1699142400000000,1700956800000000,False,0.1478577399100626,-0.006114470942793432,-0.006114470942793432,-0.004792488455925448,0.18097825440640414
2023-10-02,CORE5_mean_21day_asset_cumulative_return,1699228800000000,1701043200000000,False,0.11904827489249761,-0.0062572242718920545,-0.0062572242718920545,-0.004792488455925448,0.1974372325651519
2023-10-02,CORE5_mean_21day_asset_cumulative_return,1699315200000000,1701129600000000,False,0.0616832599451278,-0.010052138268951316,-0.010052138268951316,-0.004792488455925448,0.21364094241952633
2023-10-02,CORE5_mean_21day_asset_cumulative_return,1699401600000000,1701216000000000,False,0.10010316239594556,-0.012061073658895922,-0.012061073658895922,-0.004792488455925448,0.23033412636588274
2023-10-02,CORE5_mean_21day_asset_cumulative_return,1699488000000000,1701302400000000,False,0.09286743983386661,-0.009776440872581359,-0.009776440872581359,-0.004792488455925448,0.24807130553344142
2023-10-02,CORE5_mean_21day_asset_cumulative_return,1699574400000000,1701388800000000,False,0.06929038390391071,-0.013220748513001318,-0.013220748513001318,-0.004792488455925448,0.26447010141043986
2023-10-02,CORE5_mean_21day_asset_cumulative_return,1699660800000000,1701475200000000,False,0.02668178125274656,-0.021373604137840948,-0.021373604137840948,-0.004792488455925448,0.28189345242475766
2023-10-02,CORE5_mean_21day_asset_cumulative_return,1699747200000000,1701561600000000,False,0.05581026758468279,-0.019598995796919417,-0.019598995796919417,-0.004792488455925448,0.2995624248756328
2023-10-02,CORE5_mean_21day_asset_cumulative_return,1699833600000000,1701648000000000,True,0.06206126084416834,-0.016357073205186638,-0.016357073205186638,-0.004792488455925448,0.31104607397056705
2023-10-02,21day_average_daily_CORE5_squared_asset_return,1696204800000000,1698019200000000,True,0.000581907331287824,0.0030338146971179325,0.0030338146971179325,0.002273864799872455,0.0003567235830424754
2023-10-02,21day_average_daily_CORE5_squared_asset_return,1696291200000000,1698105600000000,False,0.0008865856056568368,0.0028907612025769894,0.0028907612025769894,0.002273864799872455,0.00035401269653918615
2023-10-02,21day_average_daily_CORE5_squared_asset_return,1696377600000000,1698192000000000,False,0.0008995880661144801,0.0027194724110158972,0.0027194724110158972,0.002273864799872455,0.000353583399714175
2023-10-02,21day_average_daily_CORE5_squared_asset_return,1696464000000000,1698278400000000,False,0.0009568094888860646,0.0026079097499045246,0.0026079097499045246,0.002273864799872455,0.00035327053915810747
2023-10-02,21day_average_daily_CORE5_squared_asset_return,1696550400000000,1698364800000000,False,0.000971724478772396,0.002337038086512403,0.002337038086512403,0.002273864799872455,0.0003531430132837681
2023-10-02,21day_average_daily_CORE5_squared_asset_return,1696636800000000,1698451200000000,False,0.0009999502084372784,0.002264308307319703,0.002264308307319703,0.002273864799872455,0.0003534761773863126
2023-10-02,21day_average_daily_CORE5_squared_asset_return,1696723200000000,1698537600000000,False,0.001002492946633107,0.002411646182618263,0.002411646182618263,0.002273864799872455,0.0003538633353300408
2023-10-02,21day_average_daily_CORE5_squared_asset_return,1696809600000000,1698624000000000,False,0.001022485985097771,0.002328336310343933,0.002328336310343933,0.002273864799872455,0.0003528208227436792
2023-10-02,21day_average_daily_CORE5_squared_asset_return,1696896000000000,1698710400000000,False,0.0010244689397618828,0.002240224845795372,0.002240224845795372,0.002273864799872455,0.00035860669085040556
2023-10-02,21day_average_daily_CORE5_squared_asset_return,1696982400000000,1698796800000000,False,0.001129073849147019,0.0021821983290635162,0.0021821983290635162,0.002273864799872455,0.00036505246362623033
2023-10-02,21day_average_daily_CORE5_squared_asset_return,1697068800000000,1698883200000000,False,0.0011853161008009425,0.0021891644493620016,0.0021891644493620016,0.002273864799872455,0.00037377820757354956
2023-10-02,21day_average_daily_CORE5_squared_asset_return,1697155200000000,1698969600000000,False,0.0011853281595129894,0.0021992829596465552,0.0021992829596465552,0.002273864799872455,0.0003819483924759257
2023-10-02,21day_average_daily_CORE5_squared_asset_return,1697241600000000,1699056000000000,False,0.001185134259684254,0.0021675496459608117,0.0021675496459608117,0.002273864799872455,0.0003904792685194559
2023-10-02,21day_average_daily_CORE5_squared_asset_return,1697328000000000,1699142400000000,False,0.0012357619339960907,0.0022365466080150193,0.0022365466080150193,0.002273864799872455,0.00039912232396775206
2023-10-02,21day_average_daily_CORE5_squared_asset_return,1697414400000000,1699228800000000,False,0.001305160742851723,0.0022937118022282672,0.0022937118022282672,0.002273864799872455,0.0004076102768906912
2023-10-02,21day_average_daily_CORE5_squared_asset_return,1697500800000000,1699315200000000,False,0.001312257694492817,0.0024937245709771134,0.0024937245709771134,0.002273864799872455,0.0004224443002795642
2023-10-02,21day_average_daily_CORE5_squared_asset_return,1697587200000000,1699401600000000,False,0.0013403212580021151,0.0025826162007122535,0.0025826162007122535,0.002273864799872455,0.0004379488276572771
2023-10-02,21day_average_daily_CORE5_squared_asset_return,1697673600000000,1699488000000000,False,0.001342349450098795,0.002508148443641485,0.002508148443641485,0.002273864799872455,0.00045194686568036154
2023-10-02,21day_average_daily_CORE5_squared_asset_return,1697760000000000,1699574400000000,False,0.0014541476720606116,0.002571662672365167,0.002571662672365167,0.002273864799872455,0.0004677409624075316
2023-10-02,21day_average_daily_CORE5_squared_asset_return,1697846400000000,1699660800000000,False,0.001980950150177494,0.0025880811976190087,0.0025880811976190087,0.002273864799872455,0.00048604762773321933
2023-10-02,21day_average_daily_CORE5_squared_asset_return,1697932800000000,1699747200000000,False,0.0019204090173461426,0.002550014532743279,0.002550014532743279,0.002273864799872455,0.0005009408136944884
2023-10-02,21day_average_daily_CORE5_squared_asset_return,1698019200000000,1699833600000000,True,0.0019150465413586347,0.0025065677011405435,0.0025065677011405435,0.002273864799872455,0.0005087108812709747
2023-10-02,21day_average_daily_CORE5_squared_asset_return,1698105600000000,1699920000000000,False,0.001666138722894056,0.0026534714628319626,0.0026534714628319626,0.002273864799872455,0.0005311470133495932
2023-10-02,21day_average_daily_CORE5_squared_asset_return,1698192000000000,1700006400000000,False,0.0017833780440996636,0.0024998570326332467,0.0024998570326332467,0.002273864799872455,0.0005543958494410796
2023-10-02,21day_average_daily_CORE5_squared_asset_return,1698278400000000,1700092800000000,False,0.002030658286803445,0.002862939534028237,0.002862939534028237,0.002273864799872455,0.0005804102493225498
2023-10-02,21day_average_daily_CORE5_squared_asset_return,1698364800000000,1700179200000000,False,0.0022199396851757874,0.002913637561025739,0.002913637561025739,0.002273864799872455,0.0006067334908188939
2023-10-02,21day_average_daily_CORE5_squared_asset_return,1698451200000000,1700265600000000,False,0.0022497954782044974,0.002751619235636069,0.002751619235636069,0.002273864799872455,0.0006344357958450074
2023-10-02,21day_average_daily_CORE5_squared_asset_return,1698537600000000,1700352000000000,False,0.002294110082668414,0.002594372544698772,0.002594372544698772,0.002273864799872455,0.0006625133972097204
2023-10-02,21day_average_daily_CORE5_squared_asset_return,1698624000000000,1700438400000000,False,0.0023066799552802684,0.002745458106072186,0.002745458106072186,0.002273864799872455,0.0006901412728123381
2023-10-02,21day_average_daily_CORE5_squared_asset_return,1698710400000000,1700524800000000,False,0.0023182856222545003,0.002803019360633021,0.002803019360633021,0.002273864799872455,0.000718327617249077
2023-10-02,21day_average_daily_CORE5_squared_asset_return,1698796800000000,1700611200000000,False,0.0024064377167675316,0.002860553855354787,0.002860553855354787,0.002273864799872455,0.0007516598127373743
2023-10-02,21day_average_daily_CORE5_squared_asset_return,1698883200000000,1700697600000000,False,0.0025912668489394726,0.0031032330100466375,0.0031032330100466375,0.002273864799872455,0.0007888643304549863
2023-10-02,21day_average_daily_CORE5_squared_asset_return,1698969600000000,1700784000000000,False,0.002581556259351667,0.0028543710579646466,0.0028543710579646466,0.002273864799872455,0.0008257333810634636
2023-10-02,21day_average_daily_CORE5_squared_asset_return,1699056000000000,1700870400000000,False,0.0025821025637284465,0.002795555186339162,0.002795555186339162,0.002273864799872455,0.0008623060908368946
2023-10-02,21day_average_daily_CORE5_squared_asset_return,1699142400000000,1700956800000000,False,0.0025372444693831132,0.00288284298901708,0.00288284298901708,0.002273864799872455,0.000901571453979784
2023-10-02,21day_average_daily_CORE5_squared_asset_return,1699228800000000,1701043200000000,False,0.0024728622089612746,0.002743237055072536,0.002743237055072536,0.002273864799872455,0.0009385276426134723
2023-10-02,21day_average_daily_CORE5_squared_asset_return,1699315200000000,1701129600000000,False,0.0023747939840982352,0.0029010017403273422,0.0029010017403273422,0.002273864799872455,0.0009756213897987248
2023-10-02,21day_average_daily_CORE5_squared_asset_return,1699401600000000,1701216000000000,False,0.002380160468960372,0.002906153509174825,0.002906153509174825,0.002273864799872455,0.0010138830528649205
2023-10-02,21day_average_daily_CORE5_squared_asset_return,1699488000000000,1701302400000000,False,0.0023773550836534672,0.0028734052289066366,0.0028734052289066366,0.002273864799872455,0.001050201569588607
2023-10-02,21day_average_daily_CORE5_squared_asset_return,1699574400000000,1701388800000000,False,0.0021982681126142926,0.0029820215039060077,0.0029820215039060077,0.002273864799872455,0.0010881974936490105
2023-10-02,21day_average_daily_CORE5_squared_asset_return,1699660800000000,1701475200000000,False,0.001594492135342258,0.0030307881812735404,0.0030307881812735404,0.002273864799872455,0.0011500907160736245
2023-10-02,21day_average_daily_CORE5_squared_asset_return,1699747200000000,1701561600000000,False,0.0016451095668403198,0.0028862160777812403,0.0028862160777812403,0.002273864799872455,0.0012170158003765405
2023-10-02,21day_average_daily_CORE5_squared_asset_return,1699833600000000,1701648000000000,True,0.0016493495551535527,0.0027491701770059125,0.0027491701770059125,0.002273864799872455,0.0012684388471616305
2024-01-01,CORE5_mean_21day_asset_cumulative_return,1704067200000000,1705881600000000,True,-0.040910986242157034,0.04193073840535792,0.04193073840535792,0.022806212218043628,0.14143474379668636
2024-01-01,CORE5_mean_21day_asset_cumulative_return,1704153600000000,1705968000000000,False,-0.12970894114533793,0.04104219818308816,0.04104219818308816,0.022806212218043628,0.13826571674352353
2024-01-01,CORE5_mean_21day_asset_cumulative_return,1704240000000000,1706054400000000,False,-0.13726489836150155,0.03909034010410911,0.03909034010410911,0.022806212218043628,0.13745615740555142
2024-01-01,CORE5_mean_21day_asset_cumulative_return,1704326400000000,1706140800000000,False,-0.05975310238209743,0.02949463230678699,0.02949463230678699,0.022806212218043628,0.12968328208287605
2024-01-01,CORE5_mean_21day_asset_cumulative_return,1704412800000000,1706227200000000,False,-0.09717668271604665,0.03266091828003207,0.03266091828003207,0.022806212218043628,0.12503034179676364
2024-01-01,CORE5_mean_21day_asset_cumulative_return,1704499200000000,1706313600000000,False,-0.048009355226619775,0.03247044251991586,0.03247044251991586,0.022806212218043628,0.12104940320700316
2024-01-01,CORE5_mean_21day_asset_cumulative_return,1704585600000000,1706400000000000,False,-0.01962807393850996,0.03601534146465458,0.03601534146465458,0.022806212218043628,0.11589026569257846
2024-01-01,CORE5_mean_21day_asset_cumulative_return,1704672000000000,1706486400000000,False,0.000757682526667014,0.03736975496380951,0.03736975496380951,0.022806212218043628,0.10887502605281378
2024-01-01,CORE5_mean_21day_asset_cumulative_return,1704758400000000,1706572800000000,False,-0.024133485672642885,0.02901711560688901,0.02901711560688901,0.022806212218043628,0.10634365967463413
2024-01-01,CORE5_mean_21day_asset_cumulative_return,1704844800000000,1706659200000000,False,-0.02867379972238999,0.029161945280372484,0.029161945280372484,0.022806212218043628,0.10196138437365795
2024-01-01,CORE5_mean_21day_asset_cumulative_return,1704931200000000,1706745600000000,False,-0.09434957047459158,0.026471790273564874,0.026471790273564874,0.022806212218043628,0.09549887471556925
2024-01-01,CORE5_mean_21day_asset_cumulative_return,1705017600000000,1706832000000000,False,-0.08689941891479239,0.025169484851269238,0.025169484851269238,0.022806212218043628,0.08644998408234704
2024-01-01,CORE5_mean_21day_asset_cumulative_return,1705104000000000,1706918400000000,False,-0.019977329632398975,0.019851611845083595,0.019851611845083595,0.022806212218043628,0.07443354929003683
2024-01-01,CORE5_mean_21day_asset_cumulative_return,1705190400000000,1707004800000000,False,-0.04195292331514855,0.025714050107592656,0.025714050107592656,0.022806212218043628,0.06271456289445007
2024-01-01,CORE5_mean_21day_asset_cumulative_return,1705276800000000,1707091200000000,False,-0.03745814410846484,0.022333392660264625,0.022333392660264625,0.022806212218043628,0.04905939881210495
2024-01-01,CORE5_mean_21day_asset_cumulative_return,1705363200000000,1707177600000000,False,-0.044223408910212834,0.02539559929077819,0.02539559929077819,0.022806212218043628,0.03763467624861793
2024-01-01,CORE5_mean_21day_asset_cumulative_return,1705449600000000,1707264000000000,False,-0.05023614889419188,0.025092619090452503,0.025092619090452503,0.022806212218043628,0.02851180740541261
2024-01-01,CORE5_mean_21day_asset_cumulative_return,1705536000000000,1707350400000000,False,-0.02376936465897377,0.025413167986115818,0.025413167986115818,0.022806212218043628,0.02182495436414014
2024-01-01,CORE5_mean_21day_asset_cumulative_return,1705622400000000,1707436800000000,False,0.023422436703597317,0.024125725420830597,0.024125725420830597,0.022806212218043628,0.016876952537196
2024-01-01,CORE5_mean_21day_asset_cumulative_return,1705708800000000,1707523200000000,False,0.05496146432474145,0.0255030168692877,0.0255030168692877,0.022806212218043628,0.01169204598669017
2024-01-01,CORE5_mean_21day_asset_cumulative_return,1705795200000000,1707609600000000,False,0.04059932321193536,0.025353050216587313,0.025353050216587313,0.022806212218043628,0.00909274992440878
2024-01-01,CORE5_mean_21day_asset_cumulative_return,1705881600000000,1707696000000000,True,0.054838548253860565,0.026795017914023563,0.026795017914023563,0.022806212218043628,0.00012577876472104829
2024-01-01,CORE5_mean_21day_asset_cumulative_return,1705968000000000,1707782400000000,False,0.15468761968727324,0.026714161145168926,0.026714161145168926,0.022806212218043628,-0.013245474016599179
2024-01-01,CORE5_mean_21day_asset_cumulative_return,1706054400000000,1707868800000000,False,0.16189641402106117,0.027238047033443395,0.027238047033443395,0.022806212218043628,-0.021590208663657566
2024-01-01,CORE5_mean_21day_asset_cumulative_return,1706140800000000,1707955200000000,False,0.19519122999031252,0.026639209828263198,0.026639209828263198,0.022806212218043628,-0.02630638302776886
2024-01-01,CORE5_mean_21day_asset_cumulative_return,1706227200000000,1708041600000000,False,0.21394735627427228,0.028981346617185082,0.028981346617185082,0.022806212218043628,-0.033893017389755344
2024-01-01,CORE5_mean_21day_asset_cumulative_return,1706313600000000,1708128000000000,False,0.16372019103073546,0.02498403677627448,0.02498403677627448,0.022806212218043628,-0.036900804222526916
2024-01-01,CORE5_mean_21day_asset_cumulative_return,1706400000000000,1708214400000000,False,0.1390278650352149,0.025584052074194327,0.025584052074194327,0.022806212218043628,-0.03864100287403813
2024-01-01,CORE5_mean_21day_asset_cumulative_return,1706486400000000,1708300800000000,False,0.1673972515497383,0.023205498594210363,0.023205498594210363,0.022806212218043628,-0.04151692028664743
2024-01-01,CORE5_mean_21day_asset_cumulative_return,1706572800000000,1708387200000000,False,0.14409499437760614,0.021918650042464915,0.021918650042464915,0.022806212218043628,-0.04613885518170076
2024-01-01,CORE5_mean_21day_asset_cumulative_return,1706659200000000,1708473600000000,False,0.15198413505771166,0.02149236423088859,0.02149236423088859,0.022806212218043628,-0.05119990474678086
2024-01-01,CORE5_mean_21day_asset_cumulative_return,1706745600000000,1708560000000000,False,0.1544658418995694,0.02538160451637521,0.02538160451637521,0.022806212218043628,-0.057327421791123864
2024-01-01,CORE5_mean_21day_asset_cumulative_return,1706832000000000,1708646400000000,False,0.13097901330937445,0.030136218589289072,0.030136218589289072,0.022806212218043628,-0.05919048152901708
2024-01-01,CORE5_mean_21day_asset_cumulative_return,1706918400000000,1708732800000000,False,0.11026345297636866,0.03444000994936698,0.03444000994936698,0.022806212218043628,-0.05795176649609287
2024-01-01,CORE5_mean_21day_asset_cumulative_return,1707004800000000,1708819200000000,False,0.14296730238355365,0.03672450925914184,0.03672450925914184,0.022806212218043628,-0.05713851225356788
2024-01-01,CORE5_mean_21day_asset_cumulative_return,1707091200000000,1708905600000000,False,0.16861091619771212,0.037577846952296934,0.037577846952296934,0.022806212218043628,-0.05510052181072913
2024-01-01,CORE5_mean_21day_asset_cumulative_return,1707177600000000,1708992000000000,False,0.2076461167883119,0.03506623485594702,0.03506623485594702,0.022806212218043628,-0.055865395765562875
2024-01-01,CORE5_mean_21day_asset_cumulative_return,1707264000000000,1709078400000000,False,0.2439788138623018,0.036437036687403314,0.036437036687403314,0.022806212218043628,-0.055946598313174875
2024-01-01,CORE5_mean_21day_asset_cumulative_return,1707350400000000,1709164800000000,False,0.3110850408156172,0.04041697493454289,0.04041697493454289,0.022806212218043628,-0.05382954938644766
2024-01-01,CORE5_mean_21day_asset_cumulative_return,1707436800000000,1709251200000000,False,0.3140521005755201,0.041341974647402524,0.041341974647402524,0.022806212218043628,-0.04956692663655009
2024-01-01,CORE5_mean_21day_asset_cumulative_return,1707523200000000,1709337600000000,False,0.3546285503864494,0.04033589740933759,0.04033589740933759,0.022806212218043628,-0.045249202538053604
2024-01-01,CORE5_mean_21day_asset_cumulative_return,1707609600000000,1709424000000000,False,0.36842242063376207,0.04147495453704476,0.04147495453704476,0.022806212218043628,-0.041173687065348984
2024-01-01,CORE5_mean_21day_asset_cumulative_return,1707696000000000,1709510400000000,True,0.3995310039405958,0.048866470611910545,0.048866470611910545,0.022806212218043628,-0.031946312595389055
2024-01-01,21day_average_daily_CORE5_squared_asset_return,1704067200000000,1705881600000000,True,0.0014571377680400411,0.002301599475715076,0.002301599475715076,0.002113421765980476,0.0012763900539199944
2024-01-01,21day_average_daily_CORE5_squared_asset_return,1704153600000000,1705968000000000,False,0.0015099413270746372,0.0022515623225567195,0.0022515623225567195,0.002113421765980476,0.0012827996568956488
2024-01-01,21day_average_daily_CORE5_squared_asset_return,1704240000000000,1706054400000000,False,0.0015191464898224674,0.002342349081291229,0.002342349081291229,0.002113421765980476,0.00130022407257408
2024-01-01,21day_average_daily_CORE5_squared_asset_return,1704326400000000,1706140800000000,False,0.0012897060103348509,0.002050416762826714,0.002050416762826714,0.002113421765980476,0.0013261517386336564
2024-01-01,21day_average_daily_CORE5_squared_asset_return,1704412800000000,1706227200000000,False,0.0012345753855779952,0.002193988739369902,0.002193988739369902,0.002113421765980476,0.0013490213110226167
2024-01-01,21day_average_daily_CORE5_squared_asset_return,1704499200000000,1706313600000000,False,0.0012853900654938813,0.002191219477249521,0.002191219477249521,0.002113421765980476,0.001369165891038974
2024-01-01,21day_average_daily_CORE5_squared_asset_return,1704585600000000,1706400000000000,False,0.0012458068083353248,0.0021450413930470683,0.0021450413930470683,0.002113421765980476,0.001388777802541798
2024-01-01,21day_average_daily_CORE5_squared_asset_return,1704672000000000,1706486400000000,False,0.001214936164949361,0.0020714724246922315,0.0020714724246922315,0.002113421765980476,0.0014078388410070676
2024-01-01,21day_average_daily_CORE5_squared_asset_return,1704758400000000,1706572800000000,False,0.0010852799976223812,0.002253768934315537,0.002253768934315537,0.002113421765980476,0.0014362631761702682
2024-01-01,21day_average_daily_CORE5_squared_asset_return,1704844800000000,1706659200000000,False,0.0010953500871648393,0.0021183255450092794,0.0021183255450092794,0.002113421765980476,0.001456580016506432
2024-01-01,21day_average_daily_CORE5_squared_asset_return,1704931200000000,1706745600000000,False,0.0009575431193404452,0.0022148827495574682,0.0022148827495574682,0.002113421765980476,0.0014669868206470447
2024-01-01,21day_average_daily_CORE5_squared_asset_return,1705017600000000,1706832000000000,False,0.0009521524748749291,0.002240987711390274,0.002240987711390274,0.002113421765980476,0.001466290499153226
2024-01-01,21day_average_daily_CORE5_squared_asset_return,1705104000000000,1706918400000000,False,0.0007805491196111761,0.002198279090685119,0.002198279090685119,0.002113421765980476,0.0014712731889864467
2024-01-01,21day_average_daily_CORE5_squared_asset_return,1705190400000000,1707004800000000,False,0.0007690131931492194,0.0021813119581037804,0.0021813119581037804,0.002113421765980476,0.001471014970914075
2024-01-01,21day_average_daily_CORE5_squared_asset_return,1705276800000000,1707091200000000,False,0.0007576930639108323,0.002109034218629283,0.002109034218629283,0.002113421765980476,0.0014703245186792717
2024-01-01,21day_average_daily_CORE5_squared_asset_return,1705363200000000,1707177600000000,False,0.000751039145535555,0.002051238647904162,0.002051238647904162,0.002113421765980476,0.001463336991673735
2024-01-01,21day_average_daily_CORE5_squared_asset_return,1705449600000000,1707264000000000,False,0.0007405014036840911,0.0020078278343776145,0.0020078278343776145,0.002113421765980476,0.0014505387407526388
2024-01-01,21day_average_daily_CORE5_squared_asset_return,1705536000000000,1707350400000000,False,0.0007509429976073522,0.002057835794694638,0.002057835794694638,0.002113421765980476,0.0014395431001105435
2024-01-01,21day_average_daily_CORE5_squared_asset_return,1705622400000000,1707436800000000,False,0.0006690195480094764,0.0019781398043032623,0.0019781398043032623,0.002113421765980476,0.0014383277862144816
2024-01-01,21day_average_daily_CORE5_squared_asset_return,1705708800000000,1707523200000000,False,0.000712746095315972,0.0020395467675665374,0.0020395467675665374,0.002113421765980476,0.0014365370854426403
2024-01-01,21day_average_daily_CORE5_squared_asset_return,1705795200000000,1707609600000000,False,0.0005845278055343832,0.0020425507595725543,0.0020425507595725543,0.002113421765980476,0.0014417267898368025
2024-01-01,21day_average_daily_CORE5_squared_asset_return,1705881600000000,1707696000000000,True,0.0005759839838670908,0.002023722172775328,0.002023722172775328,0.002113421765980476,0.0014519070985027425
2024-01-01,21day_average_daily_CORE5_squared_asset_return,1705968000000000,1707782400000000,False,0.0004838156481435325,0.0019530336890303463,0.0019530336890303463,0.002113421765980476,0.0014644235101863305
2024-01-01,21day_average_daily_CORE5_squared_asset_return,1706054400000000,1707868800000000,False,0.00046683164310904656,0.0019959501938676726,0.0019959501938676726,0.002113421765980476,0.0014662369713256726
2024-01-01,21day_average_daily_CORE5_squared_asset_return,1706140800000000,1707955200000000,False,0.0005321252238735759,0.002004538047756373,0.002004538047756373,0.002113421765980476,0.001456416340103186
2024-01-01,21day_average_daily_CORE5_squared_asset_return,1706227200000000,1708041600000000,False,0.0005560178682735039,0.0020069848618221044,0.0020069848618221044,0.002113421765980476,0.0014460680026847426
2024-01-01,21day_average_daily_CORE5_squared_asset_return,1706313600000000,1708128000000000,False,0.0004857651477573639,0.0019264654509855538,0.0019264654509855538,0.002113421765980476,0.0014371429631141858
2024-01-01,21day_average_daily_CORE5_squared_asset_return,1706400000000000,1708214400000000,False,0.0004967085087409449,0.0020098346156134706,0.0020098346156134706,0.002113421765980476,0.0014263412939199633
2024-01-01,21day_average_daily_CORE5_squared_asset_return,1706486400000000,1708300800000000,False,0.0005160414066333686,0.0021036382205850174,0.0021036382205850174,0.002113421765980476,0.0014060876256296413
2024-01-01,21day_average_daily_CORE5_squared_asset_return,1706572800000000,1708387200000000,False,0.00048305150703920844,0.002013421005940841,0.002013421005940841,0.002113421765980476,0.0013792386370448473
2024-01-01,21day_average_daily_CORE5_squared_asset_return,1706659200000000,1708473600000000,False,0.00048508852267583507,0.002059284924892925,0.002059284924892925,0.002113421765980476,0.0013530205640551825
2024-01-01,21day_average_daily_CORE5_squared_asset_return,1706745600000000,1708560000000000,False,0.00047647359564531637,0.0020296587381946423,0.0020296587381946423,0.002113421765980476,0.001329973122335556
2024-01-01,21day_average_daily_CORE5_squared_asset_return,1706832000000000,1708646400000000,False,0.00048560873555462166,0.002027512027799702,0.002027512027799702,0.002113421765980476,0.001299214549913837
2024-01-01,21day_average_daily_CORE5_squared_asset_return,1706918400000000,1708732800000000,False,0.00048550045024206426,0.0020936178349881362,0.0020936178349881362,0.002113421765980476,0.0012639575941617446
2024-01-01,21day_average_daily_CORE5_squared_asset_return,1707004800000000,1708819200000000,False,0.000507467091660684,0.001999989657473042,0.001999989657473042,0.002113421765980476,0.0012281587718638803
2024-01-01,21day_average_daily_CORE5_squared_asset_return,1707091200000000,1708905600000000,False,0.0005074347777312927,0.002037410092924695,0.002037410092924695,0.002113421765980476,0.001196007952076426
2024-01-01,21day_average_daily_CORE5_squared_asset_return,1707177600000000,1708992000000000,False,0.0005892780537997184,0.002055906097625837,0.002055906097625837,0.002113421765980476,0.0011663077169581724
2024-01-01,21day_average_daily_CORE5_squared_asset_return,1707264000000000,1709078400000000,False,0.0007280073929912598,0.002029613831309123,0.002029613831309123,0.002113421765980476,0.001138617516897771
2024-01-01,21day_average_daily_CORE5_squared_asset_return,1707350400000000,1709164800000000,False,0.001228331776902469,0.0021401704536211648,0.0021401704536211648,0.002113421765980476,0.0011086187887556212
2024-01-01,21day_average_daily_CORE5_squared_asset_return,1707436800000000,1709251200000000,False,0.001259406152100338,0.002165422194435015,0.002165422194435015,0.002113421765980476,0.0010756103385231289
2024-01-01,21day_average_daily_CORE5_squared_asset_return,1707523200000000,1709337600000000,False,0.0015740082741594872,0.0021274622518632595,0.0021274622518632595,0.002113421765980476,0.0010389235132727413
2024-01-01,21day_average_daily_CORE5_squared_asset_return,1707609600000000,1709424000000000,False,0.001621217811458206,0.0020768510461622197,0.0020768510461622197,0.002113421765980476,0.0009952930151474586
2024-01-01,21day_average_daily_CORE5_squared_asset_return,1707696000000000,1709510400000000,True,0.0016937047487822414,0.0021617673336128285,0.0021617673336128285,0.002113421765980476,0.0009485951479870811
2024-04-01,CORE5_mean_21day_asset_cumulative_return,1711929600000000,1713744000000000,True,-0.18874322494643658,0.016605387222425747,0.016605387222425747,0.03822896615606183,0.2520904261908365
2024-04-01,CORE5_mean_21day_asset_cumulative_return,1712016000000000,1713830400000000,False,-0.1239253038922149,0.01425946528158285,0.01425946528158285,0.03822896615606183,0.23037635197301776
2024-04-01,CORE5_mean_21day_asset_cumulative_return,1712102400000000,1713916800000000,False,-0.07003686052443639,0.003273176290717328,0.003273176290717328,0.03822896615606183,0.2034058589220765
2024-04-01,CORE5_mean_21day_asset_cumulative_return,1712188800000000,1714003200000000,False,-0.1001869362736669,0.002851903802591191,0.002851903802591191,0.03822896615606183,0.17286161173282924
2024-04-01,CORE5_mean_21day_asset_cumulative_return,1712275200000000,1714089600000000,False,-0.12009821601080865,0.005159973818954652,0.005159973818954652,0.03822896615606183,0.14427762656715692
2024-04-01,CORE5_mean_21day_asset_cumulative_return,1712361600000000,1714176000000000,False,-0.11797646881727145,0.01055663738595827,0.01055663738595827,0.03822896615606183,0.12290316679490201
2024-04-01,CORE5_mean_21day_asset_cumulative_return,1712448000000000,1714262400000000,False,-0.1303827927115047,0.00964238059801448,0.00964238059801448,0.03822896615606183,0.10187253937982006
2024-04-01,CORE5_mean_21day_asset_cumulative_return,1712534400000000,1714348800000000,False,-0.15696210592311577,0.016836548626249517,0.016836548626249517,0.03822896615606183,0.08374888437058445
2024-04-01,CORE5_mean_21day_asset_cumulative_return,1712620800000000,1714435200000000,False,-0.18691145443542242,0.021266566937859235,0.021266566937859235,0.03822896615606183,0.07827401606019328
2024-04-01,CORE5_mean_21day_asset_cumulative_return,1712707200000000,1714521600000000,False,-0.2024052723493778,0.010442217502411297,0.010442217502411297,0.03822896615606183,0.0748175882273092
2024-04-01,CORE5_mean_21day_asset_cumulative_return,1712793600000000,1714608000000000,False,-0.214673483586292,0.019347200390276924,0.019347200390276924,0.03822896615606183,0.06799012398615364
2024-04-01,CORE5_mean_21day_asset_cumulative_return,1712880000000000,1714694400000000,False,-0.1955612856133941,0.02043953221143514,0.02043953221143514,0.03822896615606183,0.06566802455754608
2024-04-01,CORE5_mean_21day_asset_cumulative_return,1712966400000000,1714780800000000,False,-0.07174312647734642,0.010559246639096763,0.010559246639096763,0.03822896615606183,0.060656497686765544
2024-04-01,CORE5_mean_21day_asset_cumulative_return,1713052800000000,1714867200000000,False,0.0492311461306391,-0.00019351536316308815,-0.00019351536316308815,0.03822896615606183,0.04859357849549291
2024-04-01,CORE5_mean_21day_asset_cumulative_return,1713139200000000,1714953600000000,False,-0.004267067018376225,-0.0023295061302471554,-0.0023295061302471554,0.03822896615606183,0.038975306323362144
2024-04-01,CORE5_mean_21day_asset_cumulative_return,1713225600000000,1715040000000000,False,0.028621072742691878,-0.003107551845010652,-0.003107551845010652,0.03822896615606183,0.022035178486906264
2024-04-01,CORE5_mean_21day_asset_cumulative_return,1713312000000000,1715126400000000,False,0.011397661925299406,-0.0008813849554655598,-0.0008813849554655598,0.03822896615606183,0.007272301558885014
2024-04-01,CORE5_mean_21day_asset_cumulative_return,1713398400000000,1715212800000000,False,0.017702521817275763,-0.001058836305979853,-0.001058836305979853,0.03822896615606183,-0.009419721975493092
2024-04-01,CORE5_mean_21day_asset_cumulative_return,1713484800000000,1715299200000000,False,0.018991457868322303,0.001643775105020874,0.001643775105020874,0.03822896615606183,-0.025122513458803442
2024-04-01,CORE5_mean_21day_asset_cumulative_return,1713571200000000,1715385600000000,False,-0.030317655766275743,0.010889536010568437,0.010889536010568437,0.03822896615606183,-0.03836248007563161
2024-04-01,CORE5_mean_21day_asset_cumulative_return,1713657600000000,1715472000000000,False,-0.06832167742683351,0.008626859942219612,0.008626859942219612,0.03822896615606183,-0.05268742526523708
2024-04-01,CORE5_mean_21day_asset_cumulative_return,1713744000000000,1715558400000000,True,-0.06296990286154872,0.009002766217065944,0.009002766217065944,0.03822896615606183,-0.06299456034070769
2024-04-01,CORE5_mean_21day_asset_cumulative_return,1713830400000000,1715644800000000,False,-0.0730138907207271,0.009744520800041595,0.009744520800041595,0.03822896615606183,-0.06796091409474485
2024-04-01,CORE5_mean_21day_asset_cumulative_return,1713916800000000,1715731200000000,False,-0.08622599886400886,0.02335377642791621,0.02335377642791621,0.03822896615606183,-0.0687355515604419
2024-04-01,CORE5_mean_21day_asset_cumulative_return,1714003200000000,1715817600000000,False,0.015641648733474643,0.023894292464376434,0.023894292464376434,0.03822896615606183,-0.07132425358544117
2024-04-01,CORE5_mean_21day_asset_cumulative_return,1714089600000000,1715904000000000,False,0.0031806138110936468,0.0268287099846055,0.0268287099846055,0.03822896615606183,-0.07550095568861068
2024-04-01,CORE5_mean_21day_asset_cumulative_return,1714176000000000,1715990400000000,False,0.0601763224259537,0.027309399556713396,0.027309399556713396,0.03822896615606183,-0.08412625190769521
2024-04-01,CORE5_mean_21day_asset_cumulative_return,1714262400000000,1716076800000000,False,0.055228828590860445,0.029428554656518835,0.029428554656518835,0.03822896615606183,-0.09163620114179119
2024-04-01,CORE5_mean_21day_asset_cumulative_return,1714348800000000,1716163200000000,False,0.04746382492497703,0.030420540548234978,0.030420540548234978,0.03822896615606183,-0.10343757443320822
2024-04-01,CORE5_mean_21day_asset_cumulative_return,1714435200000000,1716249600000000,False,0.16318366917437704,0.03151321082734822,0.03151321082734822,0.03822896615606183,-0.12039314901312519
2024-04-01,CORE5_mean_21day_asset_cumulative_return,1714521600000000,1716336000000000,False,0.23471537360103878,0.03127593288969376,0.03127593288969376,0.03822896615606183,-0.13328487453128657
2024-04-01,CORE5_mean_21day_asset_cumulative_return,1714608000000000,1716422400000000,False,0.2119118166097826,0.028989415584760436,0.028989415584760436,0.03822896615606183,-0.14631051552027033
2024-04-01,CORE5_mean_21day_asset_cumulative_return,1714694400000000,1716508800000000,False,0.18672505717133775,0.039331859382985786,0.039331859382985786,0.03822896615606183,-0.15535616468421867
2024-04-01,CORE5_mean_21day_asset_cumulative_return,1714780800000000,1716595200000000,False,0.11878099204200895,0.038873661359566034,0.038873661359566034,0.03822896615606183,-0.1531406475575518
2024-04-01,CORE5_mean_21day_asset_cumulative_return,1714867200000000,1716681600000000,False,0.1106143458467003,0.032047529316916096,0.032047529316916096,0.03822896615606183,-0.14488354059065617
2024-04-01,CORE5_mean_21day_asset_cumulative_return,1714953600000000,1716768000000000,False,0.08922106433099382,0.038942979637201176,0.038942979637201176,0.03822896615606183,-0.1370600820172781
2024-04-01,CORE5_mean_21day_asset_cumulative_return,1715040000000000,1716854400000000,False,0.11168834162102641,0.035247541161367336,0.035247541161367336,0.03822896615606183,-0.12685624400458262
2024-04-01,CORE5_mean_21day_asset_cumulative_return,1715126400000000,1716940800000000,False,0.12596590391349602,0.04310056303241706,0.04310056303241706,0.03822896615606183,-0.11648769990804705
2024-04-01,CORE5_mean_21day_asset_cumulative_return,1715212800000000,1717027200000000,False,0.14388405856048517,0.036541994912967606,0.036541994912967606,0.03822896615606183,-0.10557159083956842
2024-04-01,CORE5_mean_21day_asset_cumulative_return,1715299200000000,1717113600000000,False,0.09235276988731925,0.03594615495622041,0.03594615495622041,0.03822896615606183,-0.09515498671890955
2024-04-01,CORE5_mean_21day_asset_cumulative_return,1715385600000000,1717200000000000,False,0.13594647656579992,0.03066802282892405,0.03066802282892405,0.03822896615606183,-0.08941236969308558
2024-04-01,CORE5_mean_21day_asset_cumulative_return,1715472000000000,1717286400000000,False,0.14363699769356653,0.03440134118408636,0.03440134118408636,0.03822896615606183,-0.08339129231710543
2024-04-01,CORE5_mean_21day_asset_cumulative_return,1715558400000000,1717372800000000,True,0.1356109762187611,0.03803472428665774,0.03803472428665774,0.03822896615606183,-0.08034352226557212
2024-04-01,21day_average_daily_CORE5_squared_asset_return,1711929600000000,1713744000000000,True,0.002092728920114082,0.0021489774097566,0.0021489774097566,0.002058798055998847,0.0036286863050320932
2024-04-01,21day_average_daily_CORE5_squared_asset_return,1712016000000000,1713830400000000,False,0.0020725285586846317,0.0020841260465714593,0.0020841260465714593,0.002058798055998847,0.0036308191451336924
2024-04-01,21day_average_daily_CORE5_squared_asset_return,1712102400000000,1713916800000000,False,0.0018448155233386247,0.001830001318254893,0.001830001318254893,0.002058798055998847,0.003637647060010303
2024-04-01,21day_average_daily_CORE5_squared_asset_return,1712188800000000,1714003200000000,False,0.0018926040220918268,0.0017489380602542207,0.0017489380602542207,0.002058798055998847,0.0036374253815792215
2024-04-01,21day_average_daily_CORE5_squared_asset_return,1712275200000000,1714089600000000,False,0.001865001753094101,0.0017706912765819043,0.0017706912765819043,0.002058798055998847,0.0036281532813861985
2024-04-01,21day_average_daily_CORE5_squared_asset_return,1712361600000000,1714176000000000,False,0.0018549381567720656,0.0017880954739887562,0.0017880954739887562,0.002058798055998847,0.0036036152551521803
2024-04-01,21day_average_daily_CORE5_squared_asset_return,1712448000000000,1714262400000000,False,0.0018422888414954593,0.0018355393210339806,0.0018355393210339806,0.002058798055998847,0.0035581683777107694
2024-04-01,21day_average_daily_CORE5_squared_asset_return,1712534400000000,1714348800000000,False,0.0017929990297133357,0.002055408936052639,0.002055408936052639,0.002058798055998847,0.003504739302492754
2024-04-01,21day_average_daily_CORE5_squared_asset_return,1712620800000000,1714435200000000,False,0.0017297054196622921,0.002197276127554379,0.002197276127554379,0.002058798055998847,0.003432136856009358
2024-04-01,21day_average_daily_CORE5_squared_asset_return,1712707200000000,1714521600000000,False,0.0018081870826130515,0.0020749603607367567,0.0020749603607367567,0.002058798055998847,0.0033302754846869587
2024-04-01,21day_average_daily_CORE5_squared_asset_return,1712793600000000,1714608000000000,False,0.0018409110446501202,0.0021408611022636055,0.0021408611022636055,0.002058798055998847,0.003193218408011947
2024-04-01,21day_average_daily_CORE5_squared_asset_return,1712880000000000,1714694400000000,False,0.0018362301288251121,0.0020520872578138963,0.0020520872578138963,0.002058798055998847,0.003068342818693782
2024-04-01,21day_average_daily_CORE5_squared_asset_return,1712966400000000,1714780800000000,False,0.0016342258383481407,0.0018125973329987848,0.0018125973329987848,0.002058798055998847,0.0029611606750001183
2024-04-01,21day_average_daily_CORE5_squared_asset_return,1713052800000000,1714867200000000,False,0.0012758834998095236,0.0016989362234875092,0.0016989362234875092,0.002058798055998847,0.002870490980967847
2024-04-01,21day_average_daily_CORE5_squared_asset_return,1713139200000000,1714953600000000,False,0.0011059310947125524,0.0017837642578894387,0.0017837642578894387,0.002058798055998847,0.002799401266363633
2024-04-01,21day_average_daily_CORE5_squared_asset_return,1713225600000000,1715040000000000,False,0.001064058015831482,0.001721353740052855,0.001721353740052855,0.002058798055998847,0.002749547055754401
2024-04-01,21day_average_daily_CORE5_squared_asset_return,1713312000000000,1715126400000000,False,0.0010893076927300286,0.0017075446387466184,0.0017075446387466184,0.002058798055998847,0.00270289937146638
2024-04-01,21day_average_daily_CORE5_squared_asset_return,1713398400000000,1715212800000000,False,0.0010676465553665787,0.0017471291470537705,0.0017471291470537705,0.002058798055998847,0.0026505270249671366
2024-04-01,21day_average_daily_CORE5_squared_asset_return,1713484800000000,1715299200000000,False,0.0010819581438816929,0.0019196628824467506,0.0019196628824467506,0.002058798055998847,0.0025908453413341337
2024-04-01,21day_average_daily_CORE5_squared_asset_return,1713571200000000,1715385600000000,False,0.0011611887248540711,0.0018055374713997516,0.0018055374713997516,0.002058798055998847,0.002532201531372202
2024-04-01,21day_average_daily_CORE5_squared_asset_return,1713657600000000,1715472000000000,False,0.0010733583008797156,0.0019537182977899387,0.0019537182977899387,0.002058798055998847,0.002469974940972956
2024-04-01,21day_average_daily_CORE5_squared_asset_return,1713744000000000,1715558400000000,True,0.0010699412132392293,0.0019572872710660765,0.0019572872710660765,0.002058798055998847,0.002418422740375401
2024-04-01,21day_average_daily_CORE5_squared_asset_return,1713830400000000,1715644800000000,False,0.0010347670351055992,0.0020027423397277868,0.0020027423397277868,0.002058798055998847,0.0023584601946422382
2024-04-01,21day_average_daily_CORE5_squared_asset_return,1713916800000000,1715731200000000,False,0.001055709783591977,0.0019295786859930709,0.0019295786859930709,0.002058798055998847,0.0022896588491662416
2024-04-01,21day_average_daily_CORE5_squared_asset_return,1714003200000000,1715817600000000,False,0.0012489628864849136,0.0018445645406554062,0.0018445645406554062,0.002058798055998847,0.0022268066566328406
2024-04-01,21day_average_daily_CORE5_squared_asset_return,1714089600000000,1715904000000000,False,0.0012678808017419292,0.0017693886086494253,0.0017693886086494253,0.002058798055998847,0.002166960729312688
2024-04-01,21day_average_daily_CORE5_squared_asset_return,1714176000000000,1715990400000000,False,0.0013327093068436341,0.0017653325121582916,0.0017653325121582916,0.002058798055998847,0.002117483388764088
2024-04-01,21day_average_daily_CORE5_squared_asset_return,1714262400000000,1716076800000000,False,0.001319743802971241,0.001723279117693057,0.001723279117693057,0.002058798055998847,0.0020753372830133138
2024-04-01,21day_average_daily_CORE5_squared_asset_return,1714348800000000,1716163200000000,False,0.0013283028170352836,0.0016959681340132347,0.0016959681340132347,0.002058798055998847,0.002031271638308835
2024-04-01,21day_average_daily_CORE5_squared_asset_return,1714435200000000,1716249600000000,False,0.0019800294047910916,0.0017476991458163034,0.0017476991458163034,0.002058798055998847,0.0020052605343262265
2024-04-01,21day_average_daily_CORE5_squared_asset_return,1714521600000000,1716336000000000,False,0.001845196966125133,0.0016792468932513465,0.0016792468932513465,0.002058798055998847,0.002016336165655886
2024-04-01,21day_average_daily_CORE5_squared_asset_return,1714608000000000,1716422400000000,False,0.0017887380037551887,0.0017013747109629106,0.0017013747109629106,0.002058798055998847,0.002032338217663392
2024-04-01,21day_average_daily_CORE5_squared_asset_return,1714694400000000,1716508800000000,False,0.0018004001251647641,0.0018053565827666634,0.0018053565827666634,0.002058798055998847,0.002031273298012756
2024-04-01,21day_average_daily_CORE5_squared_asset_return,1714780800000000,1716595200000000,False,0.0016458821606515639,0.002014856524153182,0.002014856524153182,0.002058798055998847,0.001999272789331082
2024-04-01,21day_average_daily_CORE5_squared_asset_return,1714867200000000,1716681600000000,False,0.001591520470695296,0.0020647435389239415,0.0020647435389239415,0.002058798055998847,0.0019489399175494494
2024-04-01,21day_average_daily_CORE5_squared_asset_return,1714953600000000,1716768000000000,False,0.0016291357336110754,0.002204616774163346,0.002204616774163346,0.002058798055998847,0.0018879188680449269
2024-04-01,21day_average_daily_CORE5_squared_asset_return,1715040000000000,1716854400000000,False,0.001613504795471207,0.0021744242224063957,0.0021744242224063957,0.002058798055998847,0.001825029019102425
2024-04-01,21day_average_daily_CORE5_squared_asset_return,1715126400000000,1716940800000000,False,0.0015857474730468118,0.002184422781214908,0.002184422781214908,0.002058798055998847,0.0017622294948217057
2024-04-01,21day_average_daily_CORE5_squared_asset_return,1715212800000000,1717027200000000,False,0.001550986736545346,0.001966947964282662,0.001966947964282662,0.002058798055998847,0.001706054206527826
2024-04-01,21day_average_daily_CORE5_squared_asset_return,1715299200000000,1717113600000000,False,0.0014589424712600858,0.0020112078976684006,0.0020112078976684006,0.002058798055998847,0.0016510010147165622
2024-04-01,21day_average_daily_CORE5_squared_asset_return,1715385600000000,1717200000000000,False,0.001374411926770938,0.0019493830915460766,0.0019493830915460766,0.002058798055998847,0.0015976569023294384
2024-04-01,21day_average_daily_CORE5_squared_asset_return,1715472000000000,1717286400000000,False,0.0013761924677426567,0.001938853198393567,0.001938853198393567,0.002058798055998847,0.00154668837136772
2024-04-01,21day_average_daily_CORE5_squared_asset_return,1715558400000000,1717372800000000,True,0.0013783998251938733,0.0019543427800275685,0.0019543427800275685,0.002058798055998847,0.0014965590040954498
