fold,target,decision_us,label_available_us,observed,ridge,raw_ridge,training_mean,trailing20
2023-07-03,equal_weight_CORE5_next_daily_return,1688342400000000,1688428800000000,0.006277517632047114,-0.00022754933816708164,-0.00022754933816708164,-0.0007215600408166493,0.0058373795889481925
2023-07-03,equal_weight_CORE5_next_daily_return,1688428800000000,1688515200000000,-0.005173454399744126,8.43031058556659e-05,8.43031058556659e-05,-0.0007215600408166493,0.006320010528814495
2023-07-03,equal_weight_CORE5_next_daily_return,1688515200000000,1688601600000000,-0.015555884968500489,-0.0003041885190663026,-0.0003041885190663026,-0.0007215600408166493,0.008227374697498107
2023-07-03,equal_weight_CORE5_next_daily_return,1688601600000000,1688688000000000,-0.017350181409914133,-0.00014574748436964975,-0.00014574748436964975,-0.0007215600408166493,0.006770642053257436
2023-07-03,equal_weight_CORE5_next_daily_return,1688688000000000,1688774400000000,0.02959271990183292,-0.00023378649553695656,-0.00023378649553695656,-0.0007215600408166493,0.004924310292811694
2023-07-03,equal_weight_CORE5_next_daily_return,1688774400000000,1688860800000000,0.0038790188995721175,-0.0004156153521078827,-0.0004156153521078827,-0.0007215600408166493,0.005988705611486986
2023-07-03,equal_weight_CORE5_next_daily_return,1688860800000000,1688947200000000,-0.007797523024891584,-0.00015098304037775522,-0.00015098304037775522,-0.0007215600408166493,0.0062797610966071156
2023-07-03,equal_weight_CORE5_next_daily_return,1688947200000000,1689033600000000,0.0071267664115895355,8.673667210580332e-05,8.673667210580332e-05,-0.0007215600408166493,0.004973683640020259
2023-07-03,equal_weight_CORE5_next_daily_return,1689033600000000,1689120000000000,0.007424924390400744,6.561624772641198e-05,6.561624772641198e-05,-0.0007215600408166493,0.00404296481377198
2023-07-03,equal_weight_CORE5_next_daily_return,1689120000000000,1689206400000000,-0.0059669878653647365,-4.771809344289381e-06,-4.771809344289381e-06,-0.0007215600408166493,0.0023808352078742356
2023-07-03,equal_weight_CORE5_next_daily_return,1689206400000000,1689292800000000,0.22189749329151245,9.874675112692979e-05,9.874675112692979e-05,-0.0007215600408166493,0.002687604826871631
2023-07-03,equal_weight_CORE5_next_daily_return,1689292800000000,1689379200000000,-0.03863182414029631,-0.0031035240698767614,-0.0031035240698767614,-0.0007215600408166493,0.012640516806918767
2023-07-03,equal_weight_CORE5_next_daily_return,1689379200000000,1689465600000000,0.014391157078668514,-0.0030529249420469832,-0.0030529249420469832,-0.0007215600408166493,0.011565940036785108
2023-07-03,equal_weight_CORE5_next_daily_return,1689465600000000,1689552000000000,0.00034708977325186295,-0.0030937095960704942,-0.0030937095960704942,-0.0007215600408166493,0.011909999721520473
2023-07-03,equal_weight_CORE5_next_daily_return,1689552000000000,1689638400000000,-0.007756201999645662,-0.0031070010850451253,-0.0031070010850451253,-0.0007215600408166493,0.013136223967005912
2023-07-03,equal_weight_CORE5_next_daily_return,1689638400000000,1689724800000000,-0.004983863164989488,-0.002964776288246077,-0.002964776288246077,-0.0007215600408166493,0.011989506977901247
2023-07-03,equal_weight_CORE5_next_daily_return,1689724800000000,1689811200000000,0.020045740813671054,-0.0031108370854910326,-0.0031108370854910326,-0.0007215600408166493,0.013517754358925558
2023-07-03,equal_weight_CORE5_next_daily_return,1689811200000000,1689897600000000,-0.01205177045178718,-0.002984535122582211,-0.002984535122582211,-0.0007215600408166493,0.01264892870778159
2023-07-03,equal_weight_CORE5_next_daily_return,1689897600000000,1689984000000000,0.0033205787135200506,-0.002786557031794372,-0.002786557031794372,-0.0007215600408166493,0.01066173940496906
2023-07-03,equal_weight_CORE5_next_daily_return,1689984000000000,1690070400000000,-0.028512712784521787,-0.0028364032755735366,-0.0028364032755735366,-0.0007215600408166493,0.010615274101850689
2023-07-03,equal_weight_CORE5_next_daily_return,1690070400000000,1690156800000000,0.01146861628620588,-0.0027894487264222686,-0.0027894487264222686,-0.0007215600408166493,0.008526130134820543
2023-07-03,equal_weight_CORE5_next_daily_return,1690156800000000,1690243200000000,-0.024535873811743002,-0.00037861978180566644,-0.00037861978180566644,-0.0007215600408166493,0.00878568506752848
2023-07-03,equal_weight_CORE5_next_daily_return,1690243200000000,1690329600000000,0.023005441464522814,-0.00015104792769092188,-0.00015104792769092188,-0.0007215600408166493,0.007817564096928537
2023-07-03,equal_weight_CORE5_next_daily_return,1690329600000000,1690416000000000,0.011087950376864275,-0.00042425598066611283,-0.00042425598066611283,-0.0007215600408166493,0.009745630418579704
2023-07-03,equal_weight_CORE5_next_daily_return,1690416000000000,1690502400000000,-0.004045080062219241,-0.000766838715239925,-0.000766838715239925,-0.0007215600408166493,0.011167537007918624
2023-07-03,equal_weight_CORE5_next_daily_return,1690502400000000,1690588800000000,-0.0019165866132922372,-0.00060490213844103,-0.00060490213844103,-0.0007215600408166493,0.009485647009716016
2023-07-03,equal_weight_CORE5_next_daily_return,1690588800000000,1690675200000000,0.011914811562536843,-0.0005202762966839394,-0.0005202762966839394,-0.0007215600408166493,0.009195866734072798
2023-07-03,equal_weight_CORE5_next_daily_return,1690675200000000,1690761600000000,-0.017474794073884505,-0.0005135084944709622,-0.0005135084944709622,-0.0007215600408166493,0.01018148346344422
2023-07-03,equal_weight_CORE5_next_daily_return,1690761600000000,1690848000000000,-0.007717664043408101,-0.00037299217833638727,-0.00037299217833638727,-0.0007215600408166493,0.008951405439170518
2023-07-03,equal_weight_CORE5_next_daily_return,1690848000000000,1690934400000000,0.011430556590526431,-0.0002710583008593583,-0.0002710583008593583,-0.0007215600408166493,0.008194276017480077
2023-07-03,equal_weight_CORE5_next_daily_return,1690934400000000,1691020800000000,-0.031063469037942215,-0.00031955197327097684,-0.00031955197327097684,-0.0007215600408166493,0.009064153240274635
2023-07-03,equal_weight_CORE5_next_daily_return,1691020800000000,1691107200000000,-0.012834646408042638,-0.0004308389080977384,-0.0004308389080977384,-0.0007215600408166493,-0.003583894876198101
2023-07-03,equal_weight_CORE5_next_daily_return,1691107200000000,1691193600000000,-0.008345385674495432,-0.00043528101783738905,-0.00043528101783738905,-0.0007215600408166493,-0.002294035989585417
2023-07-03,equal_weight_CORE5_next_daily_return,1691193600000000,1691280000000000,0.0030864687597855767,-0.0002025359639307062,-0.0002025359639307062,-0.0007215600408166493,-0.0034308631272436142
2023-07-03,equal_weight_CORE5_next_daily_return,1691280000000000,1691366400000000,-0.00103143616902035,-6.040515585388744e-06,-6.040515585388744e-06,-0.0007215600408166493,-0.0032938941779169285
2023-07-03,equal_weight_CORE5_next_daily_return,1691366400000000,1691452800000000,-0.0020881432545538205,-7.415868672909769e-05,-7.415868672909769e-05,-0.0007215600408166493,-0.002957655886385663
2023-07-03,equal_weight_CORE5_next_daily_return,1691452800000000,1691539200000000,0.026013726474949993,-7.554731734417852e-05,-7.554731734417852e-05,-0.0007215600408166493,-0.0028128698908638796
2023-07-03,equal_weight_CORE5_next_daily_return,1691539200000000,1691625600000000,0.0017819287329277733,-0.00021468041191249627,-0.00021468041191249627,-0.0007215600408166493,-0.002514470607799932
2023-07-03,equal_weight_CORE5_next_daily_return,1691625600000000,1691712000000000,-0.001244112670634756,-0.0002988632082132153,-0.0002988632082132153,-0.0007215600408166493,-0.0018227856485641847
2023-07-03,equal_weight_CORE5_next_daily_return,1691712000000000,1691798400000000,-0.0014343807694725986,-0.0002960876693201258,-0.0002960876693201258,-0.0007215600408166493,-0.0020510202177719252
2023-07-03,equal_weight_CORE5_next_daily_return,1691798400000000,1691884800000000,0.0038252372343236416,-0.0004407983529108657,-0.0004407983529108657,-0.0007215600408166493,-0.0006971036170194659
2023-07-03,equal_weight_CORE5_next_daily_return,1691884800000000,1691971200000000,-0.013116444436402341,0.0003308476353504847,0.0003308476353504847,-0.0007215600408166493,-0.0010792725696135777
2023-07-03,equal_weight_CORE5_next_daily_return,1691971200000000,1692057600000000,0.01189080038828889,0.00022833197239194693,0.00022833197239194693,-0.0007215600408166493,-0.0005083011008465445
2023-07-03,equal_weight_CORE5_next_daily_return,1692057600000000,1692144000000000,-0.031355327282402465,0.000404121873236758,0.000404121873236758,-0.0007215600408166493,-0.0010640331546582405
2023-07-03,equal_weight_CORE5_next_daily_return,1692144000000000,1692230400000000,-0.03197928321111061,0.0005631980395703422,0.0005631980395703422,-0.0007215600408166493,-0.0031861970376215777
2023-07-03,equal_weight_CORE5_next_daily_return,1692230400000000,1692316800000000,-0.08528221802046668,0.0005840835513576301,0.0005840835513576301,-0.0007215600408166493,-0.004582907195066146
2023-07-03,equal_weight_CORE5_next_daily_return,1692316800000000,1692403200000000,-0.0023543638255939525,0.00044758610501814547,0.00044758610501814547,-0.0007215600408166493,-0.00875118876542487
2023-07-03,equal_weight_CORE5_next_daily_return,1692403200000000,1692489600000000,0.013685448364910747,0.000517592483362741,0.000517592483362741,-0.0007215600408166493,-0.009464647534831408
2023-07-03,equal_weight_CORE5_next_daily_return,1692489600000000,1692576000000000,0.008672434889309244,0.0003942958463391197,0.0003942958463391197,-0.0007215600408166493,-0.007906635412891645
2023-07-03,equal_weight_CORE5_next_daily_return,1692576000000000,1692662400000000,-0.017248954086887713,0.0002968454303409044,0.0002968454303409044,-0.0007215600408166493,-0.007087130466255778
2023-07-03,equal_weight_CORE5_next_daily_return,1692662400000000,1692748800000000,-0.011259411195468517,0.0003797455043160554,0.0003797455043160554,-0.0007215600408166493,-0.008521106000126486
2023-07-03,equal_weight_CORE5_next_daily_return,1692748800000000,1692835200000000,0.026737780084925243,0.0002926859248370557,0.0002926859248370557,-0.0007215600408166493,-0.0075309031080028
2023-07-03,equal_weight_CORE5_next_daily_return,1692835200000000,1692921600000000,-0.01688510668632548,7.272187902913885e-05,7.272187902913885e-05,-0.0007215600408166493,-0.005552281783354407
2023-07-03,equal_weight_CORE5_next_daily_return,1692921600000000,1693008000000000,-0.004794876172408369,9.534076473302839e-05,9.534076473302839e-05,-0.0007215600408166493,-0.005979267833945909
2023-07-03,equal_weight_CORE5_next_daily_return,1693008000000000,1693094400000000,-0.004375010021628101,0.0002386697251709662,0.0002386697251709662,-0.0007215600408166493,-0.006373335080555606
2023-07-03,equal_weight_CORE5_next_daily_return,1693094400000000,1693180800000000,0.00813170571897368,0.00024815347519646647,0.00024815347519646647,-0.0007215600408166493,-0.006540513773185994
2023-07-03,equal_weight_CORE5_next_daily_return,1693180800000000,1693267200000000,-0.0019549747450691157,0.0009220754849583509,0.0009220754849583509,-0.0007215600408166493,-0.006029521324509619
2023-07-03,equal_weight_CORE5_next_daily_return,1693267200000000,1693353600000000,0.0490095230212515,0.001093386648742025,0.001093386648742025,-0.0007215600408166493,-0.0074279563855105726
2023-07-03,equal_weight_CORE5_next_daily_return,1693353600000000,1693440000000000,-0.02051117760978958,0.0006104496742809849,0.0006104496742809849,-0.0007215600408166493,-0.005066576671094386
2023-07-03,equal_weight_CORE5_next_daily_return,1693440000000000,1693526400000000,-0.04021344720681832,0.000655403326531944,0.000655403326531944,-0.0007215600408166493,-0.006029929918052128
2023-07-03,equal_weight_CORE5_next_daily_return,1693526400000000,1693612800000000,-0.012085326903417326,0.0007429787624516437,0.0007429787624516437,-0.0007215600408166493,-0.007968883239919414
2023-07-03,equal_weight_CORE5_next_daily_return,1693612800000000,1693699200000000,0.002344296587820316,0.0008712062328739226,0.0008712062328739226,-0.0007215600408166493,-0.008764411446806463
2023-07-03,equal_weight_CORE5_next_daily_return,1693699200000000,1693785600000000,0.0028015838643215885,0.0009233322771340891,0.0009233322771340891,-0.0007215600408166493,-0.007991374395595328
2023-07-03,CORE5_mean_squared_next_daily_asset_return,1688342400000000,1688428800000000,0.00012344236706782481,0.0022043455637332223,0.0022043455637332223,0.0022437908053576836,0.0008028574828876532
2023-07-03,CORE5_mean_squared_next_daily_asset_return,1688428800000000,1688515200000000,7.053408411916568e-05,0.002279167276273997,0.002279167276273997,0.0022437908053576836,0.0008064432418928684
2023-07-03,CORE5_mean_squared_next_daily_asset_return,1688515200000000,1688601600000000,0.00029928976688810695,0.0023710700471943845,0.0023710700471943845,0.0022437908053576836,0.0006987484159337928
2023-07-03,CORE5_mean_squared_next_daily_asset_return,1688601600000000,1688688000000000,0.0009395342267810185,0.002572775645912675,0.002572775645912675,0.0022437908053576836,0.0007014897890113657
2023-07-03,CORE5_mean_squared_next_daily_asset_return,1688688000000000,1688774400000000,0.0020025367405027247,0.0023445473942098447,0.0023445473942098447,0.0022437908053576836,0.0007148430592479611
2023-07-03,CORE5_mean_squared_next_daily_asset_return,1688774400000000,1688860800000000,5.642290443815467e-05,0.0022451348739998896,0.0022451348739998896,0.0022437908053576836,0.0008090032234150321
2023-07-03,CORE5_mean_squared_next_daily_asset_return,1688860800000000,1688947200000000,0.00011784330150532798,0.0023153629334619267,0.0023153629334619267,0.0022437908053576836,0.0008070343573162797
2023-07-03,CORE5_mean_squared_next_daily_asset_return,1688947200000000,1689033600000000,0.00012010799152094576,0.00222998126097084,0.00222998126097084,0.0022437908053576836,0.0007872639801408343
2023-07-03,CORE5_mean_squared_next_daily_asset_return,1689033600000000,1689120000000000,0.0002734964443988881,0.001742468039484081,0.001742468039484081,0.0022437908053576836,0.0007412650806318534
2023-07-03,CORE5_mean_squared_next_daily_asset_return,1689120000000000,1689206400000000,3.984904114483055e-05,0.001386955509578462,0.001386955509578462,0.0022437908053576836,0.0006598039737793494
2023-07-03,CORE5_mean_squared_next_daily_asset_return,1689206400000000,1689292800000000,0.11689148172659716,0.0016653037776211575,0.0016653037776211575,0.0022437908053576836,0.0006471177879277565
2023-07-03,CORE5_mean_squared_next_daily_asset_return,1689292800000000,1689379200000000,0.0036509774788579634,0.0022517123760711793,0.0022517123760711793,0.0022437908053576836,0.006456862183843989
2023-07-03,CORE5_mean_squared_next_daily_asset_return,1689379200000000,1689465600000000,0.0006979592915710797,0.002575419184196512,0.002575419184196512,0.0022437908053576836,0.006620823888225706
2023-07-03,CORE5_mean_squared_next_daily_asset_return,1689465600000000,1689552000000000,0.0006371544354581138,0.0025084052884540116,0.0025084052884540116,0.0022437908053576836,0.006649940591809971
2023-07-03,CORE5_mean_squared_next_daily_asset_return,1689552000000000,1689638400000000,0.00014359298381457376,0.0026487297331962527,0.0026487297331962527,0.0022437908053576836,0.006646356227523817
2023-07-03,CORE5_mean_squared_next_daily_asset_return,1689638400000000,1689724800000000,0.001124676604643073,0.002616040340000715,0.002616040340000715,0.0022437908053576836,0.006641222051709433
2023-07-03,CORE5_mean_squared_next_daily_asset_return,1689724800000000,1689811200000000,0.0008352823261415636,0.004011532956797457,0.004011532956797457,0.0022437908053576836,0.006630394044608824
2023-07-03,CORE5_mean_squared_next_daily_asset_return,1689811200000000,1689897600000000,0.00045820488349849944,0.0036413234423518202,0.0036413234423518202,0.0022437908053576836,0.006502302119849186
2023-07-03,CORE5_mean_squared_next_daily_asset_return,1689897600000000,1689984000000000,0.00045240182967792647,0.0037620968912933104,0.0037620968912933104,0.0022437908053576836,0.006458995783485966
2023-07-03,CORE5_mean_squared_next_daily_asset_return,1689984000000000,1690070400000000,0.001108446207081337,0.003683066178976348,0.003683066178976348,0.0022437908053576836,0.00647051231870621
2023-07-03,CORE5_mean_squared_next_daily_asset_return,1690070400000000,1690156800000000,0.00014695730640247622,0.0036805910998163357,0.0036805910998163357,0.0022437908053576836,0.006502161731785414
2023-07-03,CORE5_mean_squared_next_daily_asset_return,1690156800000000,1690243200000000,0.0016114421495261732,0.002547749205369746,0.002547749205369746,0.0022437908053576836,0.006503337478752147
2023-07-03,CORE5_mean_squared_next_daily_asset_return,1690243200000000,1690329600000000,0.002158672367702098,0.0026597660336771765,0.0026597660336771765,0.0022437908053576836,0.006580382882022497
2023-07-03,CORE5_mean_squared_next_daily_asset_return,1690329600000000,1690416000000000,0.001829441724309869,0.002521979399551544,0.002521979399551544,0.0022437908053576836,0.0066733520120631955
2023-07-03,CORE5_mean_squared_next_daily_asset_return,1690416000000000,1690502400000000,1.7361445050845805e-05,0.002547877575390557,0.002547877575390557,0.0022437908053576836,0.006717847386939637
2023-07-03,CORE5_mean_squared_next_daily_asset_return,1690502400000000,1690588800000000,4.513006673397076e-05,0.0023571245242086374,0.0023571245242086374,0.0022437908053576836,0.006618588622167046
2023-07-03,CORE5_mean_squared_next_daily_asset_return,1690588800000000,1690675200000000,0.00035989642332294534,0.0023826027485897667,0.0023826027485897667,0.0022437908053576836,0.006618023980281837
2023-07-03,CORE5_mean_squared_next_daily_asset_return,1690675200000000,1690761600000000,0.0004663189498189401,0.0021739384830492033,0.0021739384830492033,0.0022437908053576836,0.0066301266363727185
2023-07-03,CORE5_mean_squared_next_daily_asset_return,1690761600000000,1690848000000000,0.00011628095994425415,0.0023718696840230712,0.0023718696840230712,0.0022437908053576836,0.006647437184287619
2023-07-03,CORE5_mean_squared_next_daily_asset_return,1690848000000000,1690934400000000,0.00014941678837302505,0.00244914153190799,0.00244914153190799,0.0022437908053576836,0.006639576410064888
2023-07-03,CORE5_mean_squared_next_daily_asset_return,1690934400000000,1691020800000000,0.0011164023517802914,0.0023701122112114383,0.0023701122112114383,0.0022437908053576836,0.006645054797426296
2023-07-03,CORE5_mean_squared_next_daily_asset_return,1691020800000000,1691107200000000,0.00031404167771832995,0.0019839109484050205,0.0019839109484050205,0.0022437908053576836,0.0008563008286854511
2023-07-03,CORE5_mean_squared_next_daily_asset_return,1691107200000000,1691193600000000,0.0003554015262650187,0.002055552095330467,0.002055552095330467,0.0022437908053576836,0.0006894540386284692
2023-07-03,CORE5_mean_squared_next_daily_asset_return,1691193600000000,1691280000000000,0.00022554502962233086,0.001920413225323627,0.001920413225323627,0.0022437908053576836,0.0006723261503631661
2023-07-03,CORE5_mean_squared_next_daily_asset_return,1691280000000000,1691366400000000,0.00019959676270638814,0.0018150574678533053,0.0018150574678533053,0.0022437908053576836,0.000651745680071377
2023-07-03,CORE5_mean_squared_next_daily_asset_return,1691366400000000,1691452800000000,2.5511695131629572e-05,0.001860735622161479,0.001860735622161479,0.0022437908053576836,0.0006545458690159678
2023-07-03,CORE5_mean_squared_next_daily_asset_return,1691452800000000,1691539200000000,0.0008145820188529759,0.0017180860372994335,0.0017180860372994335,0.0022437908053576836,0.0005995876235403956
2023-07-03,CORE5_mean_squared_next_daily_asset_return,1691539200000000,1691625600000000,2.617630687977321e-05,0.001556093654373732,0.001556093654373732,0.0022437908053576836,0.0005985526081759663
2023-07-03,CORE5_mean_squared_next_daily_asset_return,1691625600000000,1691712000000000,8.110302820167639e-05,0.0014363613300350958,0.0014363613300350958,0.0022437908053576836,0.00057695117934503
2023-07-03,CORE5_mean_squared_next_daily_asset_return,1691712000000000,1691798400000000,2.756169913987779e-06,0.0014263863218274722,0.0014263863218274722,0.0022437908053576836,0.0005583862392712173
2023-07-03,CORE5_mean_squared_next_daily_asset_return,1691798400000000,1691884800000000,6.920548212361338e-05,0.0013954297309653738,0.0013954297309653738,0.0022437908053576836,0.0005031017374128499
2023-07-03,CORE5_mean_squared_next_daily_asset_return,1691884800000000,1691971200000000,0.0002908292027696594,0.0011457383046161091,0.0011457383046161091,0.0022437908053576836,0.0004992141461989068
2023-07-03,CORE5_mean_squared_next_daily_asset_return,1691971200000000,1692057600000000,0.00035759429950186925,0.0013354832981877882,0.0013354832981877882,0.0022437908053576836,0.0004331834988610811
2023-07-03,CORE5_mean_squared_next_daily_asset_return,1692057600000000,1692144000000000,0.0013577671937229968,0.0013654303844490337,0.0013654303844490337,0.0022437908053576836,0.00034312959545106976
2023-07-03,CORE5_mean_squared_next_daily_asset_return,1692144000000000,1692230400000000,0.001273801003675028,0.0015969996570644293,0.0015969996570644293,0.0022437908053576836,0.0003195458689217261
2023-07-03,CORE5_mean_squared_next_daily_asset_return,1692230400000000,1692316800000000,0.008222068971592148,0.0018230970643524614,0.0018230970643524614,0.0022437908053576836,0.0003823678468529352
2023-07-03,CORE5_mean_squared_next_daily_asset_return,1692316800000000,1692403200000000,0.00043009480841408373,0.0028461238104898158,0.0028461238104898158,0.0022437908053576836,0.0007912147920958441
2023-07-03,CORE5_mean_squared_next_daily_asset_return,1692403200000000,1692489600000000,0.00030357830469638215,0.0026726641274163053,0.0026726641274163053,0.0022437908053576836,0.0007947247113504009
2023-07-03,CORE5_mean_squared_next_daily_asset_return,1692489600000000,1692576000000000,0.0002788772743237623,0.0027253686209595027,0.0027253686209595027,0.0022437908053576836,0.000786587679094273
2023-07-03,CORE5_mean_squared_next_daily_asset_return,1692576000000000,1692662400000000,0.00038849402210888934,0.002521559434204077,0.002521559434204077,0.0022437908053576836,0.0007947174948132485
2023-07-03,CORE5_mean_squared_next_daily_asset_return,1692662400000000,1692748800000000,0.0002532398927052776,0.00241590495555109,0.00241590495555109,0.0022437908053576836,0.0008066713565000417
2023-07-03,CORE5_mean_squared_next_daily_asset_return,1692748800000000,1692835200000000,0.0009415373696234228,0.0019653573542281685,0.0019653573542281685,0.0022437908053576836,0.000763513233546291
2023-07-03,CORE5_mean_squared_next_daily_asset_return,1692835200000000,1692921600000000,0.00035473660251831484,0.001953240307738844,0.001953240307738844,0.0022437908053576836,0.0007948880181415456
2023-07-03,CORE5_mean_squared_next_daily_asset_return,1692921600000000,1693008000000000,0.00022423415092079555,0.001937623976233363,0.001937623976233363,0.0022437908053576836,0.0007948547719542105
2023-07-03,CORE5_mean_squared_next_daily_asset_return,1693008000000000,1693094400000000,2.1792103292997518e-05,0.002050223564944358,0.002050223564944358,0.0022437908053576836,0.0007947892280191339
2023-07-03,CORE5_mean_squared_next_daily_asset_return,1693094400000000,1693180800000000,0.0001410377863223189,0.001907962171985102,0.001907962171985102,0.0022437908053576836,0.0007858989950484642
2023-07-03,CORE5_mean_squared_next_daily_asset_return,1693180800000000,1693267200000000,3.088936152626144e-05,0.0015033475363609293,0.0015033475363609293,0.0022437908053576836,0.0007916752996079987
2023-07-03,CORE5_mean_squared_next_daily_asset_return,1693267200000000,1693353600000000,0.002513109084907154,0.0015687797935826733,0.0015687797935826733,0.0022437908053576836,0.0007524906667416627
2023-07-03,CORE5_mean_squared_next_daily_asset_return,1693353600000000,1693440000000000,0.0005808210894131796,0.0013803422722301175,0.0013803422722301175,0.0022437908053576836,0.0008768373056430318
2023-07-03,CORE5_mean_squared_next_daily_asset_return,1693440000000000,1693526400000000,0.0016974750668366037,0.0014856485996979844,0.0014856485996979844,0.0022437908053576836,0.0009018232087036071
2023-07-03,CORE5_mean_squared_next_daily_asset_return,1693526400000000,1693612800000000,0.00024308918315803902,0.0017931781905579387,0.0017931781905579387,0.0022437908053576836,0.000986559153549738
2023-07-03,CORE5_mean_squared_next_daily_asset_return,1693612800000000,1693699200000000,2.8845403536822385e-05,0.00199040230022679,0.00199040230022679,0.0022437908053576836,0.0009952533386014591
2023-07-03,CORE5_mean_squared_next_daily_asset_return,1693699200000000,1693785600000000,3.955924364603992e-05,0.0019318742848349845,0.0019318742848349845,0.0022437908053576836,0.0009821541486398173
2023-10-02,equal_weight_CORE5_next_daily_return,1696204800000000,1696291200000000,-0.024593575375471133,0.00011703599717924156,0.00011703599717924156,-0.0005399098685733386,0.006806433691538626
2023-10-02,equal_weight_CORE5_next_daily_return,1696291200000000,1696377600000000,0.00920076440311839,0.00017704568493689152,0.00017704568493689152,-0.0005399098685733386,0.004741541486200014
2023-10-02,equal_weight_CORE5_next_daily_return,1696377600000000,1696464000000000,-0.004904451421859068,6.638407110185385e-05,6.638407110185385e-05,-0.0005399098685733386,0.004571568232329942
2023-10-02,equal_weight_CORE5_next_daily_return,1696464000000000,1696550400000000,-0.01611507831890042,0.00011661818998094241,0.00011661818998094241,-0.0005399098685733386,0.003594983078999331
2023-10-02,equal_weight_CORE5_next_daily_return,1696550400000000,1696636800000000,0.016824056270034405,-7.492413117154376e-05,-7.492413117154376e-05,-0.0005399098685733386,0.002206048073065187
2023-10-02,equal_weight_CORE5_next_daily_return,1696636800000000,1696723200000000,-0.003347027704901784,-6.62880418522735e-05,-6.62880418522735e-05,-0.0005399098685733386,0.003190254853918664
2023-10-02,equal_weight_CORE5_next_daily_return,1696723200000000,1696809600000000,-0.004249176113901765,-9.66926190872551e-05,-9.66926190872551e-05,-0.0005399098685733386,0.0035290016287297756
2023-10-02,equal_weight_CORE5_next_daily_return,1696809600000000,1696896000000000,-0.031496482564058924,-1.2944356461120688e-05,-1.2944356461120688e-05,-0.0005399098685733386,0.0023984541646798682
2023-10-02,equal_weight_CORE5_next_daily_return,1696896000000000,1696982400000000,-0.003875642400334911,0.00010182774753249096,0.00010182774753249096,-0.0005399098685733386,9.148606308763963e-05
2023-10-02,equal_weight_CORE5_next_daily_return,1696982400000000,1697068800000000,-0.01004028297333186,6.513599610533485e-05,6.513599610533485e-05,-0.0005399098685733386,-0.00021012299786581204
2023-10-02,equal_weight_CORE5_next_daily_return,1697068800000000,1697155200000000,-0.015374785103585276,0.00044228206208290826,0.00044228206208290826,-0.0005399098685733386,0.0006277216402374072
2023-10-02,equal_weight_CORE5_next_daily_return,1697155200000000,1697241600000000,0.010297773085892992,0.0005971082021312851,0.0005971082021312851,-0.0005399098685733386,-0.00033224753612030926
2023-10-02,equal_weight_CORE5_next_daily_return,1697241600000000,1697328000000000,0.007219446458413259,0.0005605057458187464,0.0005605057458187464,-0.0005399098685733386,0.0002447605155714417
2023-10-02,equal_weight_CORE5_next_daily_return,1697328000000000,1697414400000000,0.000634531094718338,0.0004115758387936982,0.0004115758387936982,-0.0005399098685733386,0.0011192659212561442
2023-10-02,equal_weight_CORE5_next_daily_return,1697414400000000,1697500800000000,0.040090485090130065,0.0004380250364143434,0.0004380250364143434,-0.0005399098685733386,0.0009539611595291601
2023-10-02,equal_weight_CORE5_next_daily_return,1697500800000000,1697587200000000,-0.010956222939261661,-3.6544211424233706e-05,-3.6544211424233706e-05,-0.0005399098685733386,0.003264731834975343
2023-10-02,equal_weight_CORE5_next_daily_return,1697587200000000,1697673600000000,-0.007972353093976193,4.4058838895337776e-05,4.4058838895337776e-05,-0.0005399098685733386,0.0026399010648388527
2023-10-02,equal_weight_CORE5_next_daily_return,1697673600000000,1697760000000000,0.030014289746362666,0.0002227783170850908,0.0002227783170850908,-0.0005399098685733386,0.0008536896485803683
2023-10-02,equal_weight_CORE5_next_daily_return,1697760000000000,1697846400000000,0.030076513862040556,0.00015438521758428375,0.00015438521758428375,-0.0005399098685733386,0.0018258279918667917
2023-10-02,equal_weight_CORE5_next_daily_return,1697846400000000,1697932800000000,0.02845382737780309,-9.610896949943811e-05,-9.610896949943811e-05,-0.0005399098685733386,0.002881692078536221
2023-10-02,equal_weight_CORE5_next_daily_return,1697932800000000,1698019200000000,0.005304472502930602,-0.00010481605551648863,-0.00010481605551648863,-0.0005399098685733386,0.0019943304689465377
2023-10-02,equal_weight_CORE5_next_daily_return,1698019200000000,1698105600000000,0.08121189576073454,-0.0003647569934872395,-0.0003647569934872395,-0.0005399098685733386,0.0034892328628666237
2023-10-02,equal_weight_CORE5_next_daily_return,1698105600000000,1698192000000000,-0.0022817239773710975,-0.0009981043548805714,-0.0009981043548805714,-0.0005399098685733386,0.007089789430747432
2023-10-02,equal_weight_CORE5_next_daily_return,1698192000000000,1698278400000000,0.022816174161318648,-0.0011335484838270208,-0.0011335484838270208,-0.0005399098685733386,0.007220925802971831
2023-10-02,equal_weight_CORE5_next_daily_return,1698278400000000,1698364800000000,0.011670230639644407,-0.0008327984163823073,-0.0008327984163823073,-0.0005399098685733386,0.009167488426982784
2023-10-02,equal_weight_CORE5_next_daily_return,1698364800000000,1698451200000000,-0.025530145343691246,-0.0007141493242563204,-0.0007141493242563204,-0.0005399098685733386,0.008909797145463284
2023-10-02,equal_weight_CORE5_next_daily_return,1698451200000000,1698537600000000,0.004198502296703044,-0.0007734583620861048,-0.0007734583620861048,-0.0005399098685733386,0.007800641263523811
2023-10-02,equal_weight_CORE5_next_daily_return,1698537600000000,1698624000000000,0.017708183071524754,-0.0006680643237782834,-0.0006680643237782834,-0.0005399098685733386,0.008223025184054053
2023-10-02,equal_weight_CORE5_next_daily_return,1698624000000000,1698710400000000,0.02299692892152434,-0.0007889146961198118,-0.0007889146961198118,-0.0005399098685733386,0.010683258465833236
2023-10-02,equal_weight_CORE5_next_daily_return,1698710400000000,1698796800000000,0.024510023812415516,-0.0008269087229700795,-0.0008269087229700795,-0.0005399098685733386,0.012026887031926196
2023-10-02,equal_weight_CORE5_next_daily_return,1698796800000000,1698883200000000,0.028095808617115425,-0.0010235059354268441,-0.0010235059354268441,-0.0005399098685733386,0.013754402371213567
2023-10-02,equal_weight_CORE5_next_daily_return,1698883200000000,1698969600000000,-0.016706909639453184,-0.0012602010038528545,-0.0012602010038528545,-0.0005399098685733386,0.0159279320572486
2023-10-02,equal_weight_CORE5_next_daily_return,1698969600000000,1699056000000000,0.0012157142537143173,-0.0007688774183210938,-0.0007688774183210938,-0.0005399098685733386,0.014577697920981292
2023-10-02,equal_weight_CORE5_next_daily_return,1699056000000000,1699142400000000,0.023524384678567545,-0.0007232786898412365,-0.0007232786898412365,-0.0005399098685733386,0.014277511310746343
2023-10-02,equal_weight_CORE5_next_daily_return,1699142400000000,1699228800000000,0.01820293164976867,-0.0007028177947812043,-0.0007028177947812043,-0.0005399098685733386,0.015422003989938805
2023-10-02,equal_weight_CORE5_next_daily_return,1699228800000000,1699315200000000,0.03747519241023234,-0.000820052418858622,-0.000820052418858622,-0.0005399098685733386,0.014327626317920736
2023-10-02,equal_weight_CORE5_next_daily_return,1699315200000000,1699401600000000,-0.012231927254406139,-0.0009371359181762965,-0.0009371359181762965,-0.0005399098685733386,0.016749197085395434
2023-10-02,equal_weight_CORE5_next_daily_return,1699401600000000,1699488000000000,0.008417421882176868,-0.0011316722571253516,-0.0011316722571253516,-0.0005399098685733386,0.016536218377373936
2023-10-02,equal_weight_CORE5_next_daily_return,1699488000000000,1699574400000000,0.030178211230335882,-0.0010128969949881137,-0.0010128969949881137,-0.0005399098685733386,0.015456374984164648
2023-10-02,equal_weight_CORE5_next_daily_return,1699574400000000,1699660800000000,0.05241823474725511,-0.0011134046016267021,-0.0011134046016267021,-0.0005399098685733386,0.015461459852579412
2023-10-02,equal_weight_CORE5_next_daily_return,1699660800000000,1699747200000000,0.004871551012144692,-0.0017015772090361778,-0.0017015772090361778,-0.0005399098685733386,0.016659680221052013
2023-10-02,equal_weight_CORE5_next_daily_return,1699747200000000,1699833600000000,-0.003297902437005429,-0.001763733151041095,-0.001763733151041095,-0.0005399098685733386,0.01663803414651272
2023-10-02,equal_weight_CORE5_next_daily_return,1699833600000000,1699920000000000,-0.025078633595758792,-0.0016808035183749023,-0.0016808035183749023,-0.0005399098685733386,0.012412544236625724
2023-10-02,equal_weight_CORE5_next_daily_return,1699920000000000,1700006400000000,-0.010175040246555023,-0.0016397129533412547,-0.0016397129533412547,-0.0005399098685733386,0.011272698755706337
2023-10-02,equal_weight_CORE5_next_daily_return,1700006400000000,1700092800000000,0.06805575019917823,-0.0014707469106398268,-0.0014707469106398268,-0.0005399098685733386,0.009623138035312655
2023-10-02,equal_weight_CORE5_next_daily_return,1700092800000000,1700179200000000,-0.044641060556342246,-0.0016358240371406743,-0.0016358240371406743,-0.0005399098685733386,0.012442414013289346
2023-10-02,equal_weight_CORE5_next_daily_return,1700179200000000,1700265600000000,0.022548454347116564,-0.0016837054097590465,-0.0016837054097590465,-0.0005399098685733386,0.011486868252656796
2023-10-02,equal_weight_CORE5_next_daily_return,1700265600000000,1700352000000000,-0.014642477900382422,-0.0018354367254266146,-0.0018354367254266146,-0.0005399098685733386,0.012404365855177471
2023-10-02,equal_weight_CORE5_next_daily_return,1700352000000000,1700438400000000,0.023320747054827163,-0.0018355244756417819,-0.0018355244756417819,-0.0005399098685733386,0.010786832806582112
2023-10-02,equal_weight_CORE5_next_daily_return,1700438400000000,1700524800000000,-0.024530947281394534,-0.001760804635014364,-0.001760804635014364,-0.0005399098685733386,0.010803023713247253
2023-10-02,equal_weight_CORE5_next_daily_return,1700524800000000,1700611200000000,-0.061759483635394005,-0.0012953691283778316,-0.0012953691283778316,-0.0005399098685733386,0.008350975158556753
2023-10-02,equal_weight_CORE5_next_daily_return,1700611200000000,1700697600000000,0.06809402553741646,-0.0010946771029099831,-0.0010946771029099831,-0.0005399098685733386,0.0038582105459312793
2023-10-02,equal_weight_CORE5_next_daily_return,1700697600000000,1700784000000000,4.572685381354358e-05,-0.0015673551144453775,-0.0015673551144453775,-0.0005399098685733386,0.008098257304774762
2023-10-02,equal_weight_CORE5_next_daily_return,1700784000000000,1700870400000000,0.010352306557901248,-0.0016109449455688808,-0.0016109449455688808,-0.0005399098685733386,0.008039757934779724
2023-10-02,equal_weight_CORE5_next_daily_return,1700870400000000,1700956800000000,0.009885154228688232,-0.0014277963159114921,-0.0014277963159114921,-0.0005399098685733386,0.0073811540287464115
2023-10-02,equal_weight_CORE5_next_daily_return,1700956800000000,1701043200000000,-0.010896887170612057,-0.001028062928070644,-0.001028062928070644,-0.0005399098685733386,0.006965265157692388
2023-10-02,equal_weight_CORE5_next_daily_return,1701043200000000,1701129600000000,-0.01679615522228397,-0.000628543417956189,-0.000628543417956189,-0.0005399098685733386,0.004546661178650167
2023-10-02,equal_weight_CORE5_next_daily_return,1701129600000000,1701216000000000,0.02399271471763247,-0.0003537559591371578,-0.0003537559591371578,-0.0005399098685733386,0.004318449780256276
2023-10-02,equal_weight_CORE5_next_daily_return,1701216000000000,1701302400000000,0.0006740297102247661,-0.00033514608836610613,-0.00033514608836610613,-0.0005399098685733386,0.005097214422029055
2023-10-02,equal_weight_CORE5_next_daily_return,1701302400000000,1701388800000000,0.008218318560085503,-0.00046181395755494787,-0.00046181395755494787,-0.0005399098685733386,0.0036220053460235
2023-10-02,equal_weight_CORE5_next_daily_return,1701388800000000,1701475200000000,0.012943713019616564,-0.00043080860054442856,-0.00043080860054442856,-0.0005399098685733386,0.0014120095366650198
2023-10-02,equal_weight_CORE5_next_daily_return,1701475200000000,1701561600000000,0.03309805497305716,-0.00016627689001436844,-0.00016627689001436844,-0.0005399098685733386,0.0018156176370386127
2023-10-02,equal_weight_CORE5_next_daily_return,1701561600000000,1701648000000000,0.0028479854965862473,0.00021486155681024104,0.00021486155681024104,-0.0005399098685733386,0.003635415507541742
2023-10-02,CORE5_mean_squared_next_daily_asset_return,1696204800000000,1696291200000000,0.0006791729472884029,0.0015515056213390374,0.0015515056213390374,0.0021804227824816992,0.0004138726313815849
2023-10-02,CORE5_mean_squared_next_daily_asset_return,1696291200000000,1696377600000000,0.0005876686162443525,0.0016841080147886383,0.0016841080147886383,0.0021804227824816992,0.0004303726814764737
2023-10-02,CORE5_mean_squared_next_daily_asset_return,1696377600000000,1696464000000000,0.0001534823598062899,0.0016508620672746348,0.0016508620672746348,0.0021804227824816992,0.00044866779350867276
2023-10-02,CORE5_mean_squared_next_daily_asset_return,1696464000000000,1696550400000000,0.0002776624401780577,0.001655085820858302,0.001655085820858302,0.0021804227824816992,0.00044446444381059244
2023-10-02,CORE5_mean_squared_next_daily_asset_return,1696550400000000,1696636800000000,0.000370007980370909,0.0016065796352467288,0.0016065796352467288,0.0021804227824816992,0.00044902223226924104
2023-10-02,CORE5_mean_squared_next_daily_asset_return,1696636800000000,1696723200000000,2.5337262827113983e-05,0.0016936099269351638,0.0016936099269351638,0.0021804227824816992,0.0004669324501694043
2023-10-02,CORE5_mean_squared_next_daily_asset_return,1696723200000000,1696809600000000,2.7667053385268013e-05,0.0016787321567104973,0.0016787321567104973,0.0021804227824816992,0.0004616046126365292
2023-10-02,CORE5_mean_squared_next_daily_asset_return,1696809600000000,1696896000000000,0.0011358626519025023,0.0016832339791137023,0.0016832339791137023,0.0021804227824816992,0.00043663176410256
2023-10-02,CORE5_mean_squared_next_daily_asset_return,1696896000000000,1696982400000000,6.101295926356227e-05,0.0018372879571975076,0.0018372879571975076,0.0021804227824816992,0.0004807285056152843
2023-10-02,CORE5_mean_squared_next_daily_asset_return,1696982400000000,1697068800000000,0.00014619192144070938,0.0016961442355777016,0.0016961442355777016,0.0021804227824816992,0.00047824184027809235
2023-10-02,CORE5_mean_squared_next_daily_asset_return,1697068800000000,1697155200000000,0.00033004477866242494,0.001716152325495156,0.001716152325495156,0.0021804227824816992,0.00044678479483801456
2023-10-02,CORE5_mean_squared_next_daily_asset_return,1697155200000000,1697241600000000,0.00017228534924389988,0.001813666665274205,0.001813666665274205,0.0021804227824816992,0.0004617302372484226
2023-10-02,CORE5_mean_squared_next_daily_asset_return,1697241600000000,1697328000000000,0.00013889579735774308,0.0016597651895905756,0.0016597651895905756,0.0021804227824816992,0.00046941927755852944
2023-10-02,CORE5_mean_squared_next_daily_asset_return,1697328000000000,1697414400000000,4.510189333634613e-05,0.0014823167327149508,0.0014823167327149508,0.0021804227824816992,0.00047072231002839805
2023-10-02,CORE5_mean_squared_next_daily_asset_return,1697414400000000,1697500800000000,0.0024463022885227977,0.0015170050220623895,0.0015170050220623895,0.0021804227824816992,0.00047202370426071476
2023-10-02,CORE5_mean_squared_next_daily_asset_return,1697500800000000,1697587200000000,0.00018196724061195324,0.0015356464154379587,0.0015356464154379587,0.0021804227824816992,0.0005898035262965576
2023-10-02,CORE5_mean_squared_next_daily_asset_return,1697587200000000,1697673600000000,0.00011793928721281027,0.001622701289774741,0.001622701289774741,0.0021804227824816992,0.0005979454321514705
2023-10-02,CORE5_mean_squared_next_daily_asset_return,1697673600000000,1697760000000000,0.0017232194759399383,0.0016433354497338041,0.0016433354497338041,0.0021804227824816992,0.0005606170976093229
2023-10-02,CORE5_mean_squared_next_daily_asset_return,1697760000000000,1697846400000000,0.0018379570569654572,0.001531807979539927,0.001531807979539927,0.0021804227824816992,0.0006370427975468958
2023-10-02,CORE5_mean_squared_next_daily_asset_return,1697846400000000,1697932800000000,0.0016359263409319188,0.0013966813384888679,0.0013966813384888679,0.0021804227824816992,0.0006984436697228734
2023-10-02,CORE5_mean_squared_next_daily_asset_return,1697932800000000,1698019200000000,0.00012634825555184374,0.0014625051337577664,0.0014625051337577664,0.0021804227824816992,0.000604685285074623
2023-10-02,CORE5_mean_squared_next_daily_asset_return,1698019200000000,1698105600000000,0.007077416709037674,0.0012378954287389462,0.0012378954287389462,0.0021804227824816992,0.000577044050487795
2023-10-02,CORE5_mean_squared_next_daily_asset_return,1698105600000000,1698192000000000,0.0008607202858548621,0.0009586531138174388,0.0009586531138174388,0.0021804227824816992,0.0009015314551274609
2023-10-02,CORE5_mean_squared_next_daily_asset_return,1698192000000000,1698278400000000,0.001355132238009569,0.0011294935234777961,0.0011294935234777961,0.0021804227824816992,0.0009368933514298896
2023-10-02,CORE5_mean_squared_next_daily_asset_return,1698278400000000,1698364800000000,0.000590877227791012,0.0015713827237133367,0.0015713827237133367,0.0021804227824816992,0.000990766841321465
2023-10-02,CORE5_mean_squared_next_daily_asset_return,1698364800000000,1698451200000000,0.0009627483033334425,0.0017521919032269023,0.0017521919032269023,0.0021804227824816992,0.0010018103036924704
2023-10-02,CORE5_mean_squared_next_daily_asset_return,1698451200000000,1698537600000000,7.873476493951144e-05,0.0018932922374863526,0.0018932922374863526,0.0021804227824816992,0.0010486808557177867
2023-10-02,CORE5_mean_squared_next_daily_asset_return,1698537600000000,1698624000000000,0.0004475208611432133,0.0022556265958753817,0.0022556265958753817,0.0021804227824816992,0.0010512342412954988
2023-10-02,CORE5_mean_squared_next_daily_asset_return,1698624000000000,1698710400000000,0.0011775046998488523,0.00223094201847324,0.00223094201847324,0.0021804227824816992,0.0010168171517575342
2023-10-02,CORE5_mean_squared_next_daily_asset_return,1698710400000000,1698796800000000,0.0022577160563514243,0.002268782566421322,0.002268782566421322,0.0021804227824816992,0.0010726417387867987
2023-10-02,CORE5_mean_squared_next_daily_asset_return,1698796800000000,1698883200000000,0.0013272792061731014,0.0022367857628147092,0.0022367857628147092,0.0021804227824816992,0.0011782179455323346
2023-10-02,CORE5_mean_squared_next_daily_asset_return,1698883200000000,1698969600000000,0.00033029801161541374,0.002067836123593463,0.002067836123593463,0.0021804227824816992,0.001228079666907868
2023-10-02,CORE5_mean_squared_next_daily_asset_return,1698969600000000,1699056000000000,0.0001682134528404547,0.0018128567575697336,0.0018128567575697336,0.0021804227824816992,0.0012359803000264438
2023-10-02,CORE5_mean_squared_next_daily_asset_return,1699056000000000,1699142400000000,0.001202076957906314,0.001896007976967064,0.001896007976967064,0.0021804227824816992,0.0012374461828005795
2023-10-02,CORE5_mean_squared_next_daily_asset_return,1699142400000000,1699228800000000,0.00150247687930462,0.001954137424502433,0.001954137424502433,0.0021804227824816992,0.0012952949360290778
2023-10-02,CORE5_mean_squared_next_daily_asset_return,1699228800000000,1699315200000000,0.0025953382729857768,0.0019243148460268012,0.0019243148460268012,0.0021804227824816992,0.001248103665568169
2023-10-02,CORE5_mean_squared_next_daily_asset_return,1699315200000000,1699401600000000,0.0007713020743072079,0.002007664741237249,0.002007664741237249,0.0021804227824816992,0.00136877221718686
2023-10-02,CORE5_mean_squared_next_daily_asset_return,1699401600000000,1699488000000000,0.0001605313212430911,0.002065096286928733,0.002065096286928733,0.0021804227824816992,0.00140144035654158
2023-10-02,CORE5_mean_squared_next_daily_asset_return,1699488000000000,1699574400000000,0.004070982137138083,0.001950913671696256,0.001950913671696256,0.0021804227824816992,0.0013233059488067377
2023-10-02,CORE5_mean_squared_next_daily_asset_return,1699574400000000,1699660800000000,0.012900809097419991,0.002187727180878022,0.002187727180878022,0.0021804227824816992,0.0014349572028153688
2023-10-02,CORE5_mean_squared_next_daily_asset_return,1699660800000000,1699747200000000,0.00036456255147353987,0.002109686495968607,0.002109686495968607,0.0021804227824816992,0.0019982013406397727
2023-10-02,CORE5_mean_squared_next_daily_asset_return,1699747200000000,1699833600000000,1.3736259814176214e-05,0.0022321909840193085,0.0022321909840193085,0.0021804227824816992,0.0020101120554358574
2023-10-02,CORE5_mean_squared_next_daily_asset_return,1699833600000000,1699920000000000,0.0018503525212815158,0.0019294596704094277,0.0019294596704094277,0.0021804227824816992,0.0016569280329746827
2023-10-02,CORE5_mean_squared_next_daily_asset_return,1699920000000000,1700006400000000,0.0033227460311726206,0.002144622226682781,0.002144622226682781,0.0021804227824816992,0.0017064096447460154
2023-10-02,CORE5_mean_squared_next_daily_asset_return,1700006400000000,1700092800000000,0.006548017334788975,0.0025202722864857926,0.0025202722864857926,0.0021804227824816992,0.0018047903344041681
2023-10-02,CORE5_mean_squared_next_daily_asset_return,1700092800000000,1700179200000000,0.004565786593610207,0.002785697374389615,0.002785697374389615,0.0021804227824816992,0.0021026473397540665
2023-10-02,CORE5_mean_squared_next_daily_asset_return,1700179200000000,1700265600000000,0.001589719956936353,0.002951216116547141,0.002951216116547141,0.0021804227824816992,0.0022827992542679048
2023-10-02,CORE5_mean_squared_next_daily_asset_return,1700265600000000,1700352000000000,0.0010093414586817729,0.002809155662930322,0.002809155662930322,0.0021804227824816992,0.0023583485138677467
2023-10-02,CORE5_mean_squared_next_daily_asset_return,1700352000000000,1700438400000000,0.0007114881859921389,0.0026926980489282034,0.0026926980489282034,0.0021804227824816992,0.0023864395437446745
2023-10-02,CORE5_mean_squared_next_daily_asset_return,1700438400000000,1700524800000000,0.0014212237063077342,0.002454741172898715,0.002454741172898715,0.0021804227824816992,0.0023631387180518388
2023-10-02,CORE5_mean_squared_next_daily_asset_return,1700524800000000,1700611200000000,0.0041089100411250785,0.0024907573012830403,0.0024907573012830403,0.0021804227824816992,0.002321314100549654
2023-10-02,CORE5_mean_squared_next_daily_asset_return,1700611200000000,1700697600000000,0.005208690981783874,0.002612935625831518,0.002612935625831518,0.0021804227824816992,0.0024603956422972533
2023-10-02,CORE5_mean_squared_next_daily_asset_return,1700697600000000,1700784000000000,0.0001263756302714844,0.002656250976799569,0.002656250976799569,0.0021804227824816992,0.002704315290805676
2023-10-02,CORE5_mean_squared_next_daily_asset_return,1700784000000000,1700870400000000,0.00017968584475282597,0.0025079968192781967,0.0025079968192781967,0.0021804227824816992,0.0027022233996772276
2023-10-02,CORE5_mean_squared_next_daily_asset_return,1700870400000000,1700956800000000,0.00026005697665431183,0.0024537060008246233,0.0024537060008246233,0.0021804227824816992,0.002651103844019553
2023-10-02,CORE5_mean_squared_next_daily_asset_return,1700956800000000,1701043200000000,0.00015044941044600177,0.002516717004327988,0.002516717004327988,0.0021804227824816992,0.002588982848887038
2023-10-02,CORE5_mean_squared_next_daily_asset_return,1701043200000000,1701129600000000,0.000535905550861948,0.0021025865011710426,0.0021025865011710426,0.0021804227824816992,0.0024667384057600493
2023-10-02,CORE5_mean_squared_next_daily_asset_return,1701129600000000,1701216000000000,0.0008839982564120835,0.0023248976030511917,0.0023248976030511917,0.0021804227824816992,0.0024549685795877867
2023-10-02,CORE5_mean_squared_next_daily_asset_return,1701216000000000,1701302400000000,0.00010161822979809429,0.0024614019447599155,0.0024614019447599155,0.0021804227824816992,0.002491141926346236
2023-10-02,CORE5_mean_squared_next_daily_asset_return,1701302400000000,1701388800000000,0.00031015574531541686,0.0022219131955398762,0.0022219131955398762,0.0021804227824816992,0.0022926737309792366
2023-10-02,CORE5_mean_squared_next_daily_asset_return,1701388800000000,1701475200000000,0.00022151357470726667,0.00198572743463427,0.00198572743463427,0.0021804227824816992,0.0016631410633740078
2023-10-02,CORE5_mean_squared_next_daily_asset_return,1701475200000000,1701561600000000,0.0014275286129328362,0.0017478912949172292,0.0017478912949172292,0.0021804227824816992,0.0016559886145356942
2023-10-02,CORE5_mean_squared_next_daily_asset_return,1701561600000000,1701648000000000,0.00010277601439206926,0.0015886191020412633,0.0015886191020412633,0.0021804227824816992,0.001726678232191627
2024-01-01,equal_weight_CORE5_next_daily_return,1704067200000000,1704153600000000,0.0418730240485881,0.0022245324234476138,0.0022245324234476138,0.0005088399338932069,0.00424510168518545
2024-01-01,equal_weight_CORE5_next_daily_return,1704153600000000,1704240000000000,-0.00598406355544776,0.0019206343119873136,0.0019206343119873136,0.0005088399338932069,0.006623797562379274
2024-01-01,equal_weight_CORE5_next_daily_return,1704240000000000,1704326400000000,-0.07130499373399377,0.002007256036382923,0.002007256036382923,0.0005088399338932069,0.0050365244482555305
2024-01-01,equal_weight_CORE5_next_daily_return,1704326400000000,1704412800000000,0.030879572462177273,0.0011415150248791014,0.0011415150248791014,0.0005088399338932069,0.00020458484546347216
2024-01-01,equal_weight_CORE5_next_daily_return,1704412800000000,1704499200000000,-0.016623801412473972,0.0013130196593394085,0.0013130196593394085,0.0005088399338932069,0.0036262630252201144
2024-01-01,equal_weight_CORE5_next_daily_return,1704499200000000,1704585600000000,-0.023246731212183347,0.0012979326941854128,0.0012979326941854128,0.0005088399338932069,0.0019997483848441413
2024-01-01,equal_weight_CORE5_next_daily_return,1704585600000000,1704672000000000,-0.023069653632822384,0.0015728244796852564,0.0015728244796852564,0.0005088399338932069,0.002164096291122679
2024-01-01,equal_weight_CORE5_next_daily_return,1704672000000000,1704758400000000,0.06044874905053162,0.001605154530584543,0.001605154530584543,0.0005088399338932069,0.00016010751841811344
2024-01-01,equal_weight_CORE5_next_daily_return,1704758400000000,1704844800000000,-0.008451585997033861,0.0010652347221919247,0.0010652347221919247,0.0005088399338932069,0.003978510521915594
2024-01-01,equal_weight_CORE5_next_daily_return,1704844800000000,1704931200000000,0.05024942780796926,0.0010159927046083227,0.0010159927046083227,0.0005088399338932069,0.0014923371343726459
2024-01-01,equal_weight_CORE5_next_daily_return,1704931200000000,1705017600000000,0.0008193570822095486,0.0007327619359160665,0.0007327619359160665,0.0005088399338932069,0.0018716810888699763
2024-01-01,equal_weight_CORE5_next_daily_return,1705017600000000,1705104000000000,-0.05947277981478327,0.0007837702867155461,0.0007837702867155461,0.0005088399338932069,0.0010757809976402301
2024-01-01,equal_weight_CORE5_next_daily_return,1705104000000000,1705190400000000,0.016515091743487843,0.0004960983583149476,0.0004960983583149476,0.0005088399338932069,-0.002543539806886519
2024-01-01,equal_weight_CORE5_next_daily_return,1705190400000000,1705276800000000,-0.019084817535010103,0.001080327660114734,0.001080327660114734,0.0005088399338932069,-0.0014843624893308715
2024-01-01,equal_weight_CORE5_next_daily_return,1705276800000000,1705363200000000,0.010271785307971838,0.0005180329711844993,0.0005180329711844993,0.0005088399338932069,-0.004200901301899785
2024-01-01,equal_weight_CORE5_next_daily_return,1705363200000000,1705449600000000,0.01656652285581588,0.0005947024429367976,0.0005947024429367976,0.0005088399338932069,-0.001874022979267878
2024-01-01,equal_weight_CORE5_next_daily_return,1705449600000000,1705536000000000,-0.0010549459410597705,0.0005558789690738162,0.0005558789690738162,0.0005088399338932069,-0.0018953784304198043
2024-01-01,equal_weight_CORE5_next_daily_return,1705536000000000,1705622400000000,-0.03882009435988114,0.0005693434324601332,0.0005693434324601332,0.0005088399338932069,-0.0009170785179205314
2024-01-01,equal_weight_CORE5_next_daily_return,1705622400000000,1705708800000000,0.00010359464207074787,0.000720912134761645,0.000720912134761645,0.0005088399338932069,-0.0026964963432157575
2024-01-01,equal_weight_CORE5_next_daily_return,1705708800000000,1705795200000000,0.023779978557507152,0.0008005995550061594,0.0008005995550061594,0.0005088399338932069,-0.002140179812507259
2024-01-01,equal_weight_CORE5_next_daily_return,1705795200000000,1705881600000000,-0.013382507921412911,0.0008590481182712481,0.0008590481182712481,0.0005088399338932069,-0.0007803181818180058
2024-01-01,equal_weight_CORE5_next_daily_return,1705881600000000,1705968000000000,-0.05558121129996938,0.0009455959909150621,0.0009455959909150621,0.0005088399338932069,-0.0035430947803180577
2024-01-01,equal_weight_CORE5_next_daily_return,1705968000000000,1706054400000000,-0.013141110203021089,0.0011429557443103102,0.0011429557443103102,0.0005088399338932069,-0.006022952167544138
2024-01-01,equal_weight_CORE5_next_daily_return,1706054400000000,1706140800000000,0.013062511899662899,0.0009898544987181135,0.0009898544987181135,0.0005088399338932069,-0.0031147579909955037
2024-01-01,equal_weight_CORE5_next_daily_return,1706140800000000,1706227200000000,-0.010767421024803214,0.000939626710418416,0.000939626710418416,0.0005088399338932069,-0.004005611019121222
2024-01-01,equal_weight_CORE5_next_daily_return,1706227200000000,1706313600000000,0.038026471841326084,0.0010682912435898409,0.0010682912435898409,0.0005088399338932069,-0.003712791999737684
2024-01-01,equal_weight_CORE5_next_daily_return,1706313600000000,1706400000000000,0.0056616020330645615,0.0006097221496487006,0.0006097221496487006,0.0005088399338932069,-0.0006491318470622127
2024-01-01,equal_weight_CORE5_next_daily_return,1706400000000000,1706486400000000,-0.0033353289398248666,0.0006304956664382493,0.0006304956664382493,0.0005088399338932069,0.0007874309362321336
2024-01-01,equal_weight_CORE5_next_daily_return,1706486400000000,1706572800000000,0.03388186819704542,0.0006369925711137852,0.0006369925711137852,0.0005088399338932069,-0.00240177296328569
2024-01-01,equal_weight_CORE5_next_daily_return,1706572800000000,1706659200000000,-0.01311379440453011,0.00036944015015459965,0.00036944015015459965,0.0005088399338932069,-0.0002851002535817253
2024-01-01,equal_weight_CORE5_next_daily_return,1706659200000000,1706745600000000,-0.021031537686072244,0.0005257430919488101,0.0005257430919488101,0.0005088399338932069,-0.0034532613642066943
2024-01-01,equal_weight_CORE5_next_daily_return,1706745600000000,1706832000000000,0.008651721401751456,0.0007480175922873172,0.0007480175922873172,0.0005088399338932069,-0.004545806102620785
2024-01-01,equal_weight_CORE5_next_daily_return,1706832000000000,1706918400000000,0.008225249448550853,0.0011560261256081017,0.0011560261256081017,0.0005088399338932069,-0.0011395810417940471
2024-01-01,equal_weight_CORE5_next_daily_return,1706918400000000,1707004800000000,-0.005270720647462479,0.0013675547103764955,0.0013675547103764955,0.0005088399338932069,-0.0015540731565408972
2024-01-01,equal_weight_CORE5_next_daily_return,1707004800000000,1707091200000000,-0.014758187565181791,0.0014019069599841669,0.0014019069599841669,0.0005088399338932069,-0.0008633683121635155
2024-01-01,equal_weight_CORE5_next_daily_return,1707091200000000,1707177600000000,0.0034705155771859618,0.0015143666758538677,0.0015143666758538677,0.0005088399338932069,-0.002114866955821197
2024-01-01,equal_weight_CORE5_next_daily_return,1707177600000000,1707264000000000,0.010378518627290756,0.00150075441787916,0.00150075441787916,0.0005088399338932069,-0.0027696673197526935
2024-01-01,equal_weight_CORE5_next_daily_return,1707264000000000,1707350400000000,0.026716460555255672,0.0015133928929483434,0.0015133928929483434,0.0005088399338932069,-0.002197994091335167
2024-01-01,equal_weight_CORE5_next_daily_return,1707350400000000,1707436800000000,0.006619466645524219,0.0016330409971621333,0.0016330409971621333,0.0005088399338932069,0.0010788336544216733
2024-01-01,equal_weight_CORE5_next_daily_return,1707436800000000,1707523200000000,0.030584666254789596,0.0018159524301432548,0.0018159524301432548,0.0005088399338932069,0.0014046272545943468
2024-01-01,equal_weight_CORE5_next_daily_return,1707523200000000,1707609600000000,0.0063935519844011465,0.001634602341274664,0.001634602341274664,0.0005088399338932069,0.0017448616394584696
2024-01-01,equal_weight_CORE5_next_daily_return,1707609600000000,1707696000000000,0.0005412310908470719,0.0017216663313346725,0.0017216663313346725,0.0005088399338932069,0.002733664634749172
2024-01-01,equal_weight_CORE5_next_daily_return,1707696000000000,1707782400000000,0.03186195442960012,0.0018337997504785414,0.0018337997504785414,0.0005088399338932069,0.005539786754289995
2024-01-01,equal_weight_CORE5_next_daily_return,1707782400000000,1707868800000000,-0.006476089629149406,0.0018400282364352061,0.0018400282364352061,0.0005088399338932069,0.007789939985921054
2024-01-01,equal_weight_CORE5_next_daily_return,1707868800000000,1707955200000000,0.04289859402992495,0.0018682986917939745,0.0018682986917939745,0.0005088399338932069,0.00681300990948044
2024-01-01,equal_weight_CORE5_next_daily_return,1707955200000000,1708041600000000,0.006356430447700867,0.00177763868014124,0.00177763868014124,0.0005088399338932069,0.009496310662216848
2024-01-01,equal_weight_CORE5_next_daily_return,1708041600000000,1708128000000000,-0.003980765332596814,0.0017201092007430303,0.0017201092007430303,0.0005088399338932069,0.007912808592535587
2024-01-01,equal_weight_CORE5_next_daily_return,1708128000000000,1708214400000000,-0.016083630332194974,0.0022406713962121218,0.0022406713962121218,0.0005088399338932069,0.007430690224252519
2024-01-01,equal_weight_CORE5_next_daily_return,1708214400000000,1708300800000000,0.021617910865405675,0.00256220160325195,0.00256220160325195,0.0005088399338932069,0.006793275154634014
2024-01-01,equal_weight_CORE5_next_daily_return,1708300800000000,1708387200000000,0.01365361566733463,0.0031790024246300588,0.0031790024246300588,0.0005088399338932069,0.0061800772880520275
2024-01-01,equal_weight_CORE5_next_daily_return,1708387200000000,1708473600000000,-0.006609156367489999,0.004067255982602146,0.004067255982602146,0.0005088399338932069,0.007518447791645263
2024-01-01,equal_weight_CORE5_next_daily_return,1708473600000000,1708560000000000,-0.01920072134211399,0.0036693664394699304,0.0036693664394699304,0.0005088399338932069,0.008239566857574376
2024-01-01,equal_weight_CORE5_next_daily_return,1708560000000000,1708646400000000,-0.012292531482947733,0.004148912308247756,0.004148912308247756,0.0005088399338932069,0.006846944720381105
2024-01-01,equal_weight_CORE5_next_daily_return,1708646400000000,1708732800000000,-0.01061193646941505,0.004855556695472124,0.004855556695472124,0.0005088399338932069,0.005821055673806174
2024-01-01,equal_weight_CORE5_next_daily_return,1708732800000000,1708819200000000,0.024357980092613918,0.005060267274893069,0.005060267274893069,0.0005088399338932069,0.005553994882708547
2024-01-01,equal_weight_CORE5_next_daily_return,1708819200000000,1708905600000000,0.006756132420899297,0.005218965135761006,0.005218965135761006,0.0005088399338932069,0.007509803265598333
2024-01-01,equal_weight_CORE5_next_daily_return,1708905600000000,1708992000000000,0.03745754214223065,0.005437257648501083,0.005437257648501083,0.0005088399338932069,0.007674084107783999
2024-01-01,equal_weight_CORE5_next_daily_return,1708992000000000,1709078400000000,0.04234899097117058,0.004969556597170104,0.004969556597170104,0.0005088399338932069,0.009028035283530994
2024-01-01,equal_weight_CORE5_next_daily_return,1709078400000000,1709164800000000,0.08151038009259201,0.004610818347418039,0.004610818347418039,0.0005088399338932069,0.009809661804326738
2024-01-01,equal_weight_CORE5_next_daily_return,1709164800000000,1709251200000000,0.010520719796517097,0.005042877657768721,0.005042877657768721,0.0005088399338932069,0.01355420747668013
2024-01-01,equal_weight_CORE5_next_daily_return,1709251200000000,1709337600000000,0.058063828139559924,0.003925273895373591,0.003925273895373591,0.0005088399338932069,0.012551010153766504
2024-01-01,equal_weight_CORE5_next_daily_return,1709337600000000,1709424000000000,0.017310949548539734,0.005120689200139213,0.005120689200139213,0.0005088399338932069,0.01513452396152444
2024-01-01,equal_weight_CORE5_next_daily_return,1709424000000000,1709510400000000,0.018417866698547215,0.005912400787628516,0.005912400787628516,0.0005088399338932069,0.015973009884409074
2024-01-01,CORE5_mean_squared_next_daily_asset_return,1704067200000000,1704153600000000,0.0021931251829587126,0.0022903231676340116,0.0022903231676340116,0.0020742667171695676,0.001206551915309367
2024-01-01,CORE5_mean_squared_next_daily_asset_return,1704153600000000,1704240000000000,0.00026353006676382704,0.0021719769416094267,0.0021719769416094267,0.0020742667171695676,0.001309417244734836
2024-01-01,CORE5_mean_squared_next_daily_asset_return,1704240000000000,1704326400000000,0.005398728765219618,0.0021800297625564694,0.0021800297625564694,0.0020742667171695676,0.0012870846921264236
2024-01-01,CORE5_mean_squared_next_daily_asset_return,1704326400000000,1704412800000000,0.001311626839206266,0.0024302535384725147,0.0024302535384725147,0.0020742667171695676,0.0014948432245635035
2024-01-01,CORE5_mean_squared_next_daily_asset_return,1704412800000000,1704499200000000,0.0005960473915474848,0.0022518407945723547,0.0022518407945723547,0.0020742667171695676,0.0014838168710668241
2024-01-01,CORE5_mean_squared_next_daily_asset_return,1704499200000000,1704585600000000,0.0009377704376767434,0.0022674122384216226,0.0022674122384216226,0.0020742667171695676,0.0014901968778664398
2024-01-01,CORE5_mean_squared_next_daily_asset_return,1704585600000000,1704672000000000,0.0008004294098612091,0.002573952241824382,0.002573952241824382,0.0020742667171695676,0.001494910731337703
2024-01-01,CORE5_mean_squared_next_daily_asset_return,1704672000000000,1704758400000000,0.0040457643775011695,0.0026091876564403368,0.0026091876564403368,0.0020742667171695676,0.0014987217884185285
2024-01-01,CORE5_mean_squared_next_daily_asset_return,1704758400000000,1704844800000000,0.0003202247623493932,0.0021202536465273303,0.0021202536465273303,0.0020742667171695676,0.0016873615196667108
2024-01-01,CORE5_mean_squared_next_daily_asset_return,1704844800000000,1704931200000000,0.0035005083974025816,0.0022434470184953493,0.0022434470184953493,0.0020742667171695676,0.0015256717044359127
2024-01-01,CORE5_mean_squared_next_daily_asset_return,1704931200000000,1705017600000000,0.0001932468201557255,0.002081146894540447,0.002081146894540447,0.0020742667171695676,0.0014797542104118349
2024-01-01,CORE5_mean_squared_next_daily_asset_return,1705017600000000,1705104000000000,0.003784686244542973,0.0019004042412634808,0.0019004042412634808,0.0020742667171695676,0.001456455807247624
2024-01-01,CORE5_mean_squared_next_daily_asset_return,1705104000000000,1705190400000000,0.00045346575489750216,0.0022222865315016022,0.0022222865315016022,0.0020742667171695676,0.0015372993586408065
2024-01-01,CORE5_mean_squared_next_daily_asset_return,1705190400000000,1705276800000000,0.0005749373664821361,0.0023437729349411306,0.0023437729349411306,0.0020742667171695676,0.0015304922527377134
2024-01-01,CORE5_mean_squared_next_daily_asset_return,1705276800000000,1705363200000000,0.0001578450589327078,0.0022909441543965633,0.0022909441543965633,0.0020742667171695676,0.001462852679696285
2024-01-01,CORE5_mean_squared_next_daily_asset_return,1705363200000000,1705449600000000,0.0004651782429824107,0.0024160864543088037,0.0024160864543088037,0.0020742667171695676,0.001389037128146532
2024-01-01,CORE5_mean_squared_next_daily_asset_return,1705449600000000,1705536000000000,0.0005847100691696382,0.002244684653150628,0.002244684653150628,0.0020742667171695676,0.0013297851716782439
2024-01-01,CORE5_mean_squared_next_daily_asset_return,1705536000000000,1705622400000000,0.0018651574473616656,0.0019214743641555753,0.0019214743641555753,0.0020742667171695676,0.0013252055661047847
2024-01-01,CORE5_mean_squared_next_daily_asset_return,1705622400000000,1705708800000000,9.00551944468535e-05,0.0021068517976963763,0.0021068517976963763,0.0020742667171695676,0.0013911452205699467
2024-01-01,CORE5_mean_squared_next_daily_asset_return,1705708800000000,1705795200000000,0.0028109739326247613,0.0020472283075800273,0.0020472283075800273,0.0020742667171695676,0.0013782580337086698
2024-01-01,CORE5_mean_squared_next_daily_asset_return,1705795200000000,1705881600000000,0.00025188136675748817,0.0019345644672578498,0.0019345644672578498,0.0020742667171695676,0.0015174005881041688
2024-01-01,CORE5_mean_squared_next_daily_asset_return,1705881600000000,1705968000000000,0.003301999922685235,0.0020929721916956023,0.0020929721916956023,0.0020742667171695676,0.0014203383972941075
2024-01-01,CORE5_mean_squared_next_daily_asset_return,1705968000000000,1706054400000000,0.0004568384844682499,0.0023692018367785206,0.0023692018367785206,0.0020742667171695676,0.0015722618900901781
2024-01-01,CORE5_mean_squared_next_daily_asset_return,1706054400000000,1706140800000000,0.0005804786959796772,0.002211982610025708,0.002211982610025708,0.0020742667171695676,0.0013251673760526095
2024-01-01,CORE5_mean_squared_next_daily_asset_return,1706140800000000,1706227200000000,0.00015388371931229276,0.002152578905847233,0.002152578905847233,0.0020742667171695676,0.00128860996889128
2024-01-01,CORE5_mean_squared_next_daily_asset_return,1706227200000000,1706313600000000,0.001663155669781096,0.002348080514432952,0.002348080514432952,0.0020742667171695676,0.0012665017852795204
2024-01-01,CORE5_mean_squared_next_daily_asset_return,1706313600000000,1706400000000000,0.000106522037347056,0.002073906648497795,0.002073906648497795,0.0020742667171695676,0.0013027710468847382
2024-01-01,CORE5_mean_squared_next_daily_asset_return,1706400000000000,1706486400000000,0.00015214589875596788,0.0017758970757289932,0.0017758970757289932,0.0020742667171695676,0.0012680756782590306
2024-01-01,CORE5_mean_squared_next_daily_asset_return,1706486400000000,1706572800000000,0.001322984863634593,0.0017758053832801477,0.0017758053832801477,0.0020742667171695676,0.0010733947543217705
2024-01-01,CORE5_mean_squared_next_daily_asset_return,1706572800000000,1706659200000000,0.0005316966427410124,0.0015905530278025695,0.0015905530278025695,0.0020742667171695676,0.0011235327593860306
2024-01-01,CORE5_mean_squared_next_daily_asset_return,1706659200000000,1706745600000000,0.0006065620730903058,0.0015234401344779865,0.0015234401344779865,0.0020742667171695676,0.000975092171652952
2024-01-01,CORE5_mean_squared_next_daily_asset_return,1706745600000000,1706832000000000,8.004328637988735e-05,0.001875053878265519,0.001875053878265519,0.0020742667171695676,0.0009957579342996811
2024-01-01,CORE5_mean_squared_next_daily_asset_return,1706832000000000,1706918400000000,0.0001810157840041604,0.0017032043442797148,0.0017032043442797148,0.0020742667171695676,0.0008105257863915269
2024-01-01,CORE5_mean_squared_next_daily_asset_return,1706918400000000,1707004800000000,0.00021121129919641357,0.001683098546247148,0.001683098546247148,0.0020742667171695676,0.0007969032878468597
2024-01-01,CORE5_mean_squared_next_daily_asset_return,1707004800000000,1707091200000000,0.00033721465247600667,0.0017425842764554693,0.0017425842764554693,0.0020742667171695676,0.0007787169844825736
2024-01-01,CORE5_mean_squared_next_daily_asset_return,1707091200000000,1707177600000000,1.8112773051883756e-05,0.001786261432319955,0.001786261432319955,0.0020742667171695676,0.0007876854641597385
2024-01-01,CORE5_mean_squared_next_daily_asset_return,1707177600000000,1707264000000000,0.00024388566410167095,0.0016571923817904996,0.0016571923817904996,0.0020742667171695676,0.0007653321906632122
2024-01-01,CORE5_mean_squared_next_daily_asset_return,1707264000000000,1707350400000000,0.0008039835415581209,0.0016039437715556011,0.0016039437715556011,0.0020742667171695676,0.0007482909704098139
2024-01-01,CORE5_mean_squared_next_daily_asset_return,1707350400000000,1707436800000000,0.00014476500580627447,0.001698825102650146,0.001698825102650146,0.0020742667171695676,0.0006952322751196365
2024-01-01,CORE5_mean_squared_next_daily_asset_return,1707436800000000,1707523200000000,0.001008312687883261,0.001593827057323373,0.001593827057323373,0.0020742667171695676,0.0006979677656876076
2024-01-01,CORE5_mean_squared_next_daily_asset_return,1707523200000000,1707609600000000,0.00011838984721139463,0.0013375033569785308,0.0013375033569785308,0.0020742667171695676,0.0006078347034505327
2024-01-01,CORE5_mean_squared_next_daily_asset_return,1707609600000000,1707696000000000,7.24611117443496e-05,0.0012293098903250646,0.0012293098903250646,0.0020742667171695676,0.0006011601274732278
2024-01-01,CORE5_mean_squared_next_daily_asset_return,1707696000000000,1707782400000000,0.0013664648724905088,0.0013082746880243182,0.0013082746880243182,0.0020742667171695676,0.00043968318692618374
2024-01-01,CORE5_mean_squared_next_daily_asset_return,1707782400000000,1707868800000000,0.0001001743787440442,0.0012506008747703672,0.0012506008747703672,0.0020742667171695676,0.00048516450632729666
2024-01-01,CORE5_mean_squared_next_daily_asset_return,1707868800000000,1707955200000000,0.001951643892034794,0.0013005287298709861,0.0013005287298709861,0.0020742667171695676,0.00046114929046551503
2024-01-01,CORE5_mean_squared_next_daily_asset_return,1707955200000000,1708041600000000,0.0006556292517107811,0.0012775941212864704,0.0012775941212864704,0.0020742667171695676,0.0005510372991016401
2024-01-01,CORE5_mean_squared_next_daily_asset_return,1708041600000000,1708128000000000,0.00018784853894215423,0.0013581623990233552,0.0013581623990233552,0.0020742667171695676,0.0005006609781981243
2024-01-01,CORE5_mean_squared_next_daily_asset_return,1708128000000000,1708214400000000,0.00033633261800225826,0.001570808979208998,0.001570808979208998,0.0020742667171695676,0.0005047273032778792
2024-01-01,CORE5_mean_squared_next_daily_asset_return,1708214400000000,1708300800000000,0.0005581367544968676,0.0019418928999210693,0.0019418928999210693,0.0020742667171695676,0.0005139366392401938
2024-01-01,CORE5_mean_squared_next_daily_asset_return,1708300800000000,1708387200000000,0.000630196972157229,0.0020408611037697104,0.0020408611037697104,0.0020742667171695676,0.0004756942337833074
2024-01-01,CORE5_mean_squared_next_daily_asset_return,1708387200000000,1708473600000000,0.0005744739711101697,0.002414076149751233,0.002414076149751233,0.0020742667171695676,0.0004806192502541183
2024-01-01,CORE5_mean_squared_next_daily_asset_return,1708473600000000,1708560000000000,0.0004256486054494132,0.0024667009128493257,0.0024667009128493257,0.0020742667171695676,0.0004790148451551115
2024-01-01,CORE5_mean_squared_next_daily_asset_return,1708560000000000,1708646400000000,0.00027188122447529726,0.002591820027689503,0.002591820027689503,0.0020742667171695676,0.0004962951111085878
2024-01-01,CORE5_mean_squared_next_daily_asset_return,1708646400000000,1708732800000000,0.00017874179244045476,0.0027716541149677264,0.0027716541149677264,0.0020742667171695676,0.0005008383831321447
2024-01-01,CORE5_mean_squared_next_daily_asset_return,1708732800000000,1708819200000000,0.0006725107689874268,0.002959824575407715,0.002959824575407715,0.0020742667171695676,0.0004992149077943468
2024-01-01,CORE5_mean_squared_next_daily_asset_return,1708819200000000,1708905600000000,0.00033653605995879375,0.0029204935484170146,0.0029204935484170146,0.0020742667171695676,0.0005159797136199178
2024-01-01,CORE5_mean_squared_next_daily_asset_return,1708905600000000,1708992000000000,0.0017368215704888237,0.002883178356102344,0.002883178356102344,0.0020742667171695676,0.0005319008779652633
2024-01-01,CORE5_mean_squared_next_daily_asset_return,1708992000000000,1709078400000000,0.003157201787124038,0.002786641538433525,0.002786641538433525,0.0020742667171695676,0.0006065476732846209
2024-01-01,CORE5_mean_squared_next_daily_asset_return,1709078400000000,1709164800000000,0.011310795603693514,0.0024913071052236483,0.0024913071052236483,0.0020742667171695676,0.0007242085855629167
2024-01-01,CORE5_mean_squared_next_daily_asset_return,1709164800000000,1709251200000000,0.0007973268849615258,0.002637995066650143,0.002637995066650143,0.0020742667171695676,0.0012825101154572787
2024-01-01,CORE5_mean_squared_next_daily_asset_return,1709251200000000,1709337600000000,0.0076149572511253925,0.0023161725622452,0.0023161725622452,0.0020742667171695676,0.001271960825311192
2024-01-01,CORE5_mean_squared_next_daily_asset_return,1709337600000000,1709424000000000,0.0011097901304844896,0.0025229752072529416,0.0025229752072529416,0.0020742667171695676,0.0016467891955068918
2024-01-01,CORE5_mean_squared_next_daily_asset_return,1709424000000000,1709510400000000,0.001594686795549099,0.0029757379921637327,0.0029757379921637327,0.0020742667171695676,0.0016986556464438987
2024-04-01,equal_weight_CORE5_next_daily_return,1711929600000000,1712016000000000,-0.04214740675891877,0.0014493900811268195,0.0014493900811268195,0.0011922124433186518,0.003922921398294097
2024-04-01,equal_weight_CORE5_next_daily_return,1712016000000000,1712102400000000,-0.06638545330020992,0.0014676634604393144,0.0014676634604393144,0.0011922124433186518,0.0032398699138818363
2024-04-01,equal_weight_CORE5_next_daily_return,1712102400000000,1712188800000000,-0.004510645966780547,0.001025051777915429,0.001025051777915429,0.0011922124433186518,-0.0012857484818416635
2024-04-01,equal_weight_CORE5_next_daily_return,1712188800000000,1712275200000000,0.019507232462853664,0.001034953253838599,0.001034953253838599,0.0011922124433186518,-0.0019553161651466883
2024-04-01,equal_weight_CORE5_next_daily_return,1712275200000000,1712361600000000,-0.018268706419032908,0.0009807691705481657,0.0009807691705481657,0.0011922124433186518,0.0005295898729486984
2024-04-01,equal_weight_CORE5_next_daily_return,1712361600000000,1712448000000000,0.021793435752450786,0.0009566448288988206,0.0009566448288988206,0.0011922124433186518,0.0026929463872790954
2024-04-01,equal_weight_CORE5_next_daily_return,1712448000000000,1712534400000000,0.023132128108659167,0.0009066159523371272,0.0009066159523371272,0.0011922124433186518,0.0007843376884750276
2024-04-01,equal_weight_CORE5_next_daily_return,1712534400000000,1712620800000000,0.032631076144307956,0.001313278888904843,0.001313278888904843,0.0011922124433186518,0.0029626842983553362
2024-04-01,equal_weight_CORE5_next_daily_return,1712620800000000,1712707200000000,-0.03985977732367738,0.0010722237517078077,0.0010722237517078077,0.0011922124433186518,0.009767396521147565
2024-04-01,equal_weight_CORE5_next_daily_return,1712707200000000,1712793600000000,0.01980952472966622,0.0005000593300629098,0.0005000593300629098,0.0011922124433186518,0.0021380355820518806
2024-04-01,equal_weight_CORE5_next_daily_return,1712793600000000,1712880000000000,-0.014082764897700462,0.0008344122165298668,0.0008344122165298668,0.0011922124433186518,0.0034772375059831107
2024-04-01,equal_weight_CORE5_next_daily_return,1712880000000000,1712966400000000,-0.08679673326809398,0.0008254150629519257,0.0008254150629519257,0.0011922124433186518,0.004334197699311292
2024-04-01,equal_weight_CORE5_next_daily_return,1712966400000000,1713052800000000,-0.0927734873607428,0.0008348355819989774,0.0008348355819989774,0.0011922124433186518,-0.0005409186529733489
2024-04-01,equal_weight_CORE5_next_daily_return,1713052800000000,1713139200000000,0.05593519955839166,0.0005926983491051495,0.0005926983491051495,0.0011922124433186518,-0.007879262111714014
2024-04-01,equal_weight_CORE5_next_daily_return,1713139200000000,1713225600000000,-0.03020022184704667,0.0005507855387188434,0.0005507855387188434,0.0011922124433186518,-0.006201093093092197
2024-04-01,equal_weight_CORE5_next_daily_return,1713225600000000,1713312000000000,-0.010232285385661188,0.0005444547051529261,0.0005444547051529261,0.0011922124433186518,-0.008065704834699915
2024-04-01,equal_weight_CORE5_next_daily_return,1713312000000000,1713398400000000,-0.03218795556004646,0.0006521485096552591,0.0006521485096552591,0.0011922124433186518,-0.00818533059870629
2024-04-01,equal_weight_CORE5_next_daily_return,1713398400000000,1713484800000000,0.03731158833430794,0.0006717504026075982,0.0006717504026075982,0.0011922124433186518,-0.01209213293384736
2024-04-01,equal_weight_CORE5_next_daily_return,1713484800000000,1713571200000000,0.006861844017711105,0.0008386288017210048,0.0008386288017210048,0.0011922124433186518,-0.009843984651564667
2024-04-01,equal_weight_CORE5_next_daily_return,1713571200000000,1713657600000000,0.040468761237976957,0.0010202090718587843,0.0010202090718587843,0.0011922124433186518,-0.00876831801600336
2024-04-01,equal_weight_CORE5_next_daily_return,1713657600000000,1713744000000000,-0.010655119816728087,0.001291626380948992,0.001291626380948992,0.0011922124433186518,-0.008999732387079282
2024-04-01,equal_weight_CORE5_next_daily_return,1713744000000000,1713830400000000,0.03587763289988795,0.0012195589633081782,0.0012195589633081782,0.0011922124433186518,-0.007425118039969746
2024-04-01,equal_weight_CORE5_next_daily_return,1713830400000000,1713916800000000,-0.008625436497071814,0.001197439114786787,0.001197439114786787,0.0011922124433186518,-0.002311963729964855
2024-04-01,equal_weight_CORE5_next_daily_return,1713916800000000,1714003200000000,-0.03729857880059053,0.002110481590933103,0.002110481590933103,0.0011922124433186518,-0.0025177032564794163
2024-04-01,equal_weight_CORE5_next_daily_return,1714003200000000,1714089600000000,-0.0030923485242062344,0.0021781967442022557,0.0021781967442022557,0.0011922124433186518,-0.005357993819651625
2024-04-01,equal_weight_CORE5_next_daily_return,1714089600000000,1714176000000000,-0.015677503468795394,0.002234672996629828,0.002234672996629828,0.0011922124433186518,-0.004599175924910294
2024-04-01,equal_weight_CORE5_next_daily_return,1714176000000000,1714262400000000,0.006405689156113637,0.002210120136853463,0.002210120136853463,0.0011922124433186518,-0.006472722885972599
2024-04-01,equal_weight_CORE5_next_daily_return,1714262400000000,1714348800000000,-0.00967756121896759,0.002294304470554037,0.002294304470554037,0.0011922124433186518,-0.0073090448335998755
2024-04-01,equal_weight_CORE5_next_daily_return,1714348800000000,1714435200000000,-0.003328498464348928,0.002390407556786306,0.002390407556786306,0.0011922124433186518,-0.009424476701763655
2024-04-01,equal_weight_CORE5_next_daily_return,1714435200000000,1714521600000000,-0.058216265541818045,0.0023683373898471783,0.0023683373898471783,0.0011922124433186518,-0.007597912758797232
2024-04-01,equal_weight_CORE5_next_daily_return,1714521600000000,1714608000000000,0.003916035497357884,0.002420405008452555,0.002420405008452555,0.0011922124433186518,-0.011499202272371447
2024-04-01,equal_weight_CORE5_next_daily_return,1714608000000000,1714694400000000,0.010778736272694678,0.002256156092477436,0.002256156092477436,0.0011922124433186518,-0.010599262252618527
2024-04-01,equal_weight_CORE5_next_daily_return,1714694400000000,1714780800000000,0.05607451599454962,0.0023918111937538443,0.0023918111937538443,0.0011922124433186518,-0.005720488775579097
2024-04-01,equal_weight_CORE5_next_daily_return,1714780800000000,1714867200000000,0.026303654598217797,0.001890485894770737,0.001890485894770737,0.0011922124433186518,0.0017219113921855239
2024-04-01,equal_weight_CORE5_next_daily_return,1714867200000000,1714953600000000,0.001985452954348954,0.0014207168206940902,0.0014207168206940902,0.0011922124433186518,0.00024033414417683197
2024-04-01,equal_weight_CORE5_next_daily_return,1714953600000000,1715040000000000,0.0008667262176174972,0.0017228348505859113,0.0017228348505859113,0.0011922124433186518,0.0018496178842466126
2024-04-01,equal_weight_CORE5_next_daily_return,1715040000000000,1715126400000000,-0.026677555036781708,0.0015269118057085788,0.0015269118057085788,0.0011922124433186518,0.002404568464410546
2024-04-01,equal_weight_CORE5_next_daily_return,1715126400000000,1715212800000000,-0.025693421769298674,0.0018832639937096424,0.0018832639937096424,0.0011922124433186518,0.0026800884905737845
2024-04-01,equal_weight_CORE5_next_daily_return,1715212800000000,1715299200000000,0.0389477982530972,0.0013836916012963014,0.0013836916012963014,0.0011922124433186518,-0.00047016201460654654
2024-04-01,equal_weight_CORE5_next_daily_return,1715299200000000,1715385600000000,-0.04211906421642766,0.0013259075683045697,0.0013259075683045697,0.0011922124433186518,0.0011341356971627582
2024-04-01,equal_weight_CORE5_next_daily_return,1715385600000000,1715472000000000,-0.00018069345875120212,0.0009443388578287914,0.0009443388578287914,0.0011922124433186518,-0.0029952555755574715
2024-04-01,equal_weight_CORE5_next_daily_return,1715472000000000,1715558400000000,-0.004814768130562319,0.0011971614806893438,0.0011971614806893438,0.0011922124433186518,-0.0024715342576586276
2024-04-01,equal_weight_CORE5_next_daily_return,1715558400000000,1715644800000000,0.025009711888127662,0.0013335889155215333,0.0013335889155215333,0.0011922124433186518,-0.004506154309181142
2024-04-01,equal_weight_CORE5_next_daily_return,1715644800000000,1715731200000000,-0.022732320568712838,0.001702301324900567,0.001702301324900567,0.0011922124433186518,-0.0028243968899211666
2024-04-01,equal_weight_CORE5_next_daily_return,1715731200000000,1715817600000000,0.0696298478412631,0.0016784528165142921,0.0016784528165142921,0.0011922124433186518,-0.0020960839783272824
2024-04-01,equal_weight_CORE5_next_daily_return,1715817600000000,1715904000000000,-0.016014130521129544,0.0015931217800839897,0.0015931217800839897,0.0011922124433186518,0.0015400258399461846
2024-04-01,equal_weight_CORE5_next_daily_return,1715904000000000,1715990400000000,0.0388072897827918,0.0016127198441409961,0.0016127198441409961,0.0011922124433186518,0.001523194487329476
2024-04-01,equal_weight_CORE5_next_daily_return,1715990400000000,1716076800000000,0.0011408437759984126,0.0016941995251414385,0.0016941995251414385,0.0011922124433186518,0.0031432745186633845
2024-04-01,equal_weight_CORE5_next_daily_return,1716076800000000,1716163200000000,-0.017822381132201203,0.001754237519631291,0.001754237519631291,0.0011922124433186518,0.003684194768411684
2024-04-01,equal_weight_CORE5_next_daily_return,1716163200000000,1716249600000000,0.1081167780441005,0.0015053022383912542,0.0015053022383912542,0.0011922124433186518,0.0029595006350190698
2024-04-01,equal_weight_CORE5_next_daily_return,1716249600000000,1716336000000000,-0.00048193019017255255,0.0012107981534875756,0.0012107981534875756,0.0011922124433186518,0.011276152814314998
2024-04-01,equal_weight_CORE5_next_daily_return,1716336000000000,1716422400000000,-0.015106085540309322,0.0012967151248027844,0.0012967151248027844,0.0011922124433186518,0.011056254529938475
2024-04-01,equal_weight_CORE5_next_daily_return,1716422400000000,1716508800000000,-0.009397918640951986,0.001405620738433359,0.001405620738433359,0.0011922124433186518,0.009762013439288276
2024-04-01,equal_weight_CORE5_next_daily_return,1716508800000000,1716595200000000,-0.0028816569514267033,0.0009614395276334488,0.0009614395276334488,0.0011922124433186518,0.006488391707513194
2024-04-01,equal_weight_CORE5_next_daily_return,1716595200000000,1716681600000000,0.018679108892616238,0.001041201288720689,0.001041201288720689,0.0011922124433186518,0.00502912613003097
2024-04-01,equal_weight_CORE5_next_daily_return,1716681600000000,1716768000000000,-0.017969550070018457,0.0013404912876065316,0.0013404912876065316,0.0011922124433186518,0.005863808926944334
2024-04-01,equal_weight_CORE5_next_daily_return,1716768000000000,1716854400000000,0.02029916121230473,0.0014140340371557175,0.0014140340371557175,0.0011922124433186518,0.004921995112562536
2024-04-01,equal_weight_CORE5_next_daily_return,1716854400000000,1716940800000000,-0.01392344550633735,0.001737469006082242,0.001737469006082242,0.0011922124433186518,0.007270830925016859
2024-04-01,equal_weight_CORE5_next_daily_return,1716940800000000,1717027200000000,-0.010013289508459765,0.001598781351843778,0.001598781351843778,0.0011922124433186518,0.007859329738164925
2024-04-01,equal_weight_CORE5_next_daily_return,1717027200000000,1717113600000000,-0.00789982372233855,0.0015474330519640535,0.0015474330519640535,0.0011922124433186518,0.005411275350087076
2024-04-01,equal_weight_CORE5_next_daily_return,1717113600000000,1717200000000000,-0.004120572190455118,0.002336499253977309,0.002336499253977309,0.0011922124433186518,0.007122237374791533
2024-04-01,equal_weight_CORE5_next_daily_return,1717200000000000,1717286400000000,0.006175232238444161,0.0025430040787939893,0.0025430040787939893,0.0011922124433186518,0.006925243438206337
2024-04-01,equal_weight_CORE5_next_daily_return,1717286400000000,1717372800000000,-0.011436123818990996,0.0024156592866721935,0.0024156592866721935,0.0011922124433186518,0.007474743456656661
2024-04-01,CORE5_mean_squared_next_daily_asset_return,1711929600000000,1712016000000000,0.002039959643534094,0.002088781851776665,0.002088781851776665,0.0020524888746561542,0.003177963596491731
2024-04-01,CORE5_mean_squared_next_daily_asset_return,1712016000000000,1712102400000000,0.004935411614081823,0.00231319094101719,0.00231319094101719,0.0020524888746561542,0.003188597866311191
2024-04-01,CORE5_mean_squared_next_daily_asset_return,1712102400000000,1712188800000000,0.0004921767166050625,0.002801144084121696,0.002801144084121696,0.0020524888746561542,0.0033572757186712183
2024-04-01,CORE5_mean_squared_next_daily_asset_return,1712188800000000,1712275200000000,0.000667946801357619,0.00264818235583689,0.00264818235583689,0.0020524888746561542,0.003273732926329968
2024-04-01,CORE5_mean_squared_next_daily_asset_return,1712275200000000,1712361600000000,0.0006425541318667377,0.0024684043163971333,0.0024684043163971333,0.0020524888746561542,0.0031828886078786754
2024-04-01,CORE5_mean_squared_next_daily_asset_return,1712361600000000,1712448000000000,0.0006757787008736414,0.0027751867699799823,0.0027751867699799823,0.0020524888746561542,0.0029529202810875824
2024-04-01,CORE5_mean_squared_next_daily_asset_return,1712448000000000,1712534400000000,0.0012073573643533431,0.002433797015997957,0.002433797015997957,0.0020524888746561542,0.002759103636118827
2024-04-01,CORE5_mean_squared_next_daily_asset_return,1712534400000000,1712620800000000,0.0015157107138981825,0.002080600232439517,0.002080600232439517,0.0020524888746561542,0.002732241984298141
2024-04-01,CORE5_mean_squared_next_daily_asset_return,1712620800000000,1712707200000000,0.0020690651174581436,0.0019523759531734884,0.0019523759531734884,0.0020524888746561542,0.0022589706184072762
2024-04-01,CORE5_mean_squared_next_daily_asset_return,1712707200000000,1712793600000000,0.000759157212630865,0.002172838244809991,0.002172838244809991,0.0020524888746561542,0.0016280503181893258
2024-04-01,CORE5_mean_squared_next_daily_asset_return,1712793600000000,1712880000000000,0.00026931574195479074,0.0019496090169916003,0.0019496090169916003,0.0020524888746561542,0.0015834477176272497
2024-04-01,CORE5_mean_squared_next_daily_asset_return,1712880000000000,1712966400000000,0.008186667943427074,0.002033046835344362,0.002033046835344362,0.0020524888746561542,0.0015410715507583584
2024-04-01,CORE5_mean_squared_next_daily_asset_return,1712966400000000,1713052800000000,0.009499229125308529,0.0026337277962855113,0.0026337277962855113,0.0020524888746561542,0.001912986356315298
2024-04-01,CORE5_mean_squared_next_daily_asset_return,1713052800000000,1713139200000000,0.003584718623455494,0.003390851875826877,0.003390851875826877,0.0020524888746561542,0.0022174320510415053
2024-04-01,CORE5_mean_squared_next_daily_asset_return,1713139200000000,1713225600000000,0.0017360620535691474,0.0030900100787014904,0.0030900100787014904,0.0020524888746561542,0.0023558665863647062
2024-04-01,CORE5_mean_squared_next_daily_asset_return,1713225600000000,1713312000000000,0.0002772282835504123,0.0033204563023638565,0.0033204563023638565,0.0020524888746561542,0.0024240863302380797
2024-04-01,CORE5_mean_squared_next_daily_asset_return,1713312000000000,1713398400000000,0.001319159979777734,0.0032669643959982097,0.0032669643959982097,0.0020524888746561542,0.002396605088272743
2024-04-01,CORE5_mean_squared_next_daily_asset_return,1713398400000000,1713484800000000,0.001838104096152881,0.0029397074913951843,0.0029397074913951843,0.0020524888746561542,0.0022088047324987283
2024-04-01,CORE5_mean_squared_next_daily_asset_return,1713484800000000,1713571200000000,0.00015637070641964524,0.002410117711012523,0.002410117711012523,0.0020524888746561542,0.0022843545437913346
2024-04-01,CORE5_mean_squared_next_daily_asset_return,1713571200000000,1713657600000000,0.0018659436188093632,0.0025082716057219785,0.0025082716057219785,0.0020524888746561542,0.002246177340285902
2024-04-01,CORE5_mean_squared_next_daily_asset_return,1713657600000000,1713744000000000,0.00020938913331113566,0.0024075235309091248,0.0024075235309091248,0.0020524888746561542,0.0021868959094542293
2024-04-01,CORE5_mean_squared_next_daily_asset_return,1713744000000000,1713830400000000,0.00161575205351564,0.0024075952950098943,0.0024075952950098943,0.0020524888746561542,0.0020953673839430803
2024-04-01,CORE5_mean_squared_next_daily_asset_return,1713830400000000,1713916800000000,0.00015343787181568044,0.0019229914275148557,0.0019229914275148557,0.0020524888746561542,0.001929384405914772
2024-04-01,CORE5_mean_squared_next_daily_asset_return,1713916800000000,1714003200000000,0.0014957351904223055,0.0019477305826488547,0.0019477305826488547,0.0020524888746561542,0.0019124474636753035
2024-04-01,CORE5_mean_squared_next_daily_asset_return,1714003200000000,1714089600000000,8.829915240536734e-05,0.0020890969860807703,0.0020890969860807703,0.0020524888746561542,0.0019538368831285378
2024-04-01,CORE5_mean_squared_next_daily_asset_return,1714089600000000,1714176000000000,0.0004312186091040028,0.0021919152451159844,0.0021919152451159844,0.0020524888746561542,0.0019261241341554688
2024-04-01,CORE5_mean_squared_next_daily_asset_return,1714176000000000,1714262400000000,0.00041014308006490443,0.0021842266061046873,0.0021842266061046873,0.0020524888746561542,0.001913896129566987
2024-04-01,CORE5_mean_squared_next_daily_asset_return,1714262400000000,1714348800000000,0.0001722713169287465,0.002273998457939328,0.002273998457939328,0.0020524888746561542,0.001874035415352565
2024-04-01,CORE5_mean_squared_next_daily_asset_return,1714348800000000,1714435200000000,0.00018654490282626982,0.002186004407068736,0.002186004407068736,0.0020524888746561542,0.0018068634455040936
2024-04-01,CORE5_mean_squared_next_daily_asset_return,1714435200000000,1714521600000000,0.0037171800394240908,0.002023914065662341,0.002023914065662341,0.0020524888746561542,0.0017127374347724995
2024-04-01,CORE5_mean_squared_next_daily_asset_return,1714521600000000,1714608000000000,0.0014463604154093018,0.0023045370905392104,0.0023045370905392104,0.0020524888746561542,0.001860638576112161
2024-04-01,CORE5_mean_squared_next_daily_asset_return,1714608000000000,1714694400000000,0.000171016509629629,0.0022612505483567006,0.0022612505483567006,0.0020524888746561542,0.0019194908097848865
2024-04-01,CORE5_mean_squared_next_daily_asset_return,1714694400000000,1714780800000000,0.003944577843410674,0.0022001787590481075,0.0022001787590481075,0.0020524888746561542,0.0015187082380950139
2024-04-01,CORE5_mean_squared_next_daily_asset_return,1714780800000000,1714867200000000,0.0019740400159975677,0.002102415140995091,0.002102415140995091,0.0020524888746561542,0.0012409756740001214
2024-04-01,CORE5_mean_squared_next_daily_asset_return,1714867200000000,1714953600000000,1.5718116419098887e-05,0.0019620440596274215,0.0019620440596274215,0.0020524888746561542,0.001160441743627225
2024-04-01,CORE5_mean_squared_next_daily_asset_return,1714953600000000,1715040000000000,0.0008567273970666696,0.0016564600830056382,0.0016564600830056382,0.0020524888746561542,0.0010744245467697226
2024-04-01,CORE5_mean_squared_next_daily_asset_return,1715040000000000,1715126400000000,0.0008074714984198919,0.0016727483178922249,0.0016727483178922249,0.0020524888746561542,0.0011033995024455354
2024-04-01,CORE5_mean_squared_next_daily_asset_return,1715126400000000,1715212800000000,0.0008642760951452829,0.0019010090566861043,0.0019010090566861043,0.0020524888746561542,0.0010778150783776433
2024-04-01,CORE5_mean_squared_next_daily_asset_return,1715212800000000,1715299200000000,0.0021386474549702846,0.002131140935640526,0.002131140935640526,0.0020524888746561542,0.0010291236783272633
2024-04-01,CORE5_mean_squared_next_daily_asset_return,1715299200000000,1715385600000000,0.0018202129068395855,0.002155308622602272,0.002155308622602272,0.0020524888746561542,0.0011282375157547955
2024-04-01,CORE5_mean_squared_next_daily_asset_return,1715385600000000,1715472000000000,2.1504715347900794e-05,0.002263240807376229,0.002263240807376229,0.0020524888746561542,0.0011259509801563063
2024-04-01,CORE5_mean_squared_next_daily_asset_return,1715472000000000,1715558400000000,0.00013763029286091786,0.002216432795230192,0.002216432795230192,0.0020524888746561542,0.0011165567592581445
2024-04-01,CORE5_mean_squared_next_daily_asset_return,1715558400000000,1715644800000000,0.0008770943127094112,0.0020899165840350988,0.0020899165840350988,0.0020524888746561542,0.0010426506712254088
2024-04-01,CORE5_mean_squared_next_daily_asset_return,1715644800000000,1715731200000000,0.0005932355900296143,0.0018249510895383496,0.0018249510895383496,0.0020524888746561542,0.0010788334932700953
2024-04-01,CORE5_mean_squared_next_daily_asset_return,1715731200000000,1715817600000000,0.005554050351173972,0.0020051375311213797,0.0020051375311213797,0.0020524888746561542,0.0010337085132504605
2024-04-01,CORE5_mean_squared_next_daily_asset_return,1715817600000000,1715904000000000,0.00048557537280269797,0.0017764482002524513,0.0017764482002524513,0.0020524888746561542,0.0013069960731888909
2024-04-01,CORE5_mean_squared_next_daily_asset_return,1715904000000000,1715990400000000,0.0017926172162398043,0.0018413837158330277,0.0018413837158330277,0.0020524888746561542,0.0013097139113738255
2024-04-01,CORE5_mean_squared_next_daily_asset_return,1715990400000000,1716076800000000,0.0001378674987446567,0.001614880894927196,0.001614880894927196,0.0020524888746561542,0.0013788376181825706
2024-04-01,CORE5_mean_squared_next_daily_asset_return,1716076800000000,1716163200000000,0.0003520106122736312,0.0016884461141462783,0.0016884461141462783,0.0020524888746561542,0.0013771174272733662
2024-04-01,CORE5_mean_squared_next_daily_asset_return,1716163200000000,1716249600000000,0.013872803245698237,0.0016412598013035248,0.0016412598013035248,0.0020524888746561542,0.0013853907127457342
2024-04-01,CORE5_mean_squared_next_daily_asset_return,1716249600000000,1716336000000000,0.000885698827438962,0.0017583686139772247,0.0017583686139772247,0.0020524888746561542,0.0018931718730594415
2024-04-01,CORE5_mean_squared_next_daily_asset_return,1716336000000000,1716422400000000,0.0002607222056404744,0.0017377913401075244,0.0017377913401075244,0.0020524888746561542,0.0018651387936609244
2024-04-01,CORE5_mean_squared_next_daily_asset_return,1716422400000000,1716508800000000,0.00041592105923071287,0.0020598866098214285,0.0020598866098214285,0.0020524888746561542,0.0018696240784614668
2024-04-01,CORE5_mean_squared_next_daily_asset_return,1716508800000000,1716595200000000,0.0006997005886334673,0.00205906875182477,0.00205906875182477,0.0020524888746561542,0.0016931912392524682
2024-04-01,CORE5_mean_squared_next_daily_asset_return,1716595200000000,1716681600000000,0.0008324445269159465,0.0019237094540367618,0.0019237094540367618,0.0020524888746561542,0.0016294742678842635
2024-04-01,CORE5_mean_squared_next_daily_asset_return,1716681600000000,1716768000000000,0.0008056386376504674,0.0022873159387061266,0.0022873159387061266,0.0020524888746561542,0.001670310588409106
2024-04-01,CORE5_mean_squared_next_daily_asset_return,1716768000000000,1716854400000000,0.0005284776961294305,0.002367103517152245,0.002367103517152245,0.0020524888746561542,0.0016677561504382956
2024-04-01,CORE5_mean_squared_next_daily_asset_return,1716854400000000,1716940800000000,0.00022456772750759999,0.002302416474422693,0.002302416474422693,0.0020524888746561542,0.0016538064603237724
2024-04-01,CORE5_mean_squared_next_daily_asset_return,1716940800000000,1717027200000000,0.00013430062861449787,0.002313860832283614,0.002313860832283614,0.0020524888746561542,0.0016218210419418886
2024-04-01,CORE5_mean_squared_next_daily_asset_return,1717027200000000,1717113600000000,0.00020571788397981205,0.002285324682781476,0.002285324682781476,0.0020524888746561542,0.0015216037006240996
2024-04-01,CORE5_mean_squared_next_daily_asset_return,1717113600000000,1717200000000000,4.50714725674855e-05,0.0019283402278414802,0.0019283402278414802,0.0020524888746561542,0.001440878949481111
2024-04-01,CORE5_mean_squared_next_daily_asset_return,1717200000000000,1717286400000000,5.889607575398981e-05,0.001856785623930432,0.001856785623930432,0.0020524888746561542,0.0014420572873420899
2024-04-01,CORE5_mean_squared_next_daily_asset_return,1717286400000000,1717372800000000,0.0001839847993364708,0.0018426023988614058,0.0018426023988614058,0.0020524888746561542,0.0014381205764867435
